sending incremental file list
WSI/MergeSlide_TTA/rsync_wsi.log

             30 100%    0.00kB/s    0:00:00  
             30 100%    0.00kB/s    0:00:00 (xfr#1, ir-chk=1538/1557)
WSI/MergeSlide_TTA/notebooks/WSI_processing.ipynb

          1,384   0%  337.89kB/s    0:00:05  
      1,919,913 100%  203.44MB/s    0:00:00 (xfr#2, ir-chk=1413/1557)
WSI/MergeSlide_TTA/notebooks/log/extract_19504.out

          2,016   0%   49.22kB/s    0:01:23  
      4,097,511 100%   75.15MB/s    0:00:00 (xfr#3, ir-chk=1115/2105)
WSI/dataset/TCGA-ESCA/
WSI/dataset/TCGA-ESCA/gdc_manifest.2026-04-27.230728.txt

         32,768  53%    0.00kB/s    0:00:00  
         61,022 100%   26.95MB/s    0:00:00 (xfr#4, ir-chk=1397/11409)
WSI/dataset/TCGA-ESCA/004f2ad3-5670-4685-b9c3-2956f59367d9/
WSI/dataset/TCGA-ESCA/004f2ad3-5670-4685-b9c3-2956f59367d9/TCGA-2H-A9GN-11A-01-TS1.18648D24-E784-4832-989D-02AAC270444A.svs

         32,768   0%    1.95MB/s    0:00:29  
     58,337,249 100%  112.39MB/s    0:00:00 (xfr#5, ir-chk=1001/11410)
WSI/dataset/TCGA-ESCA/004f2ad3-5670-4685-b9c3-2956f59367d9/logs/TCGA-2H-A9GN-11A-01-TS1.18648D24-E784-4832-989D-02AAC270444A.svs.parcel

          4,696 100%    9.19kB/s    0:00:00  
          4,696 100%    9.19kB/s    0:00:00 (xfr#6, ir-chk=1001/11412)
WSI/dataset/TCGA-ESCA/00559de0-c58d-4cdf-a3df-bb464f5c2d14/
WSI/dataset/TCGA-ESCA/00559de0-c58d-4cdf-a3df-bb464f5c2d14/TCGA-L5-A88S-01A-01-TS1.122DBBBA-4FBE-419C-8982-DEA7B920DF74.svs

         32,768   0%   63.62kB/s    1:14:34  
     73,924,608  25%   70.50MB/s    0:00:02  
    215,351,296  75%  102.69MB/s    0:00:00  
    284,711,901 100%  110.29MB/s    0:00:02 (xfr#7, ir-chk=1001/11413)
WSI/dataset/TCGA-ESCA/00559de0-c58d-4cdf-a3df-bb464f5c2d14/logs/TCGA-L5-A88S-01A-01-TS1.122DBBBA-4FBE-419C-8982-DEA7B920DF74.svs.parcel

         18,304 100%   38.28kB/s    0:00:00  
         18,304 100%   38.28kB/s    0:00:00 (xfr#8, ir-chk=1001/11415)
WSI/dataset/TCGA-ESCA/01f8c13b-06f6-49fa-b21c-d2ed78bb1ff3/
WSI/dataset/TCGA-ESCA/01f8c13b-06f6-49fa-b21c-d2ed78bb1ff3/TCGA-L5-A88T-01A-01-TS1.1DA37957-4BAB-4132-B941-7D587ED724FA.svs

         32,768   0%   67.23kB/s    0:43:03  
     92,930,048  53%   88.62MB/s    0:00:00  
    173,719,011 100%  112.40MB/s    0:00:01 (xfr#9, ir-chk=1003/11418)
WSI/dataset/TCGA-ESCA/01f8c13b-06f6-49fa-b21c-d2ed78bb1ff3/annotations.txt

            349 100%    0.71kB/s    0:00:00  
            349 100%    0.71kB/s    0:00:00 (xfr#10, ir-chk=1002/11418)
WSI/dataset/TCGA-ESCA/01f8c13b-06f6-49fa-b21c-d2ed78bb1ff3/logs/TCGA-L5-A88T-01A-01-TS1.1DA37957-4BAB-4132-B941-7D587ED724FA.svs.parcel

         11,500 100%   23.45kB/s    0:00:00  
         11,500 100%   23.45kB/s    0:00:00 (xfr#11, ir-chk=1000/11418)
WSI/dataset/TCGA-ESCA/0258d9b0-df47-4cee-a729-f7c57e1f4712/
WSI/dataset/TCGA-ESCA/0258d9b0-df47-4cee-a729-f7c57e1f4712/TCGA-LN-A4A6-01Z-00-DX1.643DDC8E-17D7-4939-ACE7-438CC2A1BD22.svs

         32,768   0%   66.12kB/s    4:34:55  
     79,429,632   7%   75.75MB/s    0:00:13  
    294,912,000  27%  140.70MB/s    0:00:05  
    530,186,240  48%  168.65MB/s    0:00:03  
    731,119,616  67%  173.32MB/s    0:00:02  
    886,964,224  81%  191.43MB/s    0:00:01  
  1,065,353,216  97%  182.64MB/s    0:00:00  
  1,090,677,374 100%  169.21MB/s    0:00:06 (xfr#12, ir-chk=1002/11421)
WSI/dataset/TCGA-ESCA/0258d9b0-df47-4cee-a729-f7c57e1f4712/logs/TCGA-LN-A4A6-01Z-00-DX1.643DDC8E-17D7-4939-ACE7-438CC2A1BD22.svs.parcel

         32,768  49%  251.97kB/s    0:00:00  
         65,943 100%  503.11kB/s    0:00:00 (xfr#13, ir-chk=1000/11421)
WSI/dataset/TCGA-ESCA/03282104-897b-46fb-9dc7-a6395125f0dd/
WSI/dataset/TCGA-ESCA/03282104-897b-46fb-9dc7-a6395125f0dd/TCGA-L5-A88Z-01A-01-TS1.5251875D-7BB0-4F51-8281-32E8237AEA2B.svs

         32,768   0%  242.42kB/s    0:15:22  
    127,008,768  56%  121.12MB/s    0:00:00  
    223,728,505 100%  122.48MB/s    0:00:01 (xfr#14, ir-chk=1002/11424)
WSI/dataset/TCGA-ESCA/03282104-897b-46fb-9dc7-a6395125f0dd/logs/TCGA-L5-A88Z-01A-01-TS1.5251875D-7BB0-4F51-8281-32E8237AEA2B.svs.parcel

         13,768 100%   18.07kB/s    0:00:00  
         13,768 100%   18.07kB/s    0:00:00 (xfr#15, ir-chk=1000/11424)
WSI/dataset/TCGA-ESCA/034d8a96-a419-4f06-bcf5-be65e18dc040/
WSI/dataset/TCGA-ESCA/034d8a96-a419-4f06-bcf5-be65e18dc040/TCGA-2H-A9GN-01A-01-TS1.25CAC379-651D-4628-890E-713099EBD5D7.svs

         32,768   0%   42.67kB/s    0:51:11  
     39,976,960  30%   38.12MB/s    0:00:02  
    131,099,987 100%   79.08MB/s    0:00:01 (xfr#16, ir-chk=1002/11427)
WSI/dataset/TCGA-ESCA/034d8a96-a419-4f06-bcf5-be65e18dc040/logs/TCGA-2H-A9GN-01A-01-TS1.25CAC379-651D-4628-890E-713099EBD5D7.svs.parcel

          9,232 100%   15.46kB/s    0:00:00  
          9,232 100%   15.46kB/s    0:00:00 (xfr#17, ir-chk=1000/11427)
WSI/dataset/TCGA-ESCA/03b3664c-3e52-430c-86d2-2c9d8b74edaa/
WSI/dataset/TCGA-ESCA/03b3664c-3e52-430c-86d2-2c9d8b74edaa/TCGA-LN-A4MR-01A-01-TSA.09941ABA-35AD-415C-BE4F-BFACB60BFD8C.svs

         32,768   0%   54.24kB/s    1:28:14  
     57,016,320  19%   54.38MB/s    0:00:04  
    189,923,328  66%   90.61MB/s    0:00:01  
    287,215,671 100%  100.00MB/s    0:00:02 (xfr#18, ir-chk=1002/11430)
WSI/dataset/TCGA-ESCA/03b3664c-3e52-430c-86d2-2c9d8b74edaa/logs/TCGA-LN-A4MR-01A-01-TSA.09941ABA-35AD-415C-BE4F-BFACB60BFD8C.svs.parcel

         18,304 100%   24.06kB/s    0:00:00  
         18,304 100%   24.06kB/s    0:00:00 (xfr#19, ir-chk=1000/11430)
WSI/dataset/TCGA-ESCA/03caf358-6e14-4d39-a250-18efdc30e860/
WSI/dataset/TCGA-ESCA/03caf358-6e14-4d39-a250-18efdc30e860/TCGA-R6-A6DQ-01Z-00-DX1.FDF43092-2537-448F-BF88-2709302534D1.svs

         32,768   0%   42.72kB/s    2:35:08  
     45,088,768  11%   43.00MB/s    0:00:08  
    211,288,064  53%  100.80MB/s    0:00:01  
    315,097,088  79%  100.20MB/s    0:00:00  
    397,742,715 100%  101.67MB/s    0:00:03 (xfr#20, ir-chk=1002/11433)
WSI/dataset/TCGA-ESCA/03caf358-6e14-4d39-a250-18efdc30e860/logs/TCGA-R6-A6DQ-01Z-00-DX1.FDF43092-2537-448F-BF88-2709302534D1.svs.parcel

         25,108 100%   33.41kB/s    0:00:00  
         25,108 100%   33.41kB/s    0:00:00 (xfr#21, ir-chk=1000/11433)
WSI/dataset/TCGA-ESCA/052ba07a-c295-4adc-a3c2-00c9596aacba/
WSI/dataset/TCGA-ESCA/052ba07a-c295-4adc-a3c2-00c9596aacba/TCGA-V5-A7RE-01A-01-TS1.4D082043-4E65-4E8A-9E38-F694E3AE9558.svs

         32,768   0%   43.36kB/s    0:13:27  
     35,058,109 100%   33.74MB/s    0:00:00 (xfr#22, ir-chk=1002/11436)
WSI/dataset/TCGA-ESCA/052ba07a-c295-4adc-a3c2-00c9596aacba/logs/TCGA-V5-A7RE-01A-01-TS1.4D082043-4E65-4E8A-9E38-F694E3AE9558.svs.parcel

          2,428 100%    2.39kB/s    0:00:00  
          2,428 100%    2.39kB/s    0:00:00 (xfr#23, ir-chk=1000/11436)
WSI/dataset/TCGA-ESCA/05eb5058-f2f9-43e8-8bf5-7b0a05d7c3ba/
WSI/dataset/TCGA-ESCA/05eb5058-f2f9-43e8-8bf5-7b0a05d7c3ba/TCGA-IG-A97I-01A-01-TSA.4D34A3F9-AACC-436D-B393-5AE0EB18FCFF.svs

         32,768   0%   32.06kB/s    2:22:15  
        819,200   0%  800.00kB/s    0:05:41  
    155,222,016  56%   74.05MB/s    0:00:01  
    273,710,971 100%   99.67MB/s    0:00:02 (xfr#24, ir-chk=1002/11439)
WSI/dataset/TCGA-ESCA/05eb5058-f2f9-43e8-8bf5-7b0a05d7c3ba/logs/TCGA-IG-A97I-01A-01-TSA.4D34A3F9-AACC-436D-B393-5AE0EB18FCFF.svs.parcel

         18,304 100%   28.69kB/s    0:00:00  
         18,304 100%   28.69kB/s    0:00:00 (xfr#25, ir-chk=1000/11439)
WSI/dataset/TCGA-ESCA/07ade586-e4ac-44f0-9cc0-407a8abd3bc4/
WSI/dataset/TCGA-ESCA/07ade586-e4ac-44f0-9cc0-407a8abd3bc4/TCGA-L5-A8NU-11A-01-TS1.3A3505DB-7D69-464E-B7F1-A8805C8FFA54.svs

         32,768   0%   50.63kB/s    0:13:01  
     39,599,123 100%   41.91MB/s    0:00:00 (xfr#26, ir-chk=1002/11442)
WSI/dataset/TCGA-ESCA/07ade586-e4ac-44f0-9cc0-407a8abd3bc4/logs/TCGA-L5-A8NU-11A-01-TS1.3A3505DB-7D69-464E-B7F1-A8805C8FFA54.svs.parcel

          4,696 100%    5.08kB/s    0:00:00  
          4,696 100%    5.08kB/s    0:00:00 (xfr#27, ir-chk=1000/11442)
WSI/dataset/TCGA-ESCA/080155fa-0dae-489b-90e1-7d9b08e566fb/
WSI/dataset/TCGA-ESCA/080155fa-0dae-489b-90e1-7d9b08e566fb/TCGA-LN-A49O-01A-01-TSA.CB34D219-37B7-48ED-B98F-749638761497.svs

         32,768   0%   35.20kB/s    1:22:12  
      6,815,744   3%    6.50MB/s    0:00:25  
    128,057,344  73%   61.09MB/s    0:00:00  
    173,663,985 100%   71.39MB/s    0:00:02 (xfr#28, ir-chk=1001/11444)
WSI/dataset/TCGA-ESCA/080155fa-0dae-489b-90e1-7d9b08e566fb/logs/TCGA-LN-A49O-01A-01-TSA.CB34D219-37B7-48ED-B98F-749638761497.svs.parcel

         11,500 100%   34.66kB/s    0:00:00  
         11,500 100%   34.66kB/s    0:00:00 (xfr#29, ir-chk=1001/11446)
WSI/dataset/TCGA-ESCA/087d94b7-26c9-4b80-b1f3-021b9e173e7f/
WSI/dataset/TCGA-ESCA/087d94b7-26c9-4b80-b1f3-021b9e173e7f/TCGA-LN-A49K-01Z-00-DX1.CCD96BF7-8659-4B4E-86BD-473654768494.svs

         32,768   0%   97.56kB/s    3:50:52  
     99,909,632   7%   95.28MB/s    0:00:12  
    293,896,192  21%  140.21MB/s    0:00:07  
    496,271,360  36%  157.87MB/s    0:00:05  
    704,905,216  52%  168.15MB/s    0:00:03  
    898,760,704  66%  190.27MB/s    0:00:02  
  1,109,131,264  82%  194.17MB/s    0:00:01  
  1,320,943,616  97%  196.42MB/s    0:00:00  
  1,351,453,592 100%  179.83MB/s    0:00:07 (xfr#30, ir-chk=1001/11447)
WSI/dataset/TCGA-ESCA/087d94b7-26c9-4b80-b1f3-021b9e173e7f/logs/TCGA-LN-A49K-01Z-00-DX1.CCD96BF7-8659-4B4E-86BD-473654768494.svs.parcel

         32,768  40%  190.48kB/s    0:00:00  
         81,819 100%  467.26kB/s    0:00:00 (xfr#31, ir-chk=1001/11449)
WSI/dataset/TCGA-ESCA/0885c50d-fc93-4588-9dea-2ef9a23acf60/
WSI/dataset/TCGA-ESCA/0885c50d-fc93-4588-9dea-2ef9a23acf60/TCGA-LN-A7HY-01Z-00-DX1.AEEADA09-F984-4A4D-93BD-B5FA02E3E743.svs

         32,768   0%  181.82kB/s    1:00:57  
    141,852,672  21%  135.28MB/s    0:00:03  
    325,189,632  48%  155.14MB/s    0:00:02  
    509,214,720  76%  161.93MB/s    0:00:00  
    664,967,013 100%  167.41MB/s    0:00:03 (xfr#32, ir-chk=1001/11450)
WSI/dataset/TCGA-ESCA/0885c50d-fc93-4588-9dea-2ef9a23acf60/logs/TCGA-LN-A7HY-01Z-00-DX1.AEEADA09-F984-4A4D-93BD-B5FA02E3E743.svs.parcel

         32,768  79%   40.20kB/s    0:00:00  
         40,984 100%   50.28kB/s    0:00:00 (xfr#33, ir-chk=1001/11452)
WSI/dataset/TCGA-ESCA/092c9930-15c0-4b56-a0a4-f16b99c44ca9/
WSI/dataset/TCGA-ESCA/092c9930-15c0-4b56-a0a4-f16b99c44ca9/TCGA-L5-A8NN-11A-01-TS1.25B75B9E-BF6F-4818-9D75-738B4EDD43DA.svs

         32,768   0%   39.95kB/s    0:41:55  
     31,719,424  31%   30.25MB/s    0:00:02  
    100,521,017 100%   62.99MB/s    0:00:01 (xfr#34, ir-chk=1001/11453)
WSI/dataset/TCGA-ESCA/092c9930-15c0-4b56-a0a4-f16b99c44ca9/logs/TCGA-L5-A8NN-11A-01-TS1.25B75B9E-BF6F-4818-9D75-738B4EDD43DA.svs.parcel

          6,964 100%   12.93kB/s    0:00:00  
          6,964 100%   12.93kB/s    0:00:00 (xfr#35, ir-chk=1001/11455)
WSI/dataset/TCGA-ESCA/09b7fd36-37ac-4d8e-a8d2-b05d27ba5ccd/
WSI/dataset/TCGA-ESCA/09b7fd36-37ac-4d8e-a8d2-b05d27ba5ccd/TCGA-IG-A50L-01Z-00-DX1.25755523-4D42-4377-B053-675850520680.svs

         32,768   0%   60.26kB/s    5:29:48  
     84,180,992   7%   80.28MB/s    0:00:13  
    270,532,608  22%  129.06MB/s    0:00:06  
    455,344,128  38%  144.85MB/s    0:00:04  
    643,596,288  53%  153.56MB/s    0:00:03  
    823,525,376  69%  176.36MB/s    0:00:02  
    993,525,760  83%  172.46MB/s    0:00:01  
  1,192,554,387 100%  165.55MB/s    0:00:06 (xfr#36, ir-chk=1001/11456)
WSI/dataset/TCGA-ESCA/09b7fd36-37ac-4d8e-a8d2-b05d27ba5ccd/logs/TCGA-IG-A50L-01Z-00-DX1.25755523-4D42-4377-B053-675850520680.svs.parcel

         32,768  45%   36.49kB/s    0:00:01  
         72,747 100%   80.91kB/s    0:00:00 (xfr#37, ir-chk=1001/11458)
WSI/dataset/TCGA-ESCA/0a29b41f-06dd-4be3-9a93-47c95f8593e5/
WSI/dataset/TCGA-ESCA/0a29b41f-06dd-4be3-9a93-47c95f8593e5/TCGA-LN-A4MR-01Z-00-DX1.A27F1932-A134-48AE-ACB5-9A1C2EF823A9.svs

         32,768   0%   36.32kB/s    5:22:12  
     11,927,552   1%   11.38MB/s    0:00:59  
    143,654,912  20%   68.53MB/s    0:00:07  
    308,805,632  43%   98.23MB/s    0:00:03  
    468,844,544  66%  111.84MB/s    0:00:02  
    606,470,144  86%  141.82MB/s    0:00:00  
    702,250,628 100%  122.19MB/s    0:00:05 (xfr#38, ir-chk=1001/11459)
WSI/dataset/TCGA-ESCA/0a29b41f-06dd-4be3-9a93-47c95f8593e5/logs/TCGA-LN-A4MR-01Z-00-DX1.A27F1932-A134-48AE-ACB5-9A1C2EF823A9.svs.parcel

         32,768  75%   65.71kB/s    0:00:00  
         43,252 100%   86.73kB/s    0:00:00 (xfr#39, ir-chk=1001/11461)
WSI/dataset/TCGA-ESCA/0acd156d-24b8-44ab-b2e7-5325e2a4f0b3/
WSI/dataset/TCGA-ESCA/0acd156d-24b8-44ab-b2e7-5325e2a4f0b3/TCGA-LN-A49V-01Z-00-DX1.FD93D99F-F318-4D08-9E0C-CF17455529F3.svs

         32,768   0%   64.78kB/s    3:02:44  
     84,279,296  11%   80.38MB/s    0:00:07  
    295,043,072  41%  140.76MB/s    0:00:02  
    480,772,096  67%  152.94MB/s    0:00:01  
    636,092,416  89%  151.77MB/s    0:00:00  
    710,295,054 100%  153.43MB/s    0:00:04 (xfr#40, ir-chk=1001/11462)
WSI/dataset/TCGA-ESCA/0acd156d-24b8-44ab-b2e7-5325e2a4f0b3/logs/TCGA-LN-A49V-01Z-00-DX1.FD93D99F-F318-4D08-9E0C-CF17455529F3.svs.parcel

         32,768  75%   76.01kB/s    0:00:00  
         43,252 100%  100.09kB/s    0:00:00 (xfr#41, ir-chk=1001/11464)
WSI/dataset/TCGA-ESCA/0b39102b-75c7-4977-ba02-38c9e0c41528/
WSI/dataset/TCGA-ESCA/0b39102b-75c7-4977-ba02-38c9e0c41528/TCGA-VR-A8EO-01A-01-TSA.0CF940C3-2AE5-4A90-B843-002C8F5A3C75.svs

         32,768   0%   75.29kB/s    1:00:47  
     80,740,352  29%   77.00MB/s    0:00:02  
    240,386,048  87%  114.68MB/s    0:00:00  
    274,645,155 100%  121.54MB/s    0:00:02 (xfr#42, ir-chk=1001/11465)
WSI/dataset/TCGA-ESCA/0b39102b-75c7-4977-ba02-38c9e0c41528/logs/TCGA-VR-A8EO-01A-01-TSA.0CF940C3-2AE5-4A90-B843-002C8F5A3C75.svs.parcel

         18,304 100%  111.72kB/s    0:00:00  
         18,304 100%  111.72kB/s    0:00:00 (xfr#43, ir-chk=1001/11467)
WSI/dataset/TCGA-ESCA/0b83c2af-c7c6-4f34-880f-b9657af7496b/
WSI/dataset/TCGA-ESCA/0b83c2af-c7c6-4f34-880f-b9657af7496b/TCGA-L5-A4OG-01A-01-TS1.4C6C41C5-3152-48AC-90C6-A8D821984231.svs

         32,768   0%  195.12kB/s    0:26:15  
    148,930,560  48%  142.03MB/s    0:00:01  
    307,432,509 100%  158.82MB/s    0:00:01 (xfr#44, ir-chk=1001/11468)
WSI/dataset/TCGA-ESCA/0b83c2af-c7c6-4f34-880f-b9657af7496b/logs/TCGA-L5-A4OG-01A-01-TS1.4C6C41C5-3152-48AC-90C6-A8D821984231.svs.parcel

         20,572 100%   23.64kB/s    0:00:00  
         20,572 100%   23.64kB/s    0:00:00 (xfr#45, ir-chk=1001/11470)
WSI/dataset/TCGA-ESCA/0be96521-a95a-4f45-9014-ba4c828fcde6/
WSI/dataset/TCGA-ESCA/0be96521-a95a-4f45-9014-ba4c828fcde6/TCGA-L5-A8NG-11A-01-TS1.FD8F70CE-828C-4950-9B3E-6900B88651FD.svs

         32,768   0%   37.43kB/s    0:29:08  
     22,511,616  34%   21.47MB/s    0:00:01  
     65,460,021 100%   49.78MB/s    0:00:01 (xfr#46, ir-chk=1001/11471)
WSI/dataset/TCGA-ESCA/0be96521-a95a-4f45-9014-ba4c828fcde6/logs/TCGA-L5-A8NG-11A-01-TS1.FD8F70CE-828C-4950-9B3E-6900B88651FD.svs.parcel

          4,696 100%   17.50kB/s    0:00:00  
          4,696 100%   17.50kB/s    0:00:00 (xfr#47, ir-chk=1001/11473)
WSI/dataset/TCGA-ESCA/0c2855e0-b9b5-4a05-aa4c-97c745edebdd/
WSI/dataset/TCGA-ESCA/0c2855e0-b9b5-4a05-aa4c-97c745edebdd/TCGA-LN-A7HY-01A-01-TS1.A7496962-D2AB-4488-95CC-3C602A7EA382.svs

         32,768   0%  119.85kB/s    0:35:42  
    113,475,584  44%  108.22MB/s    0:00:01  
    256,754,615 100%  122.74MB/s    0:00:01 (xfr#48, ir-chk=1001/11474)
WSI/dataset/TCGA-ESCA/0c2855e0-b9b5-4a05-aa4c-97c745edebdd/logs/TCGA-LN-A7HY-01A-01-TS1.A7496962-D2AB-4488-95CC-3C602A7EA382.svs.parcel

         16,036 100%   15.66kB/s    0:00:00  
         16,036 100%   15.66kB/s    0:00:01 (xfr#49, ir-chk=1001/11476)
WSI/dataset/TCGA-ESCA/0d4885ef-506f-42ba-abd5-db564f770194/
WSI/dataset/TCGA-ESCA/0d4885ef-506f-42ba-abd5-db564f770194/TCGA-JY-A6FH-01Z-00-DX1.4065B89C-528B-4D3A-BBE1-81DFE5BD1F4C.svs

         32,768   0%   31.90kB/s   19:00:01  
         65,536   0%   63.81kB/s    9:29:59  
    227,278,848  10%  108.21MB/s    0:00:17  
    425,328,640  19%  135.12MB/s    0:00:12  
    653,524,992  29%  155.77MB/s    0:00:09  
    886,177,792  40%  211.37MB/s    0:00:05  
  1,116,864,512  51%  212.20MB/s    0:00:04  
  1,345,978,368  61%  219.66MB/s    0:00:03  
  1,544,552,448  70%  212.60MB/s    0:00:02  
  1,774,190,592  81%  211.88MB/s    0:00:01  
  2,003,861,504  91%  211.64MB/s    0:00:00  
  2,182,318,678 100%  192.78MB/s    0:00:10 (xfr#50, ir-chk=1001/11477)
WSI/dataset/TCGA-ESCA/0d4885ef-506f-42ba-abd5-db564f770194/logs/TCGA-JY-A6FH-01Z-00-DX1.4065B89C-528B-4D3A-BBE1-81DFE5BD1F4C.svs.parcel

         32,768  24%   39.65kB/s    0:00:02  
        131,864 100%  159.18kB/s    0:00:00 (xfr#51, ir-chk=1001/11479)
WSI/dataset/TCGA-ESCA/0e59b172-5040-4189-9a83-36b2d8c03f92/
WSI/dataset/TCGA-ESCA/0e59b172-5040-4189-9a83-36b2d8c03f92/TCGA-L5-A8NT-11A-01-TS1.E1974C9C-66F6-498C-8C1C-3C05715BAC1A.svs

         32,768   0%   39.22kB/s    0:40:33  
     32,636,928  34%   31.12MB/s    0:00:01  
     95,482,555 100%   66.86MB/s    0:00:01 (xfr#52, ir-chk=1001/11480)
WSI/dataset/TCGA-ESCA/0e59b172-5040-4189-9a83-36b2d8c03f92/logs/TCGA-L5-A8NT-11A-01-TS1.E1974C9C-66F6-498C-8C1C-3C05715BAC1A.svs.parcel

          6,964 100%   18.38kB/s    0:00:00  
          6,964 100%   18.38kB/s    0:00:00 (xfr#53, ir-chk=1001/11482)
WSI/dataset/TCGA-ESCA/0e8b8e7b-b621-4315-a269-fa2ef3f2f016/
WSI/dataset/TCGA-ESCA/0e8b8e7b-b621-4315-a269-fa2ef3f2f016/TCGA-LN-A4A9-01A-01-TSA.11615EB4-7065-490F-8B5D-60786BF763D8.svs

         32,768   0%   85.33kB/s    1:06:19  
     97,812,480  28%   93.28MB/s    0:00:02  
    265,814,016  78%  126.81MB/s    0:00:00  
    339,604,447 100%  129.55MB/s    0:00:02 (xfr#54, ir-chk=1001/11483)
WSI/dataset/TCGA-ESCA/0e8b8e7b-b621-4315-a269-fa2ef3f2f016/logs/TCGA-LN-A4A9-01A-01-TSA.11615EB4-7065-490F-8B5D-60786BF763D8.svs.parcel

         20,572 100%   39.78kB/s    0:00:00  
         20,572 100%   39.78kB/s    0:00:00 (xfr#55, ir-chk=1001/11485)
WSI/dataset/TCGA-ESCA/0e8e495f-8a62-4acc-abb2-5ed8936304ed/
WSI/dataset/TCGA-ESCA/0e8e495f-8a62-4acc-abb2-5ed8936304ed/TCGA-IG-A5B8-01Z-00-DX1.3FC85163-3C6F-4D39-A0EC-BB5C59CE2AC3.svs

         32,768   0%   62.87kB/s    2:57:48  
     91,750,400  13%   87.50MB/s    0:00:06  
    282,066,944  42%  134.57MB/s    0:00:02  
    478,445,568  71%  152.20MB/s    0:00:01  
    663,093,248  98%  158.17MB/s    0:00:00  
    670,735,253 100%  158.49MB/s    0:00:04 (xfr#56, ir-chk=1001/11486)
WSI/dataset/TCGA-ESCA/0e8e495f-8a62-4acc-abb2-5ed8936304ed/logs/TCGA-IG-A5B8-01Z-00-DX1.3FC85163-3C6F-4D39-A0EC-BB5C59CE2AC3.svs.parcel

         32,768  79%  744.19kB/s    0:00:00  
         40,984 100%  889.41kB/s    0:00:00 (xfr#57, ir-chk=1001/11488)
WSI/dataset/TCGA-ESCA/0f7f9507-519f-4f42-818e-aac6d35a61a3/
WSI/dataset/TCGA-ESCA/0f7f9507-519f-4f42-818e-aac6d35a61a3/TCGA-V5-A7RC-06A-01-TS1.BDF136CF-E5BD-4547-86FB-A4DE5C33332F.svs

         32,768   0%  653.06kB/s    0:01:14  
     48,617,119 100%  125.99MB/s    0:00:00 (xfr#58, ir-chk=1001/11489)
WSI/dataset/TCGA-ESCA/0f7f9507-519f-4f42-818e-aac6d35a61a3/logs/TCGA-V5-A7RC-06A-01-TS1.BDF136CF-E5BD-4547-86FB-A4DE5C33332F.svs.parcel

          4,696 100%   12.20kB/s    0:00:00  
          4,696 100%   12.20kB/s    0:00:00 (xfr#59, ir-chk=1001/11491)
WSI/dataset/TCGA-ESCA/0fb9ee34-4854-4c65-9204-95e9e8069759/
WSI/dataset/TCGA-ESCA/0fb9ee34-4854-4c65-9204-95e9e8069759/TCGA-X8-AAAR-01Z-00-DX1.1D57D401-00BB-430D-9CC0-C2BF8BE23B7D.svs

         32,768   0%   83.33kB/s    3:37:55  
    110,231,552  10%  105.12MB/s    0:00:09  
    296,091,648  27%  141.26MB/s    0:00:05  
    470,810,624  43%  145.83MB/s    0:00:04  
    632,684,544  58%  147.92MB/s    0:00:03  
    806,649,856  74%  162.82MB/s    0:00:01  
    999,063,552  91%  164.36MB/s    0:00:00  
  1,089,657,951 100%  159.60MB/s    0:00:06 (xfr#60, ir-chk=1001/11492)
WSI/dataset/TCGA-ESCA/0fb9ee34-4854-4c65-9204-95e9e8069759/logs/TCGA-X8-AAAR-01Z-00-DX1.1D57D401-00BB-430D-9CC0-C2BF8BE23B7D.svs.parcel

         32,768  49%   73.06kB/s    0:00:00  
         65,943 100%  146.69kB/s    0:00:00 (xfr#61, ir-chk=1001/11494)
WSI/dataset/TCGA-ESCA/119b9606-7116-4d0e-9473-dbc46b5f6c8f/
WSI/dataset/TCGA-ESCA/119b9606-7116-4d0e-9473-dbc46b5f6c8f/TCGA-LN-A4A4-01A-01-TSA.248F60AB-D40A-4B49-9C6A-641C8944DD87.svs

         32,768   0%   71.91kB/s    1:09:46  
     67,239,936  22%   64.12MB/s    0:00:03  
    193,724,416  64%   92.38MB/s    0:00:01  
    301,073,797 100%  107.10MB/s    0:00:02 (xfr#62, ir-chk=1001/11495)
WSI/dataset/TCGA-ESCA/119b9606-7116-4d0e-9473-dbc46b5f6c8f/logs/TCGA-LN-A4A4-01A-01-TSA.248F60AB-D40A-4B49-9C6A-641C8944DD87.svs.parcel

         18,304 100%   25.94kB/s    0:00:00  
         18,304 100%   25.94kB/s    0:00:00 (xfr#63, ir-chk=1001/11497)
WSI/dataset/TCGA-ESCA/12d6b256-0727-4316-ac8b-210cf1ba86d8/
WSI/dataset/TCGA-ESCA/12d6b256-0727-4316-ac8b-210cf1ba86d8/TCGA-L5-A4OH-01Z-00-DX1.B9DC5CD0-7ACD-4D73-BEF6-98191228FB78.svs

         32,768   0%   45.91kB/s    9:43:51  
     67,895,296   4%   64.75MB/s    0:00:23  
    277,381,120  17%  132.33MB/s    0:00:09  
    451,149,824  28%  143.51MB/s    0:00:07  
    644,481,024  40%  153.77MB/s    0:00:06  
    839,385,088  52%  184.08MB/s    0:00:04  
  1,021,050,880  63%  177.44MB/s    0:00:03  
  1,198,260,224  74%  178.21MB/s    0:00:02  
  1,361,575,936  84%  171.01MB/s    0:00:01  
  1,549,926,400  96%  168.31MB/s    0:00:00  
  1,608,365,003 100%  164.68MB/s    0:00:09 (xfr#64, ir-chk=1001/11498)
WSI/dataset/TCGA-ESCA/12d6b256-0727-4316-ac8b-210cf1ba86d8/logs/TCGA-L5-A4OH-01Z-00-DX1.B9DC5CD0-7ACD-4D73-BEF6-98191228FB78.svs.parcel

         32,768  33%  106.31kB/s    0:00:00  
         97,695 100%  313.83kB/s    0:00:00 (xfr#65, ir-chk=1001/11500)
WSI/dataset/TCGA-ESCA/13ec05bf-a250-4a51-a344-8f4a40ba65a8/
WSI/dataset/TCGA-ESCA/13ec05bf-a250-4a51-a344-8f4a40ba65a8/TCGA-2H-A9GM-11A-01-TS1.9BC9A4D2-8813-42C8-8D90-621AF5EF3FBF.svs

         32,768   0%  102.89kB/s    0:13:11  
     81,459,437 100%  104.70MB/s    0:00:00 (xfr#66, ir-chk=1001/11501)
WSI/dataset/TCGA-ESCA/13ec05bf-a250-4a51-a344-8f4a40ba65a8/logs/TCGA-2H-A9GM-11A-01-TS1.9BC9A4D2-8813-42C8-8D90-621AF5EF3FBF.svs.parcel

          6,964 100%    9.12kB/s    0:00:00  
          6,964 100%    9.12kB/s    0:00:00 (xfr#67, ir-chk=1001/11503)
WSI/dataset/TCGA-ESCA/13fe5bd8-978e-40cf-9ff2-c8f6eaa10b92/
WSI/dataset/TCGA-ESCA/13fe5bd8-978e-40cf-9ff2-c8f6eaa10b92/TCGA-IG-A3YC-01Z-00-DX1.71785237-8DA6-4034-9CDA-9BE227D53A49.svs

         32,768   0%   42.61kB/s    7:57:51  
     50,200,576   4%   47.88MB/s    0:00:23  
    238,682,112  19%  113.87MB/s    0:00:08  
    428,081,152  35%  136.13MB/s    0:00:05  
    605,421,568  49%  144.42MB/s    0:00:04  
    780,009,472  63%  174.09MB/s    0:00:02  
    945,553,408  77%  168.62MB/s    0:00:01  
  1,099,431,936  89%  160.18MB/s    0:00:00  
  1,221,734,031 100%  154.04MB/s    0:00:07 (xfr#68, ir-chk=1001/11504)
WSI/dataset/TCGA-ESCA/13fe5bd8-978e-40cf-9ff2-c8f6eaa10b92/logs/TCGA-IG-A3YC-01Z-00-DX1.71785237-8DA6-4034-9CDA-9BE227D53A49.svs.parcel

         32,768  43%   55.56kB/s    0:00:00  
         75,015 100%  126.96kB/s    0:00:00 (xfr#69, ir-chk=1001/11506)
WSI/dataset/TCGA-ESCA/142f98c9-9ce0-42ce-9eee-c06720462fb5/
WSI/dataset/TCGA-ESCA/142f98c9-9ce0-42ce-9eee-c06720462fb5/TCGA-L5-A8NK-01A-02-TS2.F00E1AC0-8535-41C1-AADC-BE83F4BA8300.svs

         32,768   0%   54.70kB/s    1:20:20  
     58,327,040  22%   55.62MB/s    0:00:03  
    235,143,168  89%  112.18MB/s    0:00:00  
    263,712,299 100%  116.60MB/s    0:00:02 (xfr#70, ir-chk=1001/11507)
WSI/dataset/TCGA-ESCA/142f98c9-9ce0-42ce-9eee-c06720462fb5/logs/TCGA-L5-A8NK-01A-02-TS2.F00E1AC0-8535-41C1-AADC-BE83F4BA8300.svs.parcel

         16,036 100%   95.49kB/s    0:00:00  
         16,036 100%   95.49kB/s    0:00:00 (xfr#71, ir-chk=1001/11509)
WSI/dataset/TCGA-ESCA/14aa4bd2-7dca-4e8e-b33b-1a2f4ce7641c/
WSI/dataset/TCGA-ESCA/14aa4bd2-7dca-4e8e-b33b-1a2f4ce7641c/TCGA-LN-A4MQ-01Z-00-DX1.72CA5EC0-771F-4A7B-900D-B7190F2472DD.svs

         32,768   0%  187.13kB/s    1:29:26  
    151,126,016  15%  144.12MB/s    0:00:05  
    363,528,192  36%  173.43MB/s    0:00:03  
    574,390,272  57%  182.72MB/s    0:00:02  
    772,014,080  76%  184.20MB/s    0:00:01  
    945,291,264  94%  189.49MB/s    0:00:00  
  1,004,322,464 100%  181.33MB/s    0:00:05 (xfr#72, ir-chk=1001/11510)
WSI/dataset/TCGA-ESCA/14aa4bd2-7dca-4e8e-b33b-1a2f4ce7641c/logs/TCGA-LN-A4MQ-01Z-00-DX1.72CA5EC0-771F-4A7B-900D-B7190F2472DD.svs.parcel

         32,768  53%  110.34kB/s    0:00:00  
         61,396 100%  204.63kB/s    0:00:00 (xfr#73, ir-chk=1001/11512)
WSI/dataset/TCGA-ESCA/151041b1-7cba-4cd5-b3d9-653c6d348a2f/
WSI/dataset/TCGA-ESCA/151041b1-7cba-4cd5-b3d9-653c6d348a2f/TCGA-2H-A9GI-01Z-00-DX1.02AA1DD3-2082-4B82-B396-957A127D8278.svs

         32,768   0%  107.38kB/s    5:01:28  
    131,727,360   6%  125.62MB/s    0:00:14  
    271,319,040  13%  129.38MB/s    0:00:12  
    432,799,744  22%  137.63MB/s    0:00:10  
    606,371,840  31%  144.64MB/s    0:00:09  
    778,567,680  40%  154.30MB/s    0:00:07  
    927,203,328  47%  156.41MB/s    0:00:06  
  1,076,396,032  55%  153.48MB/s    0:00:05  
  1,221,197,824  62%  146.59MB/s    0:00:04  
  1,388,838,912  71%  145.54MB/s    0:00:03  
  1,566,965,760  80%  152.57MB/s    0:00:02  
  1,751,908,352  90%  161.14MB/s    0:00:01  
  1,937,506,304  99%  170.87MB/s    0:00:00  
  1,942,373,885 100%  154.11MB/s    0:00:12 (xfr#74, ir-chk=1001/11513)
WSI/dataset/TCGA-ESCA/151041b1-7cba-4cd5-b3d9-653c6d348a2f/logs/TCGA-2H-A9GI-01Z-00-DX1.02AA1DD3-2082-4B82-B396-957A127D8278.svs.parcel

         32,768  27%  969.70kB/s    0:00:00  
        118,107 100%    3.22MB/s    0:00:00 (xfr#75, ir-chk=1001/11515)
WSI/dataset/TCGA-ESCA/15e17aa0-4eaf-4083-a832-fe27166d6009/
WSI/dataset/TCGA-ESCA/15e17aa0-4eaf-4083-a832-fe27166d6009/TCGA-LN-A49S-01A-01-TSA.68EC11E7-3B2E-4233-B23C-56C49B4028D5.svs

         32,768   0%  780.49kB/s    0:02:54  
    129,368,064  94%  123.38MB/s    0:00:00  
    136,552,827 100%  125.70MB/s    0:00:01 (xfr#76, ir-chk=1001/11516)
WSI/dataset/TCGA-ESCA/15e17aa0-4eaf-4083-a832-fe27166d6009/logs/TCGA-LN-A49S-01A-01-TSA.68EC11E7-3B2E-4233-B23C-56C49B4028D5.svs.parcel

          9,232 100%  219.89kB/s    0:00:00  
          9,232 100%  219.89kB/s    0:00:00 (xfr#77, ir-chk=1001/11518)
WSI/dataset/TCGA-ESCA/16c14cf8-7c64-4319-899d-ab15ebf5b55d/
WSI/dataset/TCGA-ESCA/16c14cf8-7c64-4319-899d-ab15ebf5b55d/TCGA-VR-AA7D-01A-01-TS1.3C10B640-06DB-455F-8989-515FB673F47D.svs

         32,768   0%  695.65kB/s    0:08:12  
    180,912,128  52%  172.53MB/s    0:00:00  
    341,344,256  99%  162.85MB/s    0:00:00  
    342,569,837 100%  163.27MB/s    0:00:02 (xfr#78, ir-chk=1001/11519)
WSI/dataset/TCGA-ESCA/16c14cf8-7c64-4319-899d-ab15ebf5b55d/logs/TCGA-VR-AA7D-01A-01-TS1.3C10B640-06DB-455F-8989-515FB673F47D.svs.parcel

         22,840 100%    3.11MB/s    0:00:00  
         22,840 100%    3.11MB/s    0:00:00 (xfr#79, ir-chk=1001/11521)
WSI/dataset/TCGA-ESCA/17a0c37b-1a5f-4ad6-9f0a-465377fe6ca3/
WSI/dataset/TCGA-ESCA/17a0c37b-1a5f-4ad6-9f0a-465377fe6ca3/TCGA-L5-A4OP-11A-01-TS1.8C4EC1C6-FA47-4C8D-B788-77293654E791.svs

         32,768   0%    2.84MB/s    0:00:26  
     78,480,857 100%  163.42MB/s    0:00:00 (xfr#80, ir-chk=1001/11522)
WSI/dataset/TCGA-ESCA/17a0c37b-1a5f-4ad6-9f0a-465377fe6ca3/logs/TCGA-L5-A4OP-11A-01-TS1.8C4EC1C6-FA47-4C8D-B788-77293654E791.svs.parcel

          6,964 100%   14.66kB/s    0:00:00  
          6,964 100%   14.66kB/s    0:00:00 (xfr#81, ir-chk=1001/11524)
WSI/dataset/TCGA-ESCA/17dc340d-58eb-4e54-969a-827c050f25c9/
WSI/dataset/TCGA-ESCA/17dc340d-58eb-4e54-969a-827c050f25c9/TCGA-Q9-A6FU-01Z-00-DX1.26F7FAF0-D839-42B9-BE7A-6B16008A1AE5.svs

         32,768   0%   67.94kB/s    7:54:01  
     84,803,584   4%   80.88MB/s    0:00:22  
    262,438,912  13%  125.20MB/s    0:00:13  
    459,407,360  23%  146.14MB/s    0:00:09  
    676,888,576  35%  161.50MB/s    0:00:07  
    898,236,416  46%  194.08MB/s    0:00:05  
  1,092,878,336  56%  198.14MB/s    0:00:04  
  1,310,195,712  67%  203.00MB/s    0:00:02  
  1,521,614,848  78%  201.50MB/s    0:00:01  
  1,711,439,872  88%  194.03MB/s    0:00:01  
  1,907,621,888  98%  194.40MB/s    0:00:00  
  1,932,384,566 100%  182.39MB/s    0:00:10 (xfr#82, ir-chk=1001/11525)
WSI/dataset/TCGA-ESCA/17dc340d-58eb-4e54-969a-827c050f25c9/logs/TCGA-Q9-A6FU-01Z-00-DX1.26F7FAF0-D839-42B9-BE7A-6B16008A1AE5.svs.parcel

         32,768  27%  275.86kB/s    0:00:00  
        118,107 100%  977.45kB/s    0:00:00 (xfr#83, ir-chk=1001/11527)
WSI/dataset/TCGA-ESCA/18c0ba93-b9ce-401d-8775-f98365ec20d5/
WSI/dataset/TCGA-ESCA/18c0ba93-b9ce-401d-8775-f98365ec20d5/TCGA-L5-A4OX-01Z-00-DX1.44575F16-A28B-4865-BAF2-165DA3A1D4FA.svs

         32,768   0%  260.16kB/s    1:41:26  
    176,422,912  11%  159.93MB/s    0:00:08  
    387,710,976  24%  180.28MB/s    0:00:06  
    597,032,960  37%  186.68MB/s    0:00:05  
    812,122,112  51%  191.28MB/s    0:00:03  
  1,028,784,128  64%  203.32MB/s    0:00:02  
  1,232,207,872  77%  201.44MB/s    0:00:01  
  1,384,775,680  87%  187.91MB/s    0:00:01  
  1,557,659,648  98%  177.84MB/s    0:00:00  
  1,583,485,475 100%  184.23MB/s    0:00:08 (xfr#84, ir-chk=1001/11528)
WSI/dataset/TCGA-ESCA/18c0ba93-b9ce-401d-8775-f98365ec20d5/logs/TCGA-L5-A4OX-01Z-00-DX1.44575F16-A28B-4865-BAF2-165DA3A1D4FA.svs.parcel

         32,768  34%  205.13kB/s    0:00:00  
         95,427 100%  589.81kB/s    0:00:00 (xfr#85, ir-chk=1001/11530)
WSI/dataset/TCGA-ESCA/1965bc0e-49f6-46aa-9692-6aedbd7d2f48/
WSI/dataset/TCGA-ESCA/1965bc0e-49f6-46aa-9692-6aedbd7d2f48/TCGA-V5-A7RC-01B-01-TS1.89F8C727-0596-4C6B-A317-5759C405F668.svs

         32,768   0%  191.62kB/s    0:05:23  
      6,553,600  10%    3.99MB/s    0:00:13  
     62,102,899 100%   31.47MB/s    0:00:01 (xfr#86, ir-chk=1001/11531)
WSI/dataset/TCGA-ESCA/1965bc0e-49f6-46aa-9692-6aedbd7d2f48/logs/TCGA-V5-A7RC-01B-01-TS1.89F8C727-0596-4C6B-A317-5759C405F668.svs.parcel

          4,696 100%   14.29kB/s    0:00:00  
          4,696 100%   14.29kB/s    0:00:00 (xfr#87, ir-chk=1001/11533)
WSI/dataset/TCGA-ESCA/1a98f69a-6598-484c-8694-1a82a63a4779/
WSI/dataset/TCGA-ESCA/1a98f69a-6598-484c-8694-1a82a63a4779/TCGA-LN-A4A5-01A-02-TSB.185A0522-61FC-45BC-AA14-FFD38C85E447.svs

         32,768   0%   98.46kB/s    0:25:26  
     80,609,280  53%   76.88MB/s    0:00:00  
    150,345,211 100%   97.74MB/s    0:00:01 (xfr#88, ir-chk=1001/11534)
WSI/dataset/TCGA-ESCA/1a98f69a-6598-484c-8694-1a82a63a4779/logs/TCGA-LN-A4A5-01A-02-TSB.185A0522-61FC-45BC-AA14-FFD38C85E447.svs.parcel

          9,232 100%   19.02kB/s    0:00:00  
          9,232 100%   19.02kB/s    0:00:00 (xfr#89, ir-chk=1001/11536)
WSI/dataset/TCGA-ESCA/1aaa0ed5-3d86-46b0-9a25-21a06d963626/
WSI/dataset/TCGA-ESCA/1aaa0ed5-3d86-46b0-9a25-21a06d963626/TCGA-IG-A50L-01A-01-TSA.965D7F94-E21E-47A4-B084-7096679A81BC.svs

         32,768   0%   66.67kB/s    0:55:21  
     52,690,944  23%   50.25MB/s    0:00:03  
    180,092,928  81%   85.92MB/s    0:00:00  
    221,494,343 100%   95.19MB/s    0:00:02 (xfr#90, ir-chk=1001/11537)
WSI/dataset/TCGA-ESCA/1aaa0ed5-3d86-46b0-9a25-21a06d963626/logs/TCGA-IG-A50L-01A-01-TSA.965D7F94-E21E-47A4-B084-7096679A81BC.svs.parcel

         13,768 100%   60.29kB/s    0:00:00  
         13,768 100%   60.29kB/s    0:00:00 (xfr#91, ir-chk=1001/11539)
WSI/dataset/TCGA-ESCA/1b7230cd-8261-4e3e-9f92-bbc166d433bc/
WSI/dataset/TCGA-ESCA/1b7230cd-8261-4e3e-9f92-bbc166d433bc/TCGA-L5-A4OF-01Z-00-DX1.3907EC8B-C346-4D83-85D3-D49ACBAB4966.svs

         32,768   0%  131.69kB/s    3:33:27  
    110,100,480   6%  105.00MB/s    0:00:14  
    285,474,816  16%  136.19MB/s    0:00:10  
    465,436,672  27%  148.01MB/s    0:00:08  
    655,622,144  38%  154.46MB/s    0:00:06  
    852,262,912  50%  174.85MB/s    0:00:04  
  1,046,609,920  62%  179.32MB/s    0:00:03  
  1,239,547,904  73%  182.42MB/s    0:00:02  
  1,406,271,488  83%  179.06MB/s    0:00:01  
  1,603,796,992  95%  179.27MB/s    0:00:00  
  1,686,629,249 100%  170.95MB/s    0:00:09 (xfr#92, ir-chk=1001/11540)
WSI/dataset/TCGA-ESCA/1b7230cd-8261-4e3e-9f92-bbc166d433bc/logs/TCGA-L5-A4OF-01Z-00-DX1.3907EC8B-C346-4D83-85D3-D49ACBAB4966.svs.parcel

         32,768  32%   86.02kB/s    0:00:00  
        102,231 100%  266.94kB/s    0:00:00 (xfr#93, ir-chk=1001/11542)
WSI/dataset/TCGA-ESCA/1bb2b3ae-a04c-407e-a7f3-5f5250634978/
WSI/dataset/TCGA-ESCA/1bb2b3ae-a04c-407e-a7f3-5f5250634978/TCGA-JY-A6FB-01Z-00-DX1.8BCAB739-0AEE-41C1-B45B-07C615677DBB.svs

         32,768   0%   83.77kB/s    7:12:08  
      2,359,296   0%  927.91kB/s    0:38:58  
    204,767,232   9%   56.08MB/s    0:00:34  
    429,916,160  19%   91.50MB/s    0:00:18  
    664,010,752  30%  115.56MB/s    0:00:12  
    894,173,184  41%  212.78MB/s    0:00:05  
  1,150,550,016  52%  225.60MB/s    0:00:04  
  1,366,687,744  62%  223.51MB/s    0:00:03  
  1,617,297,408  74%  227.45MB/s    0:00:02  
  1,867,251,712  85%  232.17MB/s    0:00:01  
  2,122,711,040  97%  231.96MB/s    0:00:00  
  2,172,083,786 100%  177.56MB/s    0:00:11 (xfr#94, ir-chk=1001/11543)
WSI/dataset/TCGA-ESCA/1bb2b3ae-a04c-407e-a7f3-5f5250634978/logs/TCGA-JY-A6FB-01Z-00-DX1.8BCAB739-0AEE-41C1-B45B-07C615677DBB.svs.parcel

         32,768  24%  163.27kB/s    0:00:00  
        131,824 100%  650.17kB/s    0:00:00 (xfr#95, ir-chk=1001/11545)
WSI/dataset/TCGA-ESCA/1c847d4d-de48-4d9b-82b1-beb89540f185/
WSI/dataset/TCGA-ESCA/1c847d4d-de48-4d9b-82b1-beb89540f185/TCGA-IG-A625-01A-01-TSA.6103AE87-0E79-4B82-BD65-718BBB42A862.svs

         32,768   0%  156.86kB/s    0:21:12  
      7,208,960   3%    1.99MB/s    0:01:34  
    162,398,208  81%   34.71MB/s    0:00:01  
    199,562,975 100%   40.61MB/s    0:00:04 (xfr#96, ir-chk=1001/11546)
WSI/dataset/TCGA-ESCA/1c847d4d-de48-4d9b-82b1-beb89540f185/logs/.parcel_wu6lifaa

              0 100%    0.00kB/s    0:00:00 (xfr#97, ir-chk=1001/11548)
WSI/dataset/TCGA-ESCA/1c847d4d-de48-4d9b-82b1-beb89540f185/logs/TCGA-IG-A625-01A-01-TSA.6103AE87-0E79-4B82-BD65-718BBB42A862.svs.parcel

         13,768 100%   58.46kB/s    0:00:00  
         13,768 100%   58.46kB/s    0:00:00 (xfr#98, ir-chk=1000/11548)
WSI/dataset/TCGA-ESCA/1edb18c5-30b5-46b5-9b89-c4ef441de182/
WSI/dataset/TCGA-ESCA/1edb18c5-30b5-46b5-9b89-c4ef441de182/TCGA-LN-A49U-01A-03-TSC.04D64D75-2781-412B-90B1-BBEE93715BC0.svs

         32,768   0%  134.45kB/s    0:31:27  
     44,826,624  17%   42.75MB/s    0:00:04  
    159,776,768  62%   76.19MB/s    0:00:01  
    253,755,007 100%   88.19MB/s    0:00:02 (xfr#99, ir-chk=1002/11551)
WSI/dataset/TCGA-ESCA/1edb18c5-30b5-46b5-9b89-c4ef441de182/logs/.parcel_97km7b84

              0 100%    0.00kB/s    0:00:00 (xfr#100, ir-chk=1001/11552)
WSI/dataset/TCGA-ESCA/1edb18c5-30b5-46b5-9b89-c4ef441de182/logs/TCGA-LN-A49U-01A-03-TSC.04D64D75-2781-412B-90B1-BBEE93715BC0.svs.parcel

         16,036 100%   20.94kB/s    0:00:00  
         16,036 100%   20.94kB/s    0:00:00 (xfr#101, ir-chk=1000/11552)
WSI/dataset/TCGA-ESCA/1ee94b91-0646-40cf-9322-63d8c68e98dd/
WSI/dataset/TCGA-ESCA/1ee94b91-0646-40cf-9322-63d8c68e98dd/TCGA-LN-A9FP-01A-03-TSC.D5361F74-B4CA-4D48-A495-8105A7EECEC4.svs

         32,768   0%   41.40kB/s    1:03:12  
      6,291,456   4%    4.90MB/s    0:00:30  
    157,039,069 100%   70.34MB/s    0:00:02 (xfr#102, ir-chk=1001/11554)
WSI/dataset/TCGA-ESCA/1ee94b91-0646-40cf-9322-63d8c68e98dd/logs/TCGA-LN-A9FP-01A-03-TSC.D5361F74-B4CA-4D48-A495-8105A7EECEC4.svs.parcel

         11,500 100%   12.38kB/s    0:00:00  
         11,500 100%   12.38kB/s    0:00:00 (xfr#103, ir-chk=1000/11555)
WSI/dataset/TCGA-ESCA/1eea1e1a-e44a-4d0a-95cf-59e88d181eb4/
WSI/dataset/TCGA-ESCA/1eea1e1a-e44a-4d0a-95cf-59e88d181eb4/TCGA-L5-A43H-01A-01-TSA.983EE71D-8101-4318-8085-1AABF4376112.svs

         32,768   0%   35.05kB/s    1:00:25  
      5,242,880   4%    4.17MB/s    0:00:28  
    125,435,904  98%   54.38MB/s    0:00:00  
    127,093,185 100%   54.92MB/s    0:00:02 (xfr#104, ir-chk=1001/11557)
WSI/dataset/TCGA-ESCA/1eea1e1a-e44a-4d0a-95cf-59e88d181eb4/logs/TCGA-L5-A43H-01A-01-TSA.983EE71D-8101-4318-8085-1AABF4376112.svs.parcel

          9,232 100%  693.51kB/s    0:00:00  
          9,232 100%  693.51kB/s    0:00:00 (xfr#105, ir-chk=1000/11558)
WSI/dataset/TCGA-ESCA/1fdc0a00-91fe-4ab8-9f06-baa489453534/
WSI/dataset/TCGA-ESCA/1fdc0a00-91fe-4ab8-9f06-baa489453534/TCGA-L5-A4ON-01Z-00-DX1.0C8EF68C-AA46-42E3-9F14-01AF78077DB3.svs

         32,768   0%    1.74MB/s    0:21:07  
    158,105,600   7%  150.78MB/s    0:00:13  
    356,777,984  15%  170.21MB/s    0:00:10  
    536,608,768  23%  170.70MB/s    0:00:09  
    718,569,472  31%  171.45MB/s    0:00:08  
    884,506,624  39%  173.32MB/s    0:00:07  
  1,094,320,128  48%  175.98MB/s    0:00:06  
  1,306,263,552  57%  183.59MB/s    0:00:05  
  1,502,216,192  66%  186.93MB/s    0:00:03  
  1,700,528,128  75%  194.60MB/s    0:00:02  
  1,876,819,968  83%  186.61MB/s    0:00:01  
  2,011,037,696  89%  168.16MB/s    0:00:01  
  2,227,175,424  98%  172.97MB/s    0:00:00  
  2,253,801,107 100%  177.50MB/s    0:00:12 (xfr#106, ir-chk=1001/11560)
WSI/dataset/TCGA-ESCA/1fdc0a00-91fe-4ab8-9f06-baa489453534/logs/TCGA-L5-A4ON-01Z-00-DX1.0C8EF68C-AA46-42E3-9F14-01AF78077DB3.svs.parcel

         32,768  23%  258.06kB/s    0:00:00  
        136,672 100%    1.03MB/s    0:00:00 (xfr#107, ir-chk=1000/11561)
WSI/dataset/TCGA-ESCA/1ffaf1bf-82a9-444e-a25e-d69a51b932cd/
WSI/dataset/TCGA-ESCA/1ffaf1bf-82a9-444e-a25e-d69a51b932cd/TCGA-IC-A6RF-01A-01-TS1.036BAE29-A6BF-4137-BFA5-4AA77358A9D8.svs

         32,768   0%  230.22kB/s    0:23:00  
      6,684,672   2%    2.15MB/s    0:02:21  
    173,932,544  54%   41.83MB/s    0:00:03  
    317,862,057 100%   63.95MB/s    0:00:04 (xfr#108, ir-chk=1002/11564)
WSI/dataset/TCGA-ESCA/1ffaf1bf-82a9-444e-a25e-d69a51b932cd/annotations.txt

            441 100%    0.55kB/s    0:00:00  
            441 100%    0.55kB/s    0:00:00 (xfr#109, ir-chk=1001/11564)
WSI/dataset/TCGA-ESCA/1ffaf1bf-82a9-444e-a25e-d69a51b932cd/logs/TCGA-IC-A6RF-01A-01-TS1.036BAE29-A6BF-4137-BFA5-4AA77358A9D8.svs.parcel

         20,572 100%   25.56kB/s    0:00:00  
         20,572 100%   25.56kB/s    0:00:00 (xfr#110, ir-chk=1001/11566)
WSI/dataset/TCGA-ESCA/21a715b2-4fc3-4f90-9c0f-ee8bf5ce9f61/
WSI/dataset/TCGA-ESCA/21a715b2-4fc3-4f90-9c0f-ee8bf5ce9f61/TCGA-XP-A8T6-01A-01-TS1.E2052521-32D1-4768-BA06-DCF994CE4407.svs

         32,768   0%   40.25kB/s    2:04:29  
     15,204,352   5%   10.26MB/s    0:00:27  
    210,894,848  70%   83.35MB/s    0:00:01  
    300,700,509 100%   97.64MB/s    0:00:02 (xfr#111, ir-chk=1001/11567)
WSI/dataset/TCGA-ESCA/21a715b2-4fc3-4f90-9c0f-ee8bf5ce9f61/logs/TCGA-XP-A8T6-01A-01-TS1.E2052521-32D1-4768-BA06-DCF994CE4407.svs.parcel

         18,304 100%   33.92kB/s    0:00:00  
         18,304 100%   33.92kB/s    0:00:00 (xfr#112, ir-chk=1001/11569)
WSI/dataset/TCGA-ESCA/222998c0-4748-4f51-be87-97c557d2a478/
WSI/dataset/TCGA-ESCA/222998c0-4748-4f51-be87-97c557d2a478/TCGA-LN-A49W-01Z-00-DX1.3CD875DD-ADDA-4462-AAEA-4C7C2F48A1AA.svs

         32,768   0%   59.04kB/s    3:27:12  
     10,092,544   1%    8.55MB/s    0:01:22  
    196,476,928  26%   88.18MB/s    0:00:05  
    395,837,440  53%  119.80MB/s    0:00:02  
    577,241,088  78%  132.62MB/s    0:00:01  
    734,069,956 100%  142.67MB/s    0:00:04 (xfr#113, ir-chk=1001/11570)
WSI/dataset/TCGA-ESCA/222998c0-4748-4f51-be87-97c557d2a478/logs/TCGA-LN-A49W-01Z-00-DX1.3CD875DD-ADDA-4462-AAEA-4C7C2F48A1AA.svs.parcel

         32,768  71%   42.16kB/s    0:00:00  
         45,520 100%   58.49kB/s    0:00:00 (xfr#114, ir-chk=1001/11572)
WSI/dataset/TCGA-ESCA/2287abef-07a5-4254-b01b-7e6d97861ae7/
WSI/dataset/TCGA-ESCA/2287abef-07a5-4254-b01b-7e6d97861ae7/TCGA-R6-A6L6-01Z-00-DX1.8B0A74E3-35C0-49AE-B130-D956AB6AFC83.svs

         32,768   0%   41.88kB/s    3:08:36  
     10,092,544   2%    4.56MB/s    0:01:39  
    227,147,776  47%   69.70MB/s    0:00:03  
    401,113,088  84%   93.14MB/s    0:00:00  
    474,011,231 100%   97.68MB/s    0:00:04 (xfr#115, ir-chk=1001/11573)
WSI/dataset/TCGA-ESCA/2287abef-07a5-4254-b01b-7e6d97861ae7/logs/TCGA-R6-A6L6-01Z-00-DX1.8B0A74E3-35C0-49AE-B130-D956AB6AFC83.svs.parcel

         29,644 100%   55.25kB/s    0:00:00  
         29,644 100%   55.25kB/s    0:00:00 (xfr#116, ir-chk=1001/11575)
WSI/dataset/TCGA-ESCA/240d4e61-a26f-43ea-ab16-41c0ebf48fbe/
WSI/dataset/TCGA-ESCA/240d4e61-a26f-43ea-ab16-41c0ebf48fbe/TCGA-L5-A4OM-01A-01-TS1.B1A6B3A2-0C33-4D8C-852A-6AE58C3D9A51.svs

         32,768   0%   59.81kB/s    1:16:40  
      5,767,168   2%    3.70MB/s    0:01:11  
    185,335,808  67%   71.16MB/s    0:00:01  
    275,219,637 100%   88.49MB/s    0:00:02 (xfr#117, ir-chk=1001/11576)
WSI/dataset/TCGA-ESCA/240d4e61-a26f-43ea-ab16-41c0ebf48fbe/logs/TCGA-L5-A4OM-01A-01-TS1.B1A6B3A2-0C33-4D8C-852A-6AE58C3D9A51.svs.parcel

         18,304 100%   36.70kB/s    0:00:00  
         18,304 100%   36.70kB/s    0:00:00 (xfr#118, ir-chk=1001/11578)
WSI/dataset/TCGA-ESCA/242a2e07-fd43-4424-9d44-86f2b95a1c4a/
WSI/dataset/TCGA-ESCA/242a2e07-fd43-4424-9d44-86f2b95a1c4a/TCGA-IG-A5B8-01A-01-TSA.4AD162CA-C044-4EA2-BC26-FB48337E5CDE.svs

         32,768   0%   65.04kB/s    0:45:24  
     17,170,432   9%   16.38MB/s    0:00:09  
    125,304,832  70%   59.75MB/s    0:00:00  
    177,249,187 100%   70.99MB/s    0:00:02 (xfr#119, ir-chk=1001/11579)
WSI/dataset/TCGA-ESCA/242a2e07-fd43-4424-9d44-86f2b95a1c4a/logs/TCGA-IG-A5B8-01A-01-TSA.4AD162CA-C044-4EA2-BC26-FB48337E5CDE.svs.parcel

         11,500 100%   29.02kB/s    0:00:00  
         11,500 100%   29.02kB/s    0:00:00 (xfr#120, ir-chk=1001/11581)
WSI/dataset/TCGA-ESCA/24609e2c-6fef-4f57-9e74-c30c77ff25d1/
WSI/dataset/TCGA-ESCA/24609e2c-6fef-4f57-9e74-c30c77ff25d1/TCGA-L5-A4OQ-01Z-00-DX1.644B5159-E8B8-4BC4-94FB-20F449FBBB01.svs

         32,768   0%   81.22kB/s    5:48:09  
     87,425,024   5%   83.38MB/s    0:00:18  
    289,538,048  17%  138.13MB/s    0:00:09  
    517,865,472  30%  164.68MB/s    0:00:06  
    734,527,488  43%  175.21MB/s    0:00:05  
    979,632,128  57%  212.88MB/s    0:00:03  
  1,206,517,760  71%  218.79MB/s    0:00:02  
  1,410,727,936  83%  212.98MB/s    0:00:01  
  1,605,926,912  94%  207.86MB/s    0:00:00  
  1,696,609,273 100%  192.62MB/s    0:00:08 (xfr#121, ir-chk=1001/11582)
WSI/dataset/TCGA-ESCA/24609e2c-6fef-4f57-9e74-c30c77ff25d1/logs/TCGA-L5-A4OQ-01Z-00-DX1.644B5159-E8B8-4BC4-94FB-20F449FBBB01.svs.parcel

         32,768  32%   77.48kB/s    0:00:00  
        102,231 100%  240.57kB/s    0:00:00 (xfr#122, ir-chk=1002/11585)
WSI/dataset/TCGA-ESCA/247149b2-9eff-4d23-a861-b70b8bc740ab/
WSI/dataset/TCGA-ESCA/247149b2-9eff-4d23-a861-b70b8bc740ab/TCGA-ZR-A9CJ-01Z-00-DX1.4A1AE826-FB78-4DD3-8814-570CE0E186AE.svs

         32,768   0%   76.56kB/s    2:40:28  
      3,276,800   0%    1.06MB/s    0:11:18  
    116,391,936  15%   28.04MB/s    0:00:21  
    293,863,424  39%   56.52MB/s    0:00:07  
    460,849,152  62%   73.77MB/s    0:00:03  
    610,664,448  82%  144.92MB/s    0:00:00  
    737,115,940 100%   91.11MB/s    0:00:07 (xfr#123, ir-chk=1001/11585)
WSI/dataset/TCGA-ESCA/247149b2-9eff-4d23-a861-b70b8bc740ab/logs/TCGA-ZR-A9CJ-01Z-00-DX1.4A1AE826-FB78-4DD3-8814-570CE0E186AE.svs.parcel

         32,768  71%   41.88kB/s    0:00:00  
         45,520 100%   58.11kB/s    0:00:00 (xfr#124, ir-chk=1000/11586)
WSI/dataset/TCGA-ESCA/24f48355-52b7-4bfa-8d6f-67fe7c5bebac/
WSI/dataset/TCGA-ESCA/24f48355-52b7-4bfa-8d6f-67fe7c5bebac/TCGA-L5-A8NR-11A-01-TS1.A2510AEC-90FA-4D7F-8C6A-812A098C96EE.svs

         32,768   0%   40.87kB/s    0:21:31  
      4,718,592   8%    2.38MB/s    0:00:19  
     52,801,605 100%   22.91MB/s    0:00:02 (xfr#125, ir-chk=1001/11588)
WSI/dataset/TCGA-ESCA/24f48355-52b7-4bfa-8d6f-67fe7c5bebac/logs/TCGA-L5-A8NR-11A-01-TS1.A2510AEC-90FA-4D7F-8C6A-812A098C96EE.svs.parcel

          4,696 100%   14.51kB/s    0:00:00  
          4,696 100%   14.51kB/s    0:00:00 (xfr#126, ir-chk=1000/11589)
WSI/dataset/TCGA-ESCA/2529bbd3-0448-465d-a235-6910f089356a/
WSI/dataset/TCGA-ESCA/2529bbd3-0448-465d-a235-6910f089356a/TCGA-L5-A4OT-01A-01-TS1.256D96C1-3473-4DD3-A11D-9607CAA04D5C.svs

         32,768   0%   99.07kB/s    1:21:46  
    103,546,880  21%   98.75MB/s    0:00:03  
    235,274,240  48%  112.19MB/s    0:00:02  
    394,526,720  81%  125.42MB/s    0:00:00  
    486,121,639 100%  132.16MB/s    0:00:03 (xfr#127, ir-chk=1001/11591)
WSI/dataset/TCGA-ESCA/2529bbd3-0448-465d-a235-6910f089356a/logs/.parcel_buisiliz

              0 100%    0.00kB/s    0:00:00 (xfr#128, ir-chk=1002/11594)
WSI/dataset/TCGA-ESCA/2529bbd3-0448-465d-a235-6910f089356a/logs/TCGA-L5-A4OT-01A-01-TS1.256D96C1-3473-4DD3-A11D-9607CAA04D5C.svs.parcel

         29,644 100%   56.10kB/s    0:00:00  
         29,644 100%   56.10kB/s    0:00:00 (xfr#129, ir-chk=1001/11594)
WSI/dataset/TCGA-ESCA/264cf686-7cc0-43c0-ab6d-aae28a0c706e/
WSI/dataset/TCGA-ESCA/264cf686-7cc0-43c0-ab6d-aae28a0c706e/TCGA-2H-A9GK-01Z-00-DX1.8C5C5BF2-4BB9-43B2-8F75-3B2782255C29.svs

         32,768   0%   61.30kB/s    6:59:03  
     13,893,632   0%   10.39MB/s    0:02:23  
    223,903,744  14%   93.90MB/s    0:00:13  
    417,988,608  27%  121.75MB/s    0:00:09  
    593,756,160  38%  132.52MB/s    0:00:06  
    773,193,728  50%  181.12MB/s    0:00:04  
    936,771,584  60%  170.05MB/s    0:00:03  
  1,067,450,368  69%  154.96MB/s    0:00:02  
  1,238,499,328  80%  153.83MB/s    0:00:01  
  1,433,698,304  93%  157.59MB/s    0:00:00  
  1,541,399,029 100%  150.44MB/s    0:00:09 (xfr#130, ir-chk=1001/11595)
WSI/dataset/TCGA-ESCA/264cf686-7cc0-43c0-ab6d-aae28a0c706e/logs/TCGA-2H-A9GK-01Z-00-DX1.8C5C5BF2-4BB9-43B2-8F75-3B2782255C29.svs.parcel

         32,768  35%   63.12kB/s    0:00:00  
         93,159 100%  178.73kB/s    0:00:00 (xfr#131, ir-chk=1001/11597)
WSI/dataset/TCGA-ESCA/267d2381-f29e-4994-8e5c-3d587f892d3c/
WSI/dataset/TCGA-ESCA/267d2381-f29e-4994-8e5c-3d587f892d3c/TCGA-L5-A8NJ-01A-01-TS1.6C0FB078-52D9-4332-A86F-9C30DDB14933.svs

         32,768   0%   61.90kB/s    0:54:05  
      6,946,816   3%    2.36MB/s    0:01:20  
    164,102,144  81%   41.17MB/s    0:00:00  
    200,896,053 100%   48.22MB/s    0:00:03 (xfr#132, ir-chk=1001/11598)
WSI/dataset/TCGA-ESCA/267d2381-f29e-4994-8e5c-3d587f892d3c/logs/TCGA-L5-A8NJ-01A-01-TS1.6C0FB078-52D9-4332-A86F-9C30DDB14933.svs.parcel

         13,768 100%   76.39kB/s    0:00:00  
         13,768 100%   76.39kB/s    0:00:00 (xfr#133, ir-chk=1001/11600)
WSI/dataset/TCGA-ESCA/290188aa-ecee-4e63-b2fa-d6dc1eb04c26/
WSI/dataset/TCGA-ESCA/290188aa-ecee-4e63-b2fa-d6dc1eb04c26/TCGA-IG-A3QL-01Z-00-DX1.D7C07E36-F35B-4369-A215-159E0085767C.svs

         32,768   0%  157.64kB/s    0:28:26  
     60,162,048  22%   57.38MB/s    0:00:03  
    199,753,728  74%   95.25MB/s    0:00:00  
    269,025,073 100%  102.30MB/s    0:00:02 (xfr#134, ir-chk=1001/11601)
WSI/dataset/TCGA-ESCA/290188aa-ecee-4e63-b2fa-d6dc1eb04c26/logs/TCGA-IG-A3QL-01Z-00-DX1.D7C07E36-F35B-4369-A215-159E0085767C.svs.parcel

         18,304 100%   34.51kB/s    0:00:00  
         18,304 100%   34.51kB/s    0:00:00 (xfr#135, ir-chk=1001/11603)
WSI/dataset/TCGA-ESCA/2a467b52-9f60-4ab3-9ae4-56cdbbccff1e/
WSI/dataset/TCGA-ESCA/2a467b52-9f60-4ab3-9ae4-56cdbbccff1e/TCGA-LN-A4A6-01A-01-TSA.DEA9FBBB-5309-43C5-B6E0-AC2A128CC675.svs

         32,768   0%   60.84kB/s    0:42:26  
      6,160,384   3%    5.88MB/s    0:00:24  
     90,734,592  58%   43.29MB/s    0:00:01  
    154,944,379 100%   60.19MB/s    0:00:02 (xfr#136, ir-chk=1001/11604)
WSI/dataset/TCGA-ESCA/2a467b52-9f60-4ab3-9ae4-56cdbbccff1e/logs/TCGA-LN-A4A6-01A-01-TSA.DEA9FBBB-5309-43C5-B6E0-AC2A128CC675.svs.parcel

         11,500 100%   24.41kB/s    0:00:00  
         11,500 100%   24.41kB/s    0:00:00 (xfr#137, ir-chk=1001/11606)
WSI/dataset/TCGA-ESCA/2aca123b-b02b-428a-b705-a936e6635ec1/
WSI/dataset/TCGA-ESCA/2aca123b-b02b-428a-b705-a936e6635ec1/TCGA-L5-A43C-11A-01-TSA.A36208BD-80AF-4C7E-B41E-7D6B312C27F1.svs

         32,768   0%   68.67kB/s    0:08:58  
     36,977,851 100%   41.54MB/s    0:00:00 (xfr#138, ir-chk=1001/11607)
WSI/dataset/TCGA-ESCA/2aca123b-b02b-428a-b705-a936e6635ec1/logs/TCGA-L5-A43C-11A-01-TSA.A36208BD-80AF-4C7E-B41E-7D6B312C27F1.svs.parcel

          2,428 100%    2.77kB/s    0:00:00  
          2,428 100%    2.77kB/s    0:00:00 (xfr#139, ir-chk=1001/11609)
WSI/dataset/TCGA-ESCA/2b01449e-af69-4245-beee-f7526d63adc2/
WSI/dataset/TCGA-ESCA/2b01449e-af69-4245-beee-f7526d63adc2/TCGA-L5-A4OU-01A-01-TS1.FF76A973-4651-4282-870A-7BED6B7B3244.svs

         32,768   0%   37.04kB/s    1:39:08  
     11,272,192   5%   10.75MB/s    0:00:18  
    151,486,464  68%   72.23MB/s    0:00:00  
    220,332,363 100%   86.83MB/s    0:00:02 (xfr#140, ir-chk=1001/11610)
WSI/dataset/TCGA-ESCA/2b01449e-af69-4245-beee-f7526d63adc2/logs/TCGA-L5-A4OU-01A-01-TS1.FF76A973-4651-4282-870A-7BED6B7B3244.svs.parcel

         13,768 100%   31.49kB/s    0:00:00  
         13,768 100%   31.49kB/s    0:00:00 (xfr#141, ir-chk=1001/11612)
WSI/dataset/TCGA-ESCA/2b24de1e-1eea-4ed0-9c3e-632eefae0e4f/
WSI/dataset/TCGA-ESCA/2b24de1e-1eea-4ed0-9c3e-632eefae0e4f/TCGA-2H-A9GG-01A-01-TS1.3224BBEA-9099-4932-B119-884D9F71FB68.svs

         32,768   0%   73.73kB/s    0:21:55  
     22,413,312  23%   21.38MB/s    0:00:03  
     97,014,279 100%   65.76MB/s    0:00:01 (xfr#142, ir-chk=1001/11613)
WSI/dataset/TCGA-ESCA/2b24de1e-1eea-4ed0-9c3e-632eefae0e4f/logs/TCGA-2H-A9GG-01A-01-TS1.3224BBEA-9099-4932-B119-884D9F71FB68.svs.parcel

          6,964 100%   16.43kB/s    0:00:00  
          6,964 100%   16.43kB/s    0:00:00 (xfr#143, ir-chk=1001/11615)
WSI/dataset/TCGA-ESCA/2c1b74d5-0fc0-46cd-a98f-f7cd85b47ede/
WSI/dataset/TCGA-ESCA/2c1b74d5-0fc0-46cd-a98f-f7cd85b47ede/TCGA-VR-A8EQ-01Z-00-DX1.95A03B88-63AB-4432-8D4A-B4B73D8ACEDD.svs

         32,768   0%   76.01kB/s    5:10:43  
     93,323,264   6%   89.00MB/s    0:00:14  
    274,497,536  19%  130.96MB/s    0:00:08  
    448,266,240  31%  142.60MB/s    0:00:06  
    628,621,312  44%  149.95MB/s    0:00:05  
    815,792,128  57%  171.56MB/s    0:00:03  
  1,023,705,088  72%  177.91MB/s    0:00:02  
  1,245,478,912  87%  189.36MB/s    0:00:00  
  1,417,096,255 100%  174.97MB/s    0:00:07 (xfr#144, ir-chk=1001/11616)
WSI/dataset/TCGA-ESCA/2c1b74d5-0fc0-46cd-a98f-f7cd85b47ede/logs/.parcel_9ui2fak6

              0 100%    0.00kB/s    0:00:00 (xfr#145, ir-chk=1001/11618)
WSI/dataset/TCGA-ESCA/2c1b74d5-0fc0-46cd-a98f-f7cd85b47ede/logs/TCGA-VR-A8EQ-01Z-00-DX1.95A03B88-63AB-4432-8D4A-B4B73D8ACEDD.svs.parcel

         32,768  37%   44.38kB/s    0:00:01  
         86,355 100%  116.80kB/s    0:00:00 (xfr#146, ir-chk=1000/11618)
WSI/dataset/TCGA-ESCA/2c6a6f7f-35d9-455e-ad93-0836a8066a29/
WSI/dataset/TCGA-ESCA/2c6a6f7f-35d9-455e-ad93-0836a8066a29/TCGA-L5-A43I-11A-01-TSA.7502BF01-FBAE-4881-A846-8FE3351AAC79.svs

         32,768   0%   43.24kB/s    0:20:09  
      4,980,736   9%    1.83MB/s    0:00:25  
     52,339,829 100%   17.68MB/s    0:00:02 (xfr#147, ir-chk=1003/11622)
WSI/dataset/TCGA-ESCA/2c6a6f7f-35d9-455e-ad93-0836a8066a29/logs/TCGA-L5-A43I-11A-01-TSA.7502BF01-FBAE-4881-A846-8FE3351AAC79.svs.parcel

          4,696 100%   19.77kB/s    0:00:00  
          4,696 100%   19.77kB/s    0:00:00 (xfr#148, ir-chk=1001/11622)
WSI/dataset/TCGA-ESCA/2c8dcc20-9d9d-4417-9dea-f7b4c729771c/
WSI/dataset/TCGA-ESCA/2c8dcc20-9d9d-4417-9dea-f7b4c729771c/TCGA-LN-A5U7-01A-01-TSA.91176C8C-BC90-440F-B691-83ABF36BF4D9.svs

         32,768   0%  133.89kB/s    0:12:02  
     96,773,073 100%  104.40MB/s    0:00:00 (xfr#149, ir-chk=1005/11627)
WSI/dataset/TCGA-ESCA/2c8dcc20-9d9d-4417-9dea-f7b4c729771c/logs/TCGA-LN-A5U7-01A-01-TSA.91176C8C-BC90-440F-B691-83ABF36BF4D9.svs.parcel

          6,964 100%    7.66kB/s    0:00:00  
          6,964 100%    7.66kB/s    0:00:00 (xfr#150, ir-chk=1003/11627)
WSI/dataset/TCGA-ESCA/2c9e930d-b49e-4e83-8282-4fa50c6718fd/
WSI/dataset/TCGA-ESCA/2c9e930d-b49e-4e83-8282-4fa50c6718fd/TCGA-VR-A8ER-01A-01-TS1.539ED185-FE73-46FF-BD77-64E6DB9060C6.svs

         32,768   0%   35.91kB/s    2:22:08  
      7,864,320   2%    7.30MB/s    0:00:39  
    152,961,024  49%   72.00MB/s    0:00:02  
    297,140,224  97%   93.65MB/s    0:00:00  
    306,318,433 100%   95.25MB/s    0:00:03 (xfr#151, ir-chk=1002/11627)
WSI/dataset/TCGA-ESCA/2c9e930d-b49e-4e83-8282-4fa50c6718fd/logs/TCGA-VR-A8ER-01A-01-TS1.539ED185-FE73-46FF-BD77-64E6DB9060C6.svs.parcel

         20,572 100%  446.44kB/s    0:00:00  
         20,572 100%  446.44kB/s    0:00:00 (xfr#152, ir-chk=1000/11627)
WSI/dataset/TCGA-ESCA/2cc078e9-f86d-4136-a075-b203ef085a40/
WSI/dataset/TCGA-ESCA/2cc078e9-f86d-4136-a075-b203ef085a40/TCGA-L5-A43J-11A-01-TSA.11C352C4-D111-42C6-A82B-9DA0CE7E1535.svs

         32,768   0%  627.45kB/s    0:01:40  
     62,791,119 100%   70.95MB/s    0:00:00 (xfr#153, ir-chk=1001/11629)
WSI/dataset/TCGA-ESCA/2cc078e9-f86d-4136-a075-b203ef085a40/logs/TCGA-L5-A43J-11A-01-TSA.11C352C4-D111-42C6-A82B-9DA0CE7E1535.svs.parcel

          4,696 100%    5.36kB/s    0:00:00  
          4,696 100%    5.36kB/s    0:00:00 (xfr#154, to-chk=1004/11634)
WSI/dataset/TCGA-ESCA/2ce27139-eef4-42bd-b619-7a062bac6f92/
WSI/dataset/TCGA-ESCA/2ce27139-eef4-42bd-b619-7a062bac6f92/TCGA-VR-A8EQ-01A-01-TS1.6B02B516-AEFC-4EA9-B4A5-7DE1FA80031B.svs

         32,768   0%   37.17kB/s    1:20:31  
     11,796,480   6%   11.25MB/s    0:00:14  
    179,593,349 100%   86.15MB/s    0:00:01 (xfr#155, to-chk=1003/11634)
WSI/dataset/TCGA-ESCA/2ce27139-eef4-42bd-b619-7a062bac6f92/logs/TCGA-VR-A8EQ-01A-01-TS1.6B02B516-AEFC-4EA9-B4A5-7DE1FA80031B.svs.parcel

         11,500 100%   11.32kB/s    0:00:00  
         11,500 100%   11.32kB/s    0:00:00 (xfr#156, to-chk=1001/11634)
WSI/dataset/TCGA-ESCA/2d0056b2-3f93-4a3e-b298-c7f9e4207dd7/
WSI/dataset/TCGA-ESCA/2d0056b2-3f93-4a3e-b298-c7f9e4207dd7/TCGA-JY-A93D-01Z-00-DX1.14D17584-237D-4197-AC50-F8293D576445.svs

         32,768   0%   32.06kB/s   14:54:07  
        393,216   0%  384.00kB/s    1:14:38  
    145,620,992   8%   69.47MB/s    0:00:22  
    393,216,000  22%  125.08MB/s    0:00:10  
    623,509,504  36%  148.77MB/s    0:00:07  
    861,536,256  50%  205.47MB/s    0:00:04  
  1,099,956,224  63%  227.70MB/s    0:00:02  
  1,311,375,360  76%  219.02MB/s    0:00:01  
  1,531,838,464  89%  216.67MB/s    0:00:00  
  1,720,187,646 100%  186.12MB/s    0:00:08 (xfr#157, to-chk=1000/11634)
WSI/dataset/TCGA-ESCA/2d0056b2-3f93-4a3e-b298-c7f9e4207dd7/logs/TCGA-JY-A93D-01Z-00-DX1.14D17584-237D-4197-AC50-F8293D576445.svs.parcel

         32,768  31%   38.83kB/s    0:00:01  
        104,499 100%  123.55kB/s    0:00:00 (xfr#158, to-chk=998/11634)
WSI/dataset/TCGA-ESCA/2d23c998-de01-4fb6-b05e-cac4b2ede1da/
WSI/dataset/TCGA-ESCA/2d23c998-de01-4fb6-b05e-cac4b2ede1da/TCGA-VR-A8EW-01A-01-TS1.0B6792E6-9383-4EB6-A480-66535F8D0B84.svs

         32,768   0%   38.55kB/s    0:57:18  
      5,636,096   4%    1.43MB/s    0:01:26  
    132,610,327 100%   28.54MB/s    0:00:04 (xfr#159, to-chk=997/11634)
WSI/dataset/TCGA-ESCA/2d23c998-de01-4fb6-b05e-cac4b2ede1da/logs/TCGA-VR-A8EW-01A-01-TS1.0B6792E6-9383-4EB6-A480-66535F8D0B84.svs.parcel

          9,232 100%   13.58kB/s    0:00:00  
          9,232 100%   13.58kB/s    0:00:00 (xfr#160, to-chk=995/11634)
WSI/dataset/TCGA-ESCA/2fb32a4c-8a73-4417-ac82-fe3b8e131108/
WSI/dataset/TCGA-ESCA/2fb32a4c-8a73-4417-ac82-fe3b8e131108/TCGA-RE-A7BO-01A-01-TS1.23CD310C-DAF9-415C-87EA-A94BC57F1613.svs

         32,768   0%   47.76kB/s    1:10:10  
     16,252,928   8%   15.50MB/s    0:00:11  
    127,401,984  63%   60.78MB/s    0:00:01  
    201,119,043 100%   74.78MB/s    0:00:02 (xfr#161, to-chk=994/11634)
WSI/dataset/TCGA-ESCA/2fb32a4c-8a73-4417-ac82-fe3b8e131108/logs/TCGA-RE-A7BO-01A-01-TS1.23CD310C-DAF9-415C-87EA-A94BC57F1613.svs.parcel

         13,768 100%   23.59kB/s    0:00:00  
         13,768 100%   23.59kB/s    0:00:00 (xfr#162, to-chk=992/11634)
WSI/dataset/TCGA-ESCA/3016e7b9-5227-4791-99e6-0922b11732f0/
WSI/dataset/TCGA-ESCA/3016e7b9-5227-4791-99e6-0922b11732f0/TCGA-VR-A8Q7-01Z-00-DX1.A85EC6C9-A5F4-4497-BFA0-9FE10A0E9A37.svs

         32,768   0%   55.65kB/s   10:22:28  
     16,252,928   0%   15.47MB/s    0:02:10  
    169,345,024   8%   80.67MB/s    0:00:23  
    337,248,256  16%  104.87MB/s    0:00:16  
    519,864,320  25%  121.93MB/s    0:00:12  
    711,065,600  34%  163.13MB/s    0:00:08  
    937,820,160  45%  180.33MB/s    0:00:06  
  1,191,706,624  57%  203.77MB/s    0:00:04  
  1,435,271,168  69%  218.30MB/s    0:00:02  
  1,664,122,880  80%  227.28MB/s    0:00:01  
  1,864,761,344  89%  221.17MB/s    0:00:00  
  2,034,499,584  97%  201.09MB/s    0:00:00  
  2,078,533,131 100%  175.96MB/s    0:00:11 (xfr#163, to-chk=991/11634)
WSI/dataset/TCGA-ESCA/3016e7b9-5227-4791-99e6-0922b11732f0/logs/.parcel_uz5b4o87

              0 100%    0.00kB/s    0:00:00 (xfr#164, to-chk=989/11634)
WSI/dataset/TCGA-ESCA/3016e7b9-5227-4791-99e6-0922b11732f0/logs/TCGA-VR-A8Q7-01Z-00-DX1.A85EC6C9-A5F4-4497-BFA0-9FE10A0E9A37.svs.parcel

         32,768  25%  155.34kB/s    0:00:00  
        127,181 100%  594.26kB/s    0:00:00 (xfr#165, to-chk=988/11634)
WSI/dataset/TCGA-ESCA/314039ec-79b3-4ba2-9144-f595177b0af1/
WSI/dataset/TCGA-ESCA/314039ec-79b3-4ba2-9144-f595177b0af1/TCGA-L5-A4OI-01Z-00-DX1.1F7F53B3-17E7-48D2-AF41-51694EEB14F7.svs

         32,768   0%  150.94kB/s    4:06:12  
      9,043,968   0%    2.81MB/s    0:12:52  
    221,380,608   9%   51.86MB/s    0:00:37  
    441,712,640  19%   83.07MB/s    0:00:21  
    639,762,432  28%  100.51MB/s    0:00:15  
    857,735,168  38%  202.50MB/s    0:00:06  
  1,076,658,176  48%  204.07MB/s    0:00:05  
  1,307,049,984  58%  206.47MB/s    0:00:04  
  1,545,469,952  69%  216.05MB/s    0:00:03  
  1,731,067,904  77%  208.27MB/s    0:00:02  
  1,930,297,344  86%  203.52MB/s    0:00:01  
  2,156,265,472  96%  202.47MB/s    0:00:00  
  2,229,825,429 100%  158.71MB/s    0:00:13 (xfr#166, to-chk=987/11634)
WSI/dataset/TCGA-ESCA/314039ec-79b3-4ba2-9144-f595177b0af1/logs/TCGA-L5-A4OI-01Z-00-DX1.1F7F53B3-17E7-48D2-AF41-51694EEB14F7.svs.parcel

         32,768  23%   94.67kB/s    0:00:01  
        136,588 100%  392.31kB/s    0:00:00 (xfr#167, to-chk=985/11634)
WSI/dataset/TCGA-ESCA/3186f1d2-df7b-42e7-85d2-fd557a455c00/
WSI/dataset/TCGA-ESCA/3186f1d2-df7b-42e7-85d2-fd557a455c00/TCGA-L5-A4OW-01A-01-TS1.0E9DEEDC-3EB1-403E-A0DA-F589513526D7.svs

         32,768   0%   93.02kB/s    0:37:27  
      4,456,448   2%    1.00MB/s    0:03:19  
    141,950,976  67%   25.83MB/s    0:00:02  
    209,058,335 100%   35.41MB/s    0:00:05 (xfr#168, to-chk=984/11634)
WSI/dataset/TCGA-ESCA/3186f1d2-df7b-42e7-85d2-fd557a455c00/logs/TCGA-L5-A4OW-01A-01-TS1.0E9DEEDC-3EB1-403E-A0DA-F589513526D7.svs.parcel

         13,768 100%   34.39kB/s    0:00:00  
         13,768 100%   34.39kB/s    0:00:00 (xfr#169, to-chk=982/11634)
WSI/dataset/TCGA-ESCA/33deff9e-b2bf-4f94-b5f0-9a60805463b0/
WSI/dataset/TCGA-ESCA/33deff9e-b2bf-4f94-b5f0-9a60805463b0/TCGA-IG-A7DP-01Z-00-DX1.81A5A30F-6979-4DC1-A2D5-250EC5E42C4C.svs

         32,768   0%   81.01kB/s    6:08:21  
     52,297,728   2%   49.88MB/s    0:00:34  
    214,040,576  11%  102.11MB/s    0:00:15  
    378,929,152  21%  120.50MB/s    0:00:11  
    547,127,296  30%  130.51MB/s    0:00:09  
    758,906,880  42%  168.55MB/s    0:00:05  
    966,131,712  53%  179.40MB/s    0:00:04  
  1,159,725,056  64%  186.30MB/s    0:00:03  
  1,343,881,216  75%  190.06MB/s    0:00:02  
  1,522,270,208  85%  182.05MB/s    0:00:01  
  1,730,543,616  96%  182.25MB/s    0:00:00  
  1,790,510,059 100%  166.22MB/s    0:00:10 (xfr#170, to-chk=981/11634)
WSI/dataset/TCGA-ESCA/33deff9e-b2bf-4f94-b5f0-9a60805463b0/logs/TCGA-IG-A7DP-01Z-00-DX1.81A5A30F-6979-4DC1-A2D5-250EC5E42C4C.svs.parcel

         32,768  30%  114.29kB/s    0:00:00  
        109,035 100%  377.59kB/s    0:00:00 (xfr#171, to-chk=979/11634)
WSI/dataset/TCGA-ESCA/34431e47-f33f-4b8f-b1bd-55e2d7f90979/
WSI/dataset/TCGA-ESCA/34431e47-f33f-4b8f-b1bd-55e2d7f90979/TCGA-L5-A8NS-01A-01-TS1.4F1D0ADB-2F1C-48F0-BBA2-25EB83DF8892.svs

         32,768   0%  111.50kB/s    0:41:11  
      7,077,888   2%    1.68MB/s    0:02:35  
    185,991,168  67%   35.43MB/s    0:00:02  
    275,587,091 100%   48.17MB/s    0:00:05 (xfr#172, to-chk=978/11634)
WSI/dataset/TCGA-ESCA/34431e47-f33f-4b8f-b1bd-55e2d7f90979/logs/.parcel_8qnapflv

              0 100%    0.00kB/s    0:00:00 (xfr#173, to-chk=976/11634)
WSI/dataset/TCGA-ESCA/34431e47-f33f-4b8f-b1bd-55e2d7f90979/logs/TCGA-L5-A8NS-01A-01-TS1.4F1D0ADB-2F1C-48F0-BBA2-25EB83DF8892.svs.parcel

         18,304 100%   39.37kB/s    0:00:00  
         18,304 100%   39.37kB/s    0:00:00 (xfr#174, to-chk=975/11634)
WSI/dataset/TCGA-ESCA/37449be4-a52f-40af-aba6-37a88a62f20c/
WSI/dataset/TCGA-ESCA/37449be4-a52f-40af-aba6-37a88a62f20c/TCGA-IG-A3YB-01Z-00-DX1.0A532E4E-E84D-4787-8218-AC38B30B2A96.svs

         32,768   0%   69.41kB/s    1:53:08  
     15,073,280   3%    9.22MB/s    0:00:48  
    168,951,808  35%   62.99MB/s    0:00:04  
    332,136,448  70%   89.02MB/s    0:00:01  
    471,253,755 100%  105.40MB/s    0:00:04 (xfr#175, to-chk=974/11634)
WSI/dataset/TCGA-ESCA/37449be4-a52f-40af-aba6-37a88a62f20c/logs/TCGA-IG-A3YB-01Z-00-DX1.0A532E4E-E84D-4787-8218-AC38B30B2A96.svs.parcel

         29,644 100%   40.83kB/s    0:00:00  
         29,644 100%   40.83kB/s    0:00:00 (xfr#176, to-chk=972/11634)
WSI/dataset/TCGA-ESCA/37b84bb9-61c9-48c5-840a-ac0ce3b087e4/
WSI/dataset/TCGA-ESCA/37b84bb9-61c9-48c5-840a-ac0ce3b087e4/TCGA-L5-A4OU-11A-01-TS1.9331C5A7-DA3B-415F-8880-915761BCF3B2.svs

         32,768   0%   44.82kB/s    0:28:55  
      3,538,944   4%    1.81MB/s    0:00:40  
     77,818,693 100%   32.55MB/s    0:00:02 (xfr#177, to-chk=971/11634)
WSI/dataset/TCGA-ESCA/37b84bb9-61c9-48c5-840a-ac0ce3b087e4/logs/TCGA-L5-A4OU-11A-01-TS1.9331C5A7-DA3B-415F-8880-915761BCF3B2.svs.parcel

          6,964 100%   16.31kB/s    0:00:00  
          6,964 100%   16.31kB/s    0:00:00 (xfr#178, to-chk=969/11634)
WSI/dataset/TCGA-ESCA/38f545fc-6652-481a-ae91-6e1997321519/
WSI/dataset/TCGA-ESCA/38f545fc-6652-481a-ae91-6e1997321519/TCGA-R6-A6KZ-01Z-00-DX1.B886CFAB-E8D0-4FA5-AD76-70704B66A4E0.svs

         32,768   0%   75.83kB/s    1:33:44  
     99,123,200  23%   94.53MB/s    0:00:03  
    285,212,672  66%  136.07MB/s    0:00:01  
    414,056,448  97%  131.71MB/s    0:00:00  
    426,514,797 100%  131.08MB/s    0:00:03 (xfr#179, to-chk=968/11634)
WSI/dataset/TCGA-ESCA/38f545fc-6652-481a-ae91-6e1997321519/logs/TCGA-R6-A6KZ-01Z-00-DX1.B886CFAB-E8D0-4FA5-AD76-70704B66A4E0.svs.parcel

         27,376 100%  243.04kB/s    0:00:00  
         27,376 100%  243.04kB/s    0:00:00 (xfr#180, to-chk=966/11634)
WSI/dataset/TCGA-ESCA/3a14fb96-6a4c-4102-bee4-38e885a157f9/
WSI/dataset/TCGA-ESCA/3a14fb96-6a4c-4102-bee4-38e885a157f9/TCGA-2H-A9GK-01A-01-TS1.9A1B972E-0BC2-4CE3-BAF2-4296DD5EEAE2.svs

         32,768   0%  278.26kB/s    0:17:51  
     23,330,816   7%   18.81MB/s    0:00:14  
    200,540,160  67%   87.61MB/s    0:00:01  
    298,206,825 100%   99.20MB/s    0:00:02 (xfr#181, to-chk=965/11634)
WSI/dataset/TCGA-ESCA/3a14fb96-6a4c-4102-bee4-38e885a157f9/logs/TCGA-2H-A9GK-01A-01-TS1.9A1B972E-0BC2-4CE3-BAF2-4296DD5EEAE2.svs.parcel

         18,367 100%   26.11kB/s    0:00:00  
         18,367 100%   26.11kB/s    0:00:00 (xfr#182, to-chk=963/11634)
WSI/dataset/TCGA-ESCA/3a9d5232-8109-4666-9544-2fa1f9dc8c60/
WSI/dataset/TCGA-ESCA/3a9d5232-8109-4666-9544-2fa1f9dc8c60/TCGA-L5-A8NI-11A-01-TS1.FC44F2C6-84EE-4841-B499-927F2B22FDCB.svs

         32,768   0%   46.24kB/s    0:08:47  
      3,407,872  13%    2.30MB/s    0:00:08  
     24,420,423 100%   15.25MB/s    0:00:01 (xfr#183, to-chk=962/11634)
WSI/dataset/TCGA-ESCA/3a9d5232-8109-4666-9544-2fa1f9dc8c60/logs/TCGA-L5-A8NI-11A-01-TS1.FC44F2C6-84EE-4841-B499-927F2B22FDCB.svs.parcel

          2,428 100%   19.44kB/s    0:00:00  
          2,428 100%   19.44kB/s    0:00:00 (xfr#184, to-chk=960/11634)
WSI/dataset/TCGA-ESCA/3b9da891-f131-4ff8-898e-879e5453b847/
WSI/dataset/TCGA-ESCA/3b9da891-f131-4ff8-898e-879e5453b847/TCGA-LN-A4A5-01Z-00-DX1.375EC417-663F-4E58-9369-C50BD2385C20.svs

         32,768   0%  251.97kB/s    0:24:54  
    166,985,728  44%  159.25MB/s    0:00:01  
    376,517,650 100%  181.90MB/s    0:00:01 (xfr#185, to-chk=959/11634)
WSI/dataset/TCGA-ESCA/3b9da891-f131-4ff8-898e-879e5453b847/logs/TCGA-LN-A4A5-01Z-00-DX1.375EC417-663F-4E58-9369-C50BD2385C20.svs.parcel

         22,840 100%   22.81kB/s    0:00:00  
         22,840 100%   22.78kB/s    0:00:00 (xfr#186, to-chk=957/11634)
WSI/dataset/TCGA-ESCA/3bf1ab12-052d-4a9b-b906-9064230a4996/
WSI/dataset/TCGA-ESCA/3bf1ab12-052d-4a9b-b906-9064230a4996/TCGA-LN-A8I1-01A-01-TSA.9F9815CD-2E3B-49D0-BBF5-C8305A1FD8F5.svs

         32,768   0%   32.59kB/s    3:16:09  
      1,605,632   0%    1.53MB/s    0:04:03  
     12,713,984   3%    5.27MB/s    0:01:08  
    167,018,496  43%   48.27MB/s    0:00:04  
    329,023,488  85%   72.97MB/s    0:00:00  
    383,553,369 100%   80.59MB/s    0:00:04 (xfr#187, to-chk=956/11634)
WSI/dataset/TCGA-ESCA/3bf1ab12-052d-4a9b-b906-9064230a4996/logs/TCGA-LN-A8I1-01A-01-TSA.9F9815CD-2E3B-49D0-BBF5-C8305A1FD8F5.svs.parcel

         25,108 100%  101.74kB/s    0:00:00  
         25,108 100%  101.74kB/s    0:00:00 (xfr#188, to-chk=954/11634)
WSI/dataset/TCGA-ESCA/3d09d56c-2a1b-4e33-8107-83c6cfbf013f/
WSI/dataset/TCGA-ESCA/3d09d56c-2a1b-4e33-8107-83c6cfbf013f/TCGA-2H-A9GR-01Z-00-DX1.612AB333-7732-4761-B6D0-25E52AFF94E7.svs

         32,768   0%  130.61kB/s    4:01:42  
     31,588,352   1%   30.12MB/s    0:01:00  
    171,704,320   9%   81.92MB/s    0:00:20  
    329,908,224  17%  104.91MB/s    0:00:14  
    486,146,048  25%  115.96MB/s    0:00:11  
    666,632,192  35%  151.44MB/s    0:00:07  
    853,671,936  45%  162.63MB/s    0:00:06  
  1,014,267,904  53%  163.25MB/s    0:00:05  
  1,165,623,296  61%  162.08MB/s    0:00:04  
  1,329,070,080  70%  158.02MB/s    0:00:03  
  1,494,614,016  78%  152.93MB/s    0:00:02  
  1,639,579,648  86%  149.16MB/s    0:00:01  
  1,839,759,360  97%  160.81MB/s    0:00:00  
  1,894,232,667 100%  146.55MB/s    0:00:12 (xfr#189, to-chk=953/11634)
WSI/dataset/TCGA-ESCA/3d09d56c-2a1b-4e33-8107-83c6cfbf013f/logs/TCGA-2H-A9GR-01Z-00-DX1.612AB333-7732-4761-B6D0-25E52AFF94E7.svs.parcel

         32,768  28%   94.96kB/s    0:00:00  
        115,839 100%  333.70kB/s    0:00:00 (xfr#190, to-chk=951/11634)
WSI/dataset/TCGA-ESCA/3e1aeefa-ec39-4697-8c5d-e963d115b6d4/
WSI/dataset/TCGA-ESCA/3e1aeefa-ec39-4697-8c5d-e963d115b6d4/TCGA-L5-A4OH-11A-01-TS1.A7A3D1E9-16BF-45E8-A590-8493CB1DCF85.svs

         32,768   0%   92.75kB/s    0:11:48  
      4,325,376   6%    1.13MB/s    0:00:52  
     65,749,043 100%   15.53MB/s    0:00:04 (xfr#191, to-chk=950/11634)
WSI/dataset/TCGA-ESCA/3e1aeefa-ec39-4697-8c5d-e963d115b6d4/logs/TCGA-L5-A4OH-11A-01-TS1.A7A3D1E9-16BF-45E8-A590-8493CB1DCF85.svs.parcel

          4,696 100%   11.35kB/s    0:00:00  
          4,696 100%   11.35kB/s    0:00:00 (xfr#192, to-chk=948/11634)
WSI/dataset/TCGA-ESCA/3ed0e952-1315-4c10-b77f-e387c8456f1b/
WSI/dataset/TCGA-ESCA/3ed0e952-1315-4c10-b77f-e387c8456f1b/TCGA-V5-A7RE-01Z-00-DX1.71360DC3-F66C-4C4D-86CA-7964D56974FB.svs

         32,768   0%   78.62kB/s    0:11:18  
     44,040,192  82%   42.00MB/s    0:00:00  
     53,352,870 100%   46.42MB/s    0:00:01 (xfr#193, to-chk=947/11634)
WSI/dataset/TCGA-ESCA/3ed0e952-1315-4c10-b77f-e387c8456f1b/logs/TCGA-V5-A7RE-01Z-00-DX1.71360DC3-F66C-4C4D-86CA-7964D56974FB.svs.parcel

          4,696 100%   46.80kB/s    0:00:00  
          4,696 100%   46.80kB/s    0:00:00 (xfr#194, to-chk=945/11634)
WSI/dataset/TCGA-ESCA/406b57f5-0472-40eb-8db8-02ec17cc76e6/
WSI/dataset/TCGA-ESCA/406b57f5-0472-40eb-8db8-02ec17cc76e6/TCGA-LN-A49O-01Z-00-DX1.AB102F19-2483-4F79-B02C-825E74F3ADD8.svs

         32,768   0%  313.73kB/s    0:48:51  
    176,685,056  19%  168.50MB/s    0:00:04  
    388,104,192  42%  185.16MB/s    0:00:02  
    598,999,040  65%  190.54MB/s    0:00:01  
    792,592,384  86%  189.06MB/s    0:00:00  
    919,595,922 100%  185.96MB/s    0:00:04 (xfr#195, to-chk=944/11634)
WSI/dataset/TCGA-ESCA/406b57f5-0472-40eb-8db8-02ec17cc76e6/logs/TCGA-LN-A49O-01Z-00-DX1.AB102F19-2483-4F79-B02C-825E74F3ADD8.svs.parcel

         32,768  57%   44.38kB/s    0:00:00  
         56,860 100%   76.91kB/s    0:00:00 (xfr#196, to-chk=942/11634)
WSI/dataset/TCGA-ESCA/410ce1d3-522d-434c-8457-d2fdd5bb00b9/
WSI/dataset/TCGA-ESCA/410ce1d3-522d-434c-8457-d2fdd5bb00b9/TCGA-VR-A8Q7-01A-01-TS1.26486D61-A208-4C94-9A69-6C05DB274E70.svs

         32,768   0%   44.02kB/s    3:38:52  
     13,107,200   2%    5.88MB/s    0:01:33  
    153,092,096  26%   46.72MB/s    0:00:08  
    280,625,152  48%   64.88MB/s    0:00:04  
    413,138,944  71%   76.89MB/s    0:00:02  
    578,078,665 100%   90.07MB/s    0:00:06 (xfr#197, to-chk=941/11634)
WSI/dataset/TCGA-ESCA/410ce1d3-522d-434c-8457-d2fdd5bb00b9/logs/TCGA-VR-A8Q7-01A-01-TS1.26486D61-A208-4C94-9A69-6C05DB274E70.svs.parcel

         32,768  89%   32.00kB/s    0:00:00  
         36,448 100%   35.56kB/s    0:00:00  
         36,448 100%   35.56kB/s    0:00:01 (xfr#198, to-chk=939/11634)
WSI/dataset/TCGA-ESCA/427610d4-2627-4ad2-a6cd-17db1d5b39de/
WSI/dataset/TCGA-ESCA/427610d4-2627-4ad2-a6cd-17db1d5b39de/TCGA-LN-A49X-01A-03-TSC.AF5DAA8D-59DC-4F9E-8241-00FA1FE14C78.svs

         32,768   0%    6.25MB/s    0:00:48  
      7,077,888   2%    2.71MB/s    0:01:49  
    149,946,368  48%   41.02MB/s    0:00:03  
    292,421,632  94%   62.18MB/s    0:00:00  
    310,097,211 100%   64.74MB/s    0:00:04 (xfr#199, to-chk=938/11634)
WSI/dataset/TCGA-ESCA/427610d4-2627-4ad2-a6cd-17db1d5b39de/logs/TCGA-LN-A49X-01A-03-TSC.AF5DAA8D-59DC-4F9E-8241-00FA1FE14C78.svs.parcel

         20,572 100%  233.60kB/s    0:00:00  
         20,572 100%  233.60kB/s    0:00:00 (xfr#200, to-chk=936/11634)
WSI/dataset/TCGA-ESCA/4302c442-47bf-4dd3-bcab-36c4cb01baef/
WSI/dataset/TCGA-ESCA/4302c442-47bf-4dd3-bcab-36c4cb01baef/TCGA-V5-AASV-01Z-00-DX2.718FD821-E782-4388-83CB-A5E666AF66B1.svs

         32,768   0%  355.56kB/s    1:07:35  
     59,899,904   4%   57.12MB/s    0:00:23  
    246,939,648  17%  117.81MB/s    0:00:09  
    409,239,552  28%  130.05MB/s    0:00:07  
    595,722,240  41%  142.03MB/s    0:00:05  
    797,474,816  55%  175.85MB/s    0:00:03  
    995,885,056  69%  178.56MB/s    0:00:02  
  1,196,556,288  82%  187.80MB/s    0:00:01  
  1,378,385,920  95%  186.60MB/s    0:00:00  
  1,442,139,899 100%  159.48MB/s    0:00:08 (xfr#201, to-chk=935/11634)
WSI/dataset/TCGA-ESCA/4302c442-47bf-4dd3-bcab-36c4cb01baef/logs/TCGA-V5-AASV-01Z-00-DX2.718FD821-E782-4388-83CB-A5E666AF66B1.svs.parcel

         32,768  36%   50.87kB/s    0:00:01  
         88,623 100%  137.16kB/s    0:00:00 (xfr#202, to-chk=933/11634)
WSI/dataset/TCGA-ESCA/4441a1f5-63ed-457e-a6fd-d029e4f45369/
WSI/dataset/TCGA-ESCA/4441a1f5-63ed-457e-a6fd-d029e4f45369/TCGA-L5-A43E-01A-01-TSA.DD3CC3D9-3980-46A4-A1D5-96DB2B9AAD39.svs

         32,768   0%   50.47kB/s    0:59:43  
      4,718,592   2%    1.56MB/s    0:01:50  
    139,067,392  76%   33.80MB/s    0:00:01  
    180,924,023 100%   40.50MB/s    0:00:04 (xfr#203, to-chk=932/11634)
WSI/dataset/TCGA-ESCA/4441a1f5-63ed-457e-a6fd-d029e4f45369/logs/TCGA-L5-A43E-01A-01-TSA.DD3CC3D9-3980-46A4-A1D5-96DB2B9AAD39.svs.parcel

         11,500 100%   33.13kB/s    0:00:00  
         11,500 100%   33.03kB/s    0:00:00 (xfr#204, to-chk=930/11634)
WSI/dataset/TCGA-ESCA/44ca1972-b157-4058-90fd-718c8bb99f24/
WSI/dataset/TCGA-ESCA/44ca1972-b157-4058-90fd-718c8bb99f24/TCGA-IG-A3Y9-01A-01-TSA.468289A3-1C45-421B-B7DA-FEAF607EC4EF.svs

         32,768   0%   93.29kB/s    1:40:27  
     54,525,952   9%   52.00MB/s    0:00:09  
    197,525,504  35%   94.23MB/s    0:00:03  
    307,757,056  54%   97.90MB/s    0:00:02  
    463,077,376  82%  110.46MB/s    0:00:00  
    562,383,271 100%  118.76MB/s    0:00:04 (xfr#205, to-chk=929/11634)
WSI/dataset/TCGA-ESCA/44ca1972-b157-4058-90fd-718c8bb99f24/logs/TCGA-IG-A3Y9-01A-01-TSA.468289A3-1C45-421B-B7DA-FEAF607EC4EF.svs.parcel

         32,768  95%   61.54kB/s    0:00:00  
         34,180 100%   64.07kB/s    0:00:00 (xfr#206, to-chk=927/11634)
WSI/dataset/TCGA-ESCA/45781ab8-433d-43d7-bba7-cca54a3400f4/
WSI/dataset/TCGA-ESCA/45781ab8-433d-43d7-bba7-cca54a3400f4/TCGA-VR-A8ER-01Z-00-DX1.E0C2826D-B269-4F75-B6CF-CAEA9D1D8F38.svs

         32,768   0%   61.07kB/s    9:37:26  
     12,582,912   0%    9.06MB/s    0:03:46  
    247,234,560  11%  101.45MB/s    0:00:17  
    463,601,664  21%  133.01MB/s    0:00:12  
    642,121,728  30%  141.66MB/s    0:00:10  
    807,403,520  38%  189.59MB/s    0:00:06  
    981,172,224  46%  175.07MB/s    0:00:06  
  1,199,865,856  56%  175.63MB/s    0:00:05  
  1,435,107,328  67%  189.16MB/s    0:00:03  
  1,670,250,496  78%  205.82MB/s    0:00:02  
  1,818,492,928  85%  199.73MB/s    0:00:01  
  2,047,606,784  96%  202.17MB/s    0:00:00  
  2,115,875,315 100%  173.41MB/s    0:00:11 (xfr#207, to-chk=926/11634)
WSI/dataset/TCGA-ESCA/45781ab8-433d-43d7-bba7-cca54a3400f4/logs/TCGA-VR-A8ER-01Z-00-DX1.E0C2826D-B269-4F75-B6CF-CAEA9D1D8F38.svs.parcel

         32,768  25%  100.31kB/s    0:00:00  
        129,449 100%  393.82kB/s    0:00:00 (xfr#208, to-chk=924/11634)
WSI/dataset/TCGA-ESCA/458859fa-c621-40de-b4cd-7817c290043a/
WSI/dataset/TCGA-ESCA/458859fa-c621-40de-b4cd-7817c290043a/TCGA-IG-A97I-01Z-00-DX1.3C27B8C0-A346-4B05-98EF-6470C91F57BC.svs

         32,768   0%   98.16kB/s    0:50:21  
     22,151,168   7%    5.72MB/s    0:00:46  
    181,698,560  61%   36.93MB/s    0:00:03  
    296,610,667 100%   53.38MB/s    0:00:05 (xfr#209, to-chk=923/11634)
WSI/dataset/TCGA-ESCA/458859fa-c621-40de-b4cd-7817c290043a/logs/TCGA-IG-A97I-01Z-00-DX1.3C27B8C0-A346-4B05-98EF-6470C91F57BC.svs.parcel

         18,304 100%   29.26kB/s    0:00:00  
         18,304 100%   29.26kB/s    0:00:00 (xfr#210, to-chk=921/11634)
WSI/dataset/TCGA-ESCA/4611110e-c1a9-459d-b93b-16859a32c99e/
WSI/dataset/TCGA-ESCA/4611110e-c1a9-459d-b93b-16859a32c99e/TCGA-Q9-A6FU-01A-01-TSA.28732351-EF59-414F-AC9F-F6AD2DD09EA3.svs

         32,768   0%   51.95kB/s    1:34:16  
      7,208,960   2%    6.16MB/s    0:00:45  
    193,757,184  65%   87.37MB/s    0:00:01  
    293,889,539 100%  106.93MB/s    0:00:02 (xfr#211, to-chk=920/11634)
WSI/dataset/TCGA-ESCA/4611110e-c1a9-459d-b93b-16859a32c99e/logs/TCGA-Q9-A6FU-01A-01-TSA.28732351-EF59-414F-AC9F-F6AD2DD09EA3.svs.parcel

         18,304 100%   35.12kB/s    0:00:00  
         18,304 100%   35.12kB/s    0:00:00 (xfr#212, to-chk=918/11634)
WSI/dataset/TCGA-ESCA/46528fec-c902-4268-8fb3-6577bc5a0425/
WSI/dataset/TCGA-ESCA/46528fec-c902-4268-8fb3-6577bc5a0425/TCGA-JY-A939-01A-01-TS1.9CBA476A-E620-47DA-9902-C5AC07142C8D.svs

         32,768   0%   62.26kB/s    0:31:15  
      5,505,024   4%    4.83MB/s    0:00:22  
    116,817,635 100%   56.70MB/s    0:00:01 (xfr#213, to-chk=917/11634)
WSI/dataset/TCGA-ESCA/46528fec-c902-4268-8fb3-6577bc5a0425/logs/TCGA-JY-A939-01A-01-TS1.9CBA476A-E620-47DA-9902-C5AC07142C8D.svs.parcel

          9,232 100%   10.25kB/s    0:00:00  
          9,232 100%   10.25kB/s    0:00:00 (xfr#214, to-chk=915/11634)
WSI/dataset/TCGA-ESCA/47268510-5d85-4d7a-ae94-1aeb934ed3bf/
WSI/dataset/TCGA-ESCA/47268510-5d85-4d7a-ae94-1aeb934ed3bf/TCGA-LN-A49W-01A-01-TSA.4EB3378A-AC5A-47AE-9BFA-8F9F5C22BEB7.svs

         32,768   0%   36.12kB/s    1:24:48  
      3,670,016   1%    3.04MB/s    0:00:57  
    164,364,288  89%   72.87MB/s    0:00:00  
    183,831,713 100%   78.13MB/s    0:00:02 (xfr#215, to-chk=914/11634)
WSI/dataset/TCGA-ESCA/47268510-5d85-4d7a-ae94-1aeb934ed3bf/logs/TCGA-LN-A49W-01A-01-TSA.4EB3378A-AC5A-47AE-9BFA-8F9F5C22BEB7.svs.parcel

         11,500 100%  118.22kB/s    0:00:00  
         11,500 100%  118.22kB/s    0:00:00 (xfr#216, to-chk=912/11634)
WSI/dataset/TCGA-ESCA/472884cf-6b0e-477a-80b0-75920fecd48a/
WSI/dataset/TCGA-ESCA/472884cf-6b0e-477a-80b0-75920fecd48a/TCGA-IG-A8O2-01Z-00-DX1.FABD0323-82D9-44F2-87B5-E5A93FEB64DE.svs

         32,768   0%  326.53kB/s    0:45:23  
    108,527,616  12%  101.57MB/s    0:00:07  
    311,689,216  35%  147.23MB/s    0:00:03  
    523,370,496  58%  165.38MB/s    0:00:02  
    716,701,696  80%  170.11MB/s    0:00:00  
    889,192,183 100%  173.88MB/s    0:00:04 (xfr#217, to-chk=911/11634)
WSI/dataset/TCGA-ESCA/472884cf-6b0e-477a-80b0-75920fecd48a/logs/TCGA-IG-A8O2-01Z-00-DX1.FABD0323-82D9-44F2-87B5-E5A93FEB64DE.svs.parcel

         32,768  60%   37.21kB/s    0:00:00  
         54,592 100%   61.92kB/s    0:00:00 (xfr#218, to-chk=909/11634)
WSI/dataset/TCGA-ESCA/47e55afe-ee42-48d3-81d2-0c874d16c379/
WSI/dataset/TCGA-ESCA/47e55afe-ee42-48d3-81d2-0c874d16c379/TCGA-L5-A891-11A-02-TS2.2FA7D3FD-2844-4D07-B3A5-3287CFAA9DEF.svs

         32,768   0%   36.95kB/s    0:21:24  
      4,718,592   9%    2.04MB/s    0:00:20  
     47,480,065 100%   18.26MB/s    0:00:02 (xfr#219, to-chk=908/11634)
WSI/dataset/TCGA-ESCA/47e55afe-ee42-48d3-81d2-0c874d16c379/logs/TCGA-L5-A891-11A-02-TS2.2FA7D3FD-2844-4D07-B3A5-3287CFAA9DEF.svs.parcel

          4,696 100%   16.68kB/s    0:00:00  
          4,696 100%   16.68kB/s    0:00:00 (xfr#220, to-chk=906/11634)
WSI/dataset/TCGA-ESCA/483e0f2d-c73c-4824-883c-a1afebaface7/
WSI/dataset/TCGA-ESCA/483e0f2d-c73c-4824-883c-a1afebaface7/TCGA-Q9-A6FW-01A-03-TSC.5E8AB918-BDF3-4BDF-BAFB-505CCB8D9CAD.svs

         32,768   0%  115.11kB/s    1:12:26  
     80,216,064  16%   76.50MB/s    0:00:05  
    232,259,584  46%  110.81MB/s    0:00:02  
    366,215,168  73%  116.42MB/s    0:00:01  
    500,387,067 100%  121.80MB/s    0:00:03 (xfr#221, to-chk=905/11634)
WSI/dataset/TCGA-ESCA/483e0f2d-c73c-4824-883c-a1afebaface7/logs/TCGA-Q9-A6FW-01A-03-TSC.5E8AB918-BDF3-4BDF-BAFB-505CCB8D9CAD.svs.parcel

         31,912 100%   33.80kB/s    0:00:00  
         31,912 100%   33.80kB/s    0:00:00 (xfr#222, to-chk=903/11634)
WSI/dataset/TCGA-ESCA/4841c983-ea63-455e-87f7-e20ebb67a92a/
WSI/dataset/TCGA-ESCA/4841c983-ea63-455e-87f7-e20ebb67a92a/TCGA-Z6-A8JD-01A-01-TSA.9D1E5328-BD1D-4F94-A8A5-91025C3CABFC.svs

         32,768   0%   34.56kB/s    3:05:49  
      5,799,936   1%    5.53MB/s    0:01:07  
      9,830,400   2%    3.64MB/s    0:01:40  
    133,431,296  34%   35.56MB/s    0:00:06  
    291,504,128  75%   60.74MB/s    0:00:01  
    385,322,459 100%   72.05MB/s    0:00:05 (xfr#223, to-chk=902/11634)
WSI/dataset/TCGA-ESCA/4841c983-ea63-455e-87f7-e20ebb67a92a/logs/TCGA-Z6-A8JD-01A-01-TSA.9D1E5328-BD1D-4F94-A8A5-91025C3CABFC.svs.parcel

         25,108 100%   46.44kB/s    0:00:00  
         25,108 100%   46.44kB/s    0:00:00 (xfr#224, to-chk=900/11634)
WSI/dataset/TCGA-ESCA/48dd8625-a3ff-4b27-ae7e-3d466c7eaa96/
WSI/dataset/TCGA-ESCA/48dd8625-a3ff-4b27-ae7e-3d466c7eaa96/TCGA-L5-A4OR-01A-01-TS1.03A0E0D1-6B68-4454-922E-4E58EB13F217.svs

         32,768   0%   60.04kB/s    0:19:18  
      4,456,448   6%    3.02MB/s    0:00:21  
     69,562,307 100%   36.02MB/s    0:00:01 (xfr#225, to-chk=899/11634)
WSI/dataset/TCGA-ESCA/48dd8625-a3ff-4b27-ae7e-3d466c7eaa96/logs/TCGA-L5-A4OR-01A-01-TS1.03A0E0D1-6B68-4454-922E-4E58EB13F217.svs.parcel

          4,696 100%   10.52kB/s    0:00:00  
          4,696 100%   10.52kB/s    0:00:00 (xfr#226, to-chk=897/11634)
WSI/dataset/TCGA-ESCA/496ed715-889a-44ef-bbcd-299750aabe1f/
WSI/dataset/TCGA-ESCA/496ed715-889a-44ef-bbcd-299750aabe1f/TCGA-L5-A4OF-01A-01-TS1.3F921799-A575-483A-B71E-CE30D685262F.svs

         32,768   0%   72.89kB/s    0:51:14  
     50,069,504  22%   47.75MB/s    0:00:03  
    171,573,248  76%   81.85MB/s    0:00:00  
    224,161,599 100%   91.01MB/s    0:00:02 (xfr#227, to-chk=896/11634)
WSI/dataset/TCGA-ESCA/496ed715-889a-44ef-bbcd-299750aabe1f/logs/TCGA-L5-A4OF-01A-01-TS1.3F921799-A575-483A-B71E-CE30D685262F.svs.parcel

         13,768 100%   38.09kB/s    0:00:00  
         13,768 100%   38.09kB/s    0:00:00 (xfr#228, to-chk=894/11634)
WSI/dataset/TCGA-ESCA/4974efbf-1da4-4c45-86e1-93fe4c25a196/
WSI/dataset/TCGA-ESCA/4974efbf-1da4-4c45-86e1-93fe4c25a196/TCGA-VR-AA7B-01Z-00-DX1.2C59E44A-5691-4193-8970-774591B83CC9.svs

         32,768   0%   89.64kB/s    4:16:09  
     55,836,672   4%   53.25MB/s    0:00:24  
    270,532,608  19%  129.06MB/s    0:00:08  
    506,855,424  36%  161.23MB/s    0:00:05  
    708,444,160  51%  169.03MB/s    0:00:03  
    938,344,448  68%  210.56MB/s    0:00:02  
  1,159,200,768  84%  212.03MB/s    0:00:01  
  1,356,333,056  98%  202.63MB/s    0:00:00  
  1,377,714,811 100%  185.16MB/s    0:00:07 (xfr#229, to-chk=893/11634)
WSI/dataset/TCGA-ESCA/4974efbf-1da4-4c45-86e1-93fe4c25a196/logs/TCGA-VR-AA7B-01Z-00-DX1.2C59E44A-5691-4193-8970-774591B83CC9.svs.parcel

         32,768  38%  304.76kB/s    0:00:00  
         84,087 100%  774.68kB/s    0:00:00 (xfr#230, to-chk=891/11634)
WSI/dataset/TCGA-ESCA/498c9923-de03-44b0-9e16-fbe9e0ed2a1b/
WSI/dataset/TCGA-ESCA/498c9923-de03-44b0-9e16-fbe9e0ed2a1b/TCGA-L7-A56G-01A-02-TS2.52ACEAB6-C34D-4DEA-ADBC-6E71784FEC53.svs

         32,768   0%  288.29kB/s    0:16:45  
     12,320,768   4%    3.94MB/s    0:01:08  
    136,314,880  46%   32.65MB/s    0:00:04  
    250,478,592  86%   47.96MB/s    0:00:00  
    290,046,999 100%   53.13MB/s    0:00:05 (xfr#231, to-chk=890/11634)
WSI/dataset/TCGA-ESCA/498c9923-de03-44b0-9e16-fbe9e0ed2a1b/logs/TCGA-L7-A56G-01A-02-TS2.52ACEAB6-C34D-4DEA-ADBC-6E71784FEC53.svs.parcel

         18,304 100%   78.06kB/s    0:00:00  
         18,304 100%   78.06kB/s    0:00:00 (xfr#232, to-chk=888/11634)
WSI/dataset/TCGA-ESCA/4a1d3fff-f3e3-4d4f-a176-7c266bf46299/
WSI/dataset/TCGA-ESCA/4a1d3fff-f3e3-4d4f-a176-7c266bf46299/TCGA-LN-A49M-01A-02-TSB.3C0AB933-2AE7-42E6-8E60-E4D88115181F.svs

         32,768   0%  136.17kB/s    0:21:38  
     43,778,048  24%   41.75MB/s    0:00:03  
    166,461,440  94%   79.38MB/s    0:00:00  
    176,850,099 100%   77.72MB/s    0:00:02 (xfr#233, to-chk=887/11634)
WSI/dataset/TCGA-ESCA/4a1d3fff-f3e3-4d4f-a176-7c266bf46299/logs/TCGA-LN-A49M-01A-02-TSB.3C0AB933-2AE7-42E6-8E60-E4D88115181F.svs.parcel

         11,500 100%   59.42kB/s    0:00:00  
         11,500 100%   59.42kB/s    0:00:00 (xfr#234, to-chk=885/11634)
WSI/dataset/TCGA-ESCA/4a2eb32e-990a-4f21-b434-f499c0396c42/
WSI/dataset/TCGA-ESCA/4a2eb32e-990a-4f21-b434-f499c0396c42/TCGA-IG-A3QL-01A-01-TSA.A9EBB549-49A5-46BA-BADE-FEF90C9293EF.svs

         32,768   0%  153.11kB/s    0:15:13  
     43,384,832  30%   41.38MB/s    0:00:02  
    137,363,456  98%   65.53MB/s    0:00:00  
    139,971,945 100%   66.31MB/s    0:00:02 (xfr#235, to-chk=884/11634)
WSI/dataset/TCGA-ESCA/4a2eb32e-990a-4f21-b434-f499c0396c42/logs/TCGA-IG-A3QL-01A-01-TSA.A9EBB549-49A5-46BA-BADE-FEF90C9293EF.svs.parcel

          9,232 100%  310.88kB/s    0:00:00  
          9,232 100%  310.88kB/s    0:00:00 (xfr#236, to-chk=882/11634)
WSI/dataset/TCGA-ESCA/4a5f2015-2731-47e2-a203-5014fbb0d1ca/
WSI/dataset/TCGA-ESCA/4a5f2015-2731-47e2-a203-5014fbb0d1ca/TCGA-L5-A8NH-01A-01-TS1.E20BE4AF-9338-460E-A1F5-56E87507B2EC.svs

         32,768   0%  711.11kB/s    0:06:08  
    112,492,544  42%  107.28MB/s    0:00:01  
    261,729,585 100%  133.84MB/s    0:00:01 (xfr#237, to-chk=881/11634)
WSI/dataset/TCGA-ESCA/4a5f2015-2731-47e2-a203-5014fbb0d1ca/logs/TCGA-L5-A8NH-01A-01-TS1.E20BE4AF-9338-460E-A1F5-56E87507B2EC.svs.parcel

         16,036 100%   17.98kB/s    0:00:00  
         16,036 100%   17.98kB/s    0:00:00 (xfr#238, to-chk=879/11634)
WSI/dataset/TCGA-ESCA/4a6049b6-82a0-4e05-8914-81e407f7be11/
WSI/dataset/TCGA-ESCA/4a6049b6-82a0-4e05-8914-81e407f7be11/TCGA-XP-A8T8-01Z-00-DX1.90E0B853-A751-4D13-B1D0-676754177C28.svs

         32,768   0%   36.53kB/s   14:38:21  
      5,111,808   0%    3.59MB/s    0:08:42  
    138,936,320   7%   56.19MB/s    0:00:31  
    300,810,240  15%   85.46MB/s    0:00:18  
    463,470,592  24%  101.47MB/s    0:00:14  
    605,585,408  31%  143.24MB/s    0:00:08  
    629,178,368  32%  116.91MB/s    0:00:10  
    721,190,912  37%  100.23MB/s    0:00:11  
    870,088,704  45%   96.95MB/s    0:00:10  
    984,907,776  51%   90.44MB/s    0:00:10  
  1,130,496,000  58%  119.55MB/s    0:00:06  
  1,282,179,072  66%  133.82MB/s    0:00:04  
  1,426,587,648  74%  132.75MB/s    0:00:03  
  1,562,902,528  81%  137.87MB/s    0:00:02  
  1,762,951,168  91%  150.86MB/s    0:00:01  
  1,925,188,001 100%  121.90MB/s    0:00:15 (xfr#239, to-chk=878/11634)
WSI/dataset/TCGA-ESCA/4a6049b6-82a0-4e05-8914-81e407f7be11/logs/TCGA-XP-A8T8-01Z-00-DX1.90E0B853-A751-4D13-B1D0-676754177C28.svs.parcel

         32,768  27%   44.88kB/s    0:00:01  
        118,107 100%  161.31kB/s    0:00:00 (xfr#240, to-chk=876/11634)
WSI/dataset/TCGA-ESCA/4a75e17f-7563-446f-a04e-bc64180799a4/
WSI/dataset/TCGA-ESCA/4a75e17f-7563-446f-a04e-bc64180799a4/TCGA-L5-A4OR-01Z-00-DX1.28601695-B5D5-4F93-8336-F378B1E4377C.svs

         32,768   0%   44.44kB/s   10:58:14  
     13,500,416   0%    3.63MB/s    0:07:48  
    198,311,936  11%   41.59MB/s    0:00:36  
    419,201,024  23%   72.08MB/s    0:00:18  
    630,849,536  35%   91.92MB/s    0:00:11  
    822,476,800  46%  193.02MB/s    0:00:04  
  1,026,293,760  58%  197.55MB/s    0:00:03  
  1,223,819,264  69%  191.93MB/s    0:00:02  
  1,416,232,960  80%  187.34MB/s    0:00:01  
  1,605,894,144  91%  186.87MB/s    0:00:00  
  1,755,329,823 100%  136.23MB/s    0:00:12 (xfr#241, to-chk=875/11634)
WSI/dataset/TCGA-ESCA/4a75e17f-7563-446f-a04e-bc64180799a4/logs/TCGA-L5-A4OR-01Z-00-DX1.28601695-B5D5-4F93-8336-F378B1E4377C.svs.parcel

         32,768  30%   42.61kB/s    0:00:01  
        106,830 100%  138.73kB/s    0:00:00 (xfr#242, to-chk=873/11634)
WSI/dataset/TCGA-ESCA/4a835dce-8753-4ca1-a3e0-178c8db3a77f/
WSI/dataset/TCGA-ESCA/4a835dce-8753-4ca1-a3e0-178c8db3a77f/TCGA-LN-A7HW-01Z-00-DX1.1CF677F4-793B-4437-A7C9-283D62576306.svs

         32,768   0%   42.33kB/s    3:56:52  
     10,223,616   1%    3.00MB/s    0:03:12  
    208,797,696  34%   46.91MB/s    0:00:08  
    407,928,832  67%   74.17MB/s    0:00:02  
    601,610,363 100%   92.66MB/s    0:00:06 (xfr#243, to-chk=872/11634)
WSI/dataset/TCGA-ESCA/4a835dce-8753-4ca1-a3e0-178c8db3a77f/logs/TCGA-LN-A7HW-01Z-00-DX1.1CF677F4-793B-4437-A7C9-283D62576306.svs.parcel

         32,768  89%   33.65kB/s    0:00:00  
         36,448 100%   37.39kB/s    0:00:00 (xfr#244, to-chk=870/11634)
WSI/dataset/TCGA-ESCA/4c12eac4-78dc-4af7-967c-4e18fc948c46/
WSI/dataset/TCGA-ESCA/4c12eac4-78dc-4af7-967c-4e18fc948c46/TCGA-LN-A49M-01Z-00-DX1.3D8240BD-2689-4CBB-83E9-A83959F948AE.svs

         32,768   0%   33.44kB/s    7:39:42  
      3,932,160   0%    3.75MB/s    0:03:59  
     33,849,344   3%   16.15MB/s    0:00:53  
    241,434,624  26%   76.80MB/s    0:00:08  
    473,563,136  51%  112.96MB/s    0:00:03  
    701,104,128  76%  166.30MB/s    0:00:01  
    905,314,304  98%  207.88MB/s    0:00:00  
    922,344,078 100%  144.55MB/s    0:00:06 (xfr#245, to-chk=869/11634)
WSI/dataset/TCGA-ESCA/4c12eac4-78dc-4af7-967c-4e18fc948c46/logs/TCGA-LN-A49M-01Z-00-DX1.3D8240BD-2689-4CBB-83E9-A83959F948AE.svs.parcel

         32,768  57%  351.65kB/s    0:00:00  
         56,860 100%  603.56kB/s    0:00:00 (xfr#246, to-chk=867/11634)
WSI/dataset/TCGA-ESCA/4ce5e283-657b-4568-a16a-b14a6ec79943/
WSI/dataset/TCGA-ESCA/4ce5e283-657b-4568-a16a-b14a6ec79943/TCGA-Z6-AAPN-01Z-00-DX1.345F7431-CD48-40DB-89D6-A419E5BA1679.svs

         32,768   0%  336.84kB/s    0:41:00  
     14,942,208   1%    7.80MB/s    0:01:41  
    195,559,424  23%   65.99MB/s    0:00:09  
    381,976,576  46%   95.24MB/s    0:00:04  
    527,695,872  63%  104.30MB/s    0:00:02  
    705,462,272  85%  164.72MB/s    0:00:00  
    828,867,017 100%  124.07MB/s    0:00:06 (xfr#247, to-chk=866/11634)
WSI/dataset/TCGA-ESCA/4ce5e283-657b-4568-a16a-b14a6ec79943/logs/TCGA-Z6-AAPN-01Z-00-DX1.345F7431-CD48-40DB-89D6-A419E5BA1679.svs.parcel

         32,768  65%   58.18kB/s    0:00:00  
         50,056 100%   88.72kB/s    0:00:00 (xfr#248, to-chk=864/11634)
WSI/dataset/TCGA-ESCA/4d579543-31f3-46a6-b192-db32d55b14a9/
WSI/dataset/TCGA-ESCA/4d579543-31f3-46a6-b192-db32d55b14a9/TCGA-XP-A8T8-01A-01-TS1.26AB4B2F-52C5-4697-90A9-0831EDBC9E9F.svs

         32,768   0%   57.35kB/s    1:51:58  
     12,713,984   3%    5.45MB/s    0:01:06  
    201,359,360  52%   59.54MB/s    0:00:03  
    369,229,824  95%   83.36MB/s    0:00:00  
    385,323,517 100%   85.56MB/s    0:00:04 (xfr#249, to-chk=863/11634)
WSI/dataset/TCGA-ESCA/4d579543-31f3-46a6-b192-db32d55b14a9/logs/TCGA-XP-A8T8-01A-01-TS1.26AB4B2F-52C5-4697-90A9-0831EDBC9E9F.svs.parcel

         25,108 100%  331.35kB/s    0:00:00  
         25,108 100%  331.35kB/s    0:00:00 (xfr#250, to-chk=861/11634)
WSI/dataset/TCGA-ESCA/4d9b60fb-da75-4c35-a5a5-31630f4647f0/
WSI/dataset/TCGA-ESCA/4d9b60fb-da75-4c35-a5a5-31630f4647f0/TCGA-L5-A4OM-01Z-00-DX1.09D4AD58-654C-495D-BD03-4973977E50EE.svs

         32,768   0%  405.06kB/s    0:39:33  
     61,079,552   6%   58.25MB/s    0:00:15  
    257,458,176  26%  122.83MB/s    0:00:05  
    461,668,352  48%  146.86MB/s    0:00:03  
    627,310,592  65%  149.60MB/s    0:00:02  
    819,986,432  85%  181.03MB/s    0:00:00  
    961,591,201 100%  161.42MB/s    0:00:05 (xfr#251, to-chk=860/11634)
WSI/dataset/TCGA-ESCA/4d9b60fb-da75-4c35-a5a5-31630f4647f0/logs/TCGA-L5-A4OM-01Z-00-DX1.09D4AD58-654C-495D-BD03-4973977E50EE.svs.parcel

         32,768  55%   46.72kB/s    0:00:00  
         59,128 100%   84.17kB/s    0:00:00 (xfr#252, to-chk=858/11634)
WSI/dataset/TCGA-ESCA/4e0bc732-7421-4a04-889f-3b0dd2d49727/
WSI/dataset/TCGA-ESCA/4e0bc732-7421-4a04-889f-3b0dd2d49727/TCGA-L5-A893-01A-01-TS1.56348D09-6942-4074-8448-68E0603C270B.svs

         32,768   0%   46.31kB/s    1:40:09  
      8,126,464   2%    3.73MB/s    0:01:10  
    212,992,000  76%   66.06MB/s    0:00:00  
    278,311,755 100%   77.84MB/s    0:00:03 (xfr#253, to-chk=857/11634)
WSI/dataset/TCGA-ESCA/4e0bc732-7421-4a04-889f-3b0dd2d49727/logs/TCGA-L5-A893-01A-01-TS1.56348D09-6942-4074-8448-68E0603C270B.svs.parcel

         18,304 100%   53.04kB/s    0:00:00  
         18,304 100%   53.04kB/s    0:00:00 (xfr#254, to-chk=855/11634)
WSI/dataset/TCGA-ESCA/4f5af240-4262-48f2-b7ee-50b3de272378/
WSI/dataset/TCGA-ESCA/4f5af240-4262-48f2-b7ee-50b3de272378/TCGA-Z6-A8JE-01A-01-TSA.C10B2225-C126-407D-AB6D-1946C9883738.svs

         32,768   0%   93.84kB/s    1:11:19  
     15,859,712   3%   14.83MB/s    0:00:25  
    213,123,072  53%  100.67MB/s    0:00:01  
    355,762,176  88%  112.42MB/s    0:00:00  
    401,657,647 100%  117.39MB/s    0:00:03 (xfr#255, to-chk=854/11634)
WSI/dataset/TCGA-ESCA/4f5af240-4262-48f2-b7ee-50b3de272378/logs/TCGA-Z6-A8JE-01A-01-TSA.C10B2225-C126-407D-AB6D-1946C9883738.svs.parcel

         25,108 100%   99.27kB/s    0:00:00  
         25,108 100%   99.27kB/s    0:00:00 (xfr#256, to-chk=852/11634)
WSI/dataset/TCGA-ESCA/4fd8db51-24b7-4361-8627-4df21bf616a7/
WSI/dataset/TCGA-ESCA/4fd8db51-24b7-4361-8627-4df21bf616a7/TCGA-2H-A9GJ-01A-01-TS1.33906DD3-4F64-47E3-BD96-A5F212C49FC4.svs

         32,768   0%  128.00kB/s    0:35:18  
      9,175,040   3%    7.76MB/s    0:00:32  
    137,363,456  50%   56.34MB/s    0:00:02  
    234,225,664  86%   67.20MB/s    0:00:00  
    271,247,387 100%   74.18MB/s    0:00:03 (xfr#257, to-chk=851/11634)
WSI/dataset/TCGA-ESCA/4fd8db51-24b7-4361-8627-4df21bf616a7/logs/TCGA-2H-A9GJ-01A-01-TS1.33906DD3-4F64-47E3-BD96-A5F212C49FC4.svs.parcel

         18,304 100%  108.99kB/s    0:00:00  
         18,304 100%  108.99kB/s    0:00:00 (xfr#258, to-chk=849/11634)
WSI/dataset/TCGA-ESCA/506002f7-6dc6-4d73-8a30-48ce7e9f5f00/
WSI/dataset/TCGA-ESCA/506002f7-6dc6-4d73-8a30-48ce7e9f5f00/TCGA-L5-A8NH-11A-01-TS1.D7EB468E-25E7-491E-999D-38F6684CA45A.svs

         32,768   0%  191.62kB/s    0:05:32  
     63,710,457 100%   61.81MB/s    0:00:00 (xfr#259, to-chk=848/11634)
WSI/dataset/TCGA-ESCA/506002f7-6dc6-4d73-8a30-48ce7e9f5f00/logs/TCGA-L5-A8NH-11A-01-TS1.D7EB468E-25E7-491E-999D-38F6684CA45A.svs.parcel

          4,696 100%    4.65kB/s    0:00:00  
          4,696 100%    4.65kB/s    0:00:00 (xfr#260, to-chk=846/11634)
WSI/dataset/TCGA-ESCA/51e65089-88a7-45e5-ba9e-a153aa94d415/
WSI/dataset/TCGA-ESCA/51e65089-88a7-45e5-ba9e-a153aa94d415/TCGA-S8-A6BV-01Z-00-DX1.F9237F35-CEFE-4F00-83F8-9E330E8F3195.svs

         32,768   0%   32.29kB/s    2:03:08  
        819,200   0%  800.00kB/s    0:04:57  
    183,369,728  76%   87.44MB/s    0:00:00  
    238,606,495 100%  100.38MB/s    0:00:02 (xfr#261, to-chk=845/11634)
WSI/dataset/TCGA-ESCA/51e65089-88a7-45e5-ba9e-a153aa94d415/logs/TCGA-S8-A6BV-01Z-00-DX1.F9237F35-CEFE-4F00-83F8-9E330E8F3195.svs.parcel

         16,036 100%   58.00kB/s    0:00:00  
         16,036 100%   58.00kB/s    0:00:00 (xfr#262, to-chk=843/11634)
WSI/dataset/TCGA-ESCA/52f84dfa-76b0-4c6f-9912-9408a092dd55/
WSI/dataset/TCGA-ESCA/52f84dfa-76b0-4c6f-9912-9408a092dd55/TCGA-L5-A891-01A-01-TS1.49596823-22B2-4A4B-8429-0B404316CD73.svs

         32,768   0%  117.22kB/s    0:40:50  
     35,389,440  12%   33.75MB/s    0:00:07  
    231,079,936  80%  110.19MB/s    0:00:00  
    287,261,297 100%  121.38MB/s    0:00:02 (xfr#263, to-chk=842/11634)
WSI/dataset/TCGA-ESCA/52f84dfa-76b0-4c6f-9912-9408a092dd55/logs/TCGA-L5-A891-01A-01-TS1.49596823-22B2-4A4B-8429-0B404316CD73.svs.parcel

         18,304 100%   68.23kB/s    0:00:00  
         18,304 100%   68.23kB/s    0:00:00 (xfr#264, to-chk=840/11634)
WSI/dataset/TCGA-ESCA/535cdfb5-85be-49c8-8478-96c9ca144f3b/
WSI/dataset/TCGA-ESCA/535cdfb5-85be-49c8-8478-96c9ca144f3b/TCGA-L5-A8NL-11A-01-TS1.489A5999-2F30-46FD-987F-A8560088E733.svs

         32,768   0%  119.40kB/s    0:14:49  
     72,876,032  68%   69.50MB/s    0:00:00  
    106,203,349 100%   85.62MB/s    0:00:01 (xfr#265, to-chk=839/11634)
WSI/dataset/TCGA-ESCA/535cdfb5-85be-49c8-8478-96c9ca144f3b/logs/TCGA-L5-A8NL-11A-01-TS1.489A5999-2F30-46FD-987F-A8560088E733.svs.parcel

          6,964 100%   36.56kB/s    0:00:00  
          6,964 100%   36.56kB/s    0:00:00 (xfr#266, to-chk=837/11634)
WSI/dataset/TCGA-ESCA/53b06f28-2f17-49cd-8720-ebc43c676c94/
WSI/dataset/TCGA-ESCA/53b06f28-2f17-49cd-8720-ebc43c676c94/TCGA-LN-A49P-01Z-00-DX1.04569E45-A4D1-49A8-9541-BC33A010D743.svs

         32,768   0%  169.31kB/s    2:11:05  
    135,299,072  10%  129.03MB/s    0:00:09  
    341,704,704  25%  163.02MB/s    0:00:05  
    557,350,912  41%  177.24MB/s    0:00:04  
    759,431,168  57%  181.15MB/s    0:00:03  
  1,008,762,880  75%  208.35MB/s    0:00:01  
  1,220,411,392  91%  209.60MB/s    0:00:00  
  1,331,822,512 100%  193.97MB/s    0:00:06 (xfr#267, to-chk=836/11634)
WSI/dataset/TCGA-ESCA/53b06f28-2f17-49cd-8720-ebc43c676c94/logs/TCGA-LN-A49P-01Z-00-DX1.04569E45-A4D1-49A8-9541-BC33A010D743.svs.parcel

         32,768  40%   57.76kB/s    0:00:00  
         81,819 100%  143.97kB/s    0:00:00 (xfr#268, to-chk=834/11634)
WSI/dataset/TCGA-ESCA/5408a4a9-a97c-434d-89dc-7deb2d7e472b/
WSI/dataset/TCGA-ESCA/5408a4a9-a97c-434d-89dc-7deb2d7e472b/TCGA-V5-AASV-01A-01-TS1.595ADB14-C312-4C0A-AECA-5F212142C24E.svs

         32,768   0%   57.04kB/s    0:10:09  
      5,242,880  15%    1.97MB/s    0:00:14  
     34,786,655 100%   12.34MB/s    0:00:02 (xfr#269, to-chk=833/11634)
WSI/dataset/TCGA-ESCA/5408a4a9-a97c-434d-89dc-7deb2d7e472b/logs/TCGA-V5-AASV-01A-01-TS1.595ADB14-C312-4C0A-AECA-5F212142C24E.svs.parcel

          2,428 100%   15.10kB/s    0:00:00  
          2,428 100%   15.10kB/s    0:00:00 (xfr#270, to-chk=831/11634)
WSI/dataset/TCGA-ESCA/54c6eece-876a-4afa-968f-40a01c6f1ac2/
WSI/dataset/TCGA-ESCA/54c6eece-876a-4afa-968f-40a01c6f1ac2/TCGA-LN-A9FP-01Z-00-DX1.20A2C8DC-95FE-4627-B2FD-78CD95CB1093.svs

         32,768   0%  197.53kB/s    0:25:09  
    161,611,776  54%  154.12MB/s    0:00:00  
    298,243,891 100%  172.90MB/s    0:00:01 (xfr#271, to-chk=830/11634)
WSI/dataset/TCGA-ESCA/54c6eece-876a-4afa-968f-40a01c6f1ac2/logs/TCGA-LN-A9FP-01Z-00-DX1.20A2C8DC-95FE-4627-B2FD-78CD95CB1093.svs.parcel

         18,304 100%   27.58kB/s    0:00:00  
         18,304 100%   27.58kB/s    0:00:00 (xfr#272, to-chk=828/11634)
WSI/dataset/TCGA-ESCA/54da6706-c7a7-4bd4-8234-861e607df7fa/
WSI/dataset/TCGA-ESCA/54da6706-c7a7-4bd4-8234-861e607df7fa/TCGA-LN-A4A3-01Z-00-DX1.EFE060DE-C793-45FE-A58D-CD4E5BDDA5BF.svs

         32,768   0%   49.08kB/s    3:41:04  
      8,519,680   1%    7.24MB/s    0:01:26  
    121,405,440  18%   54.54MB/s    0:00:09  
    302,645,248  46%   92.45MB/s    0:00:03  
    530,448,384  81%  122.76MB/s    0:00:00  
    651,058,278 100%  132.42MB/s    0:00:04 (xfr#273, to-chk=827/11634)
WSI/dataset/TCGA-ESCA/54da6706-c7a7-4bd4-8234-861e607df7fa/logs/TCGA-LN-A4A3-01Z-00-DX1.EFE060DE-C793-45FE-A58D-CD4E5BDDA5BF.svs.parcel

         32,768  79%   55.75kB/s    0:00:00  
         40,984 100%   69.73kB/s    0:00:00 (xfr#274, to-chk=825/11634)
WSI/dataset/TCGA-ESCA/55ad9c8f-d959-4970-a6af-d2f6b9544a9a/
WSI/dataset/TCGA-ESCA/55ad9c8f-d959-4970-a6af-d2f6b9544a9a/TCGA-LN-A7HV-01A-02-TSB.159F44A9-455C-4F57-9AE3-877236C8BDAC.svs

         32,768   0%   54.98kB/s    1:23:19  
      8,126,464   2%    4.16MB/s    0:01:02  
    151,126,016  54%   50.36MB/s    0:00:02  
    274,903,897 100%   69.65MB/s    0:00:03 (xfr#275, to-chk=824/11634)
WSI/dataset/TCGA-ESCA/55ad9c8f-d959-4970-a6af-d2f6b9544a9a/logs/TCGA-LN-A7HV-01A-02-TSB.159F44A9-455C-4F57-9AE3-877236C8BDAC.svs.parcel

         18,304 100%   19.75kB/s    0:00:00  
         18,304 100%   19.75kB/s    0:00:00 (xfr#276, to-chk=822/11634)
WSI/dataset/TCGA-ESCA/56381af8-7f77-49a9-b72f-35fc7cbc0b16/
WSI/dataset/TCGA-ESCA/56381af8-7f77-49a9-b72f-35fc7cbc0b16/TCGA-L5-A4OM-11A-01-TS1.BCF69F7D-AEE3-416F-A51C-932B80C138D3.svs

         32,768   0%   35.24kB/s    0:50:17  
      4,718,592   4%    3.08MB/s    0:00:32  
    106,374,509 100%   50.88MB/s    0:00:01 (xfr#277, to-chk=821/11634)
WSI/dataset/TCGA-ESCA/56381af8-7f77-49a9-b72f-35fc7cbc0b16/logs/TCGA-L5-A4OM-11A-01-TS1.BCF69F7D-AEE3-416F-A51C-932B80C138D3.svs.parcel

          6,964 100%   12.66kB/s    0:00:00  
          6,964 100%   12.66kB/s    0:00:00 (xfr#278, to-chk=819/11634)
WSI/dataset/TCGA-ESCA/5645c4c8-f639-49cc-9ab9-c9930a0cc913/
WSI/dataset/TCGA-ESCA/5645c4c8-f639-49cc-9ab9-c9930a0cc913/TCGA-2H-A9GH-11A-01-TS1.B70F4FBB-AA61-4F05-BA00-3921B0CD5908.svs

         32,768   0%   59.04kB/s    0:46:37  
     47,316,992  28%   45.12MB/s    0:00:02  
    165,197,107 100%   99.84MB/s    0:00:01 (xfr#279, to-chk=818/11634)
WSI/dataset/TCGA-ESCA/5645c4c8-f639-49cc-9ab9-c9930a0cc913/logs/TCGA-2H-A9GH-11A-01-TS1.B70F4FBB-AA61-4F05-BA00-3921B0CD5908.svs.parcel

         11,500 100%   19.33kB/s    0:00:00  
         11,500 100%   19.33kB/s    0:00:00 (xfr#280, to-chk=816/11634)
WSI/dataset/TCGA-ESCA/56685ebd-61bb-4bae-bccc-dc06f3c4acd4/
WSI/dataset/TCGA-ESCA/56685ebd-61bb-4bae-bccc-dc06f3c4acd4/TCGA-L5-A8NE-11A-01-TS1.C07B1F97-EB33-4778-BFFC-EC2FD085C59C.svs

         32,768   0%   54.79kB/s    0:09:10  
     30,204,235 100%   29.67MB/s    0:00:00 (xfr#281, to-chk=815/11634)
WSI/dataset/TCGA-ESCA/56685ebd-61bb-4bae-bccc-dc06f3c4acd4/logs/TCGA-L5-A8NE-11A-01-TS1.C07B1F97-EB33-4778-BFFC-EC2FD085C59C.svs.parcel

          2,428 100%    2.43kB/s    0:00:00  
          2,428 100%    2.43kB/s    0:00:00 (xfr#282, to-chk=813/11634)
WSI/dataset/TCGA-ESCA/5740d78b-9283-493c-9102-e46d3c5efc4f/
WSI/dataset/TCGA-ESCA/5740d78b-9283-493c-9102-e46d3c5efc4f/TCGA-L5-A4OJ-01A-01-TS1.B2AEEC29-9D15-4602-B8DC-CC4B29BBE70D.svs

         32,768   0%   32.62kB/s    1:51:57  
      1,835,008   0%    1.75MB/s    0:02:01  
    156,893,184  71%   74.85MB/s    0:00:00  
    219,167,203 100%   88.75MB/s    0:00:02 (xfr#283, to-chk=812/11634)
WSI/dataset/TCGA-ESCA/5740d78b-9283-493c-9102-e46d3c5efc4f/logs/TCGA-L5-A4OJ-01A-01-TS1.B2AEEC29-9D15-4602-B8DC-CC4B29BBE70D.svs.parcel

         13,768 100%   37.45kB/s    0:00:00  
         13,768 100%   37.45kB/s    0:00:00 (xfr#284, to-chk=810/11634)
WSI/dataset/TCGA-ESCA/57750b45-ef8e-49cc-8f38-c3869d193934/
WSI/dataset/TCGA-ESCA/57750b45-ef8e-49cc-8f38-c3869d193934/TCGA-L7-A6VZ-01Z-00-DX1.D59C4B04-7660-4FDC-B96E-9564D0327293.svs

         32,768   0%   87.67kB/s    2:46:20  
     57,409,536   6%   53.94MB/s    0:00:14  
    251,265,024  28%  118.98MB/s    0:00:05  
    444,596,224  50%  140.68MB/s    0:00:02  
    611,581,952  69%  145.34MB/s    0:00:01  
    791,937,024  90%  175.21MB/s    0:00:00  
    875,047,181 100%  156.36MB/s    0:00:05 (xfr#285, to-chk=809/11634)
WSI/dataset/TCGA-ESCA/57750b45-ef8e-49cc-8f38-c3869d193934/logs/TCGA-L7-A6VZ-01Z-00-DX1.D59C4B04-7660-4FDC-B96E-9564D0327293.svs.parcel

         32,768  60%   97.26kB/s    0:00:00  
         54,592 100%  161.55kB/s    0:00:00 (xfr#286, to-chk=807/11634)
WSI/dataset/TCGA-ESCA/5795262f-b5bb-4667-aac3-0fec20f7ebe7/
WSI/dataset/TCGA-ESCA/5795262f-b5bb-4667-aac3-0fec20f7ebe7/TCGA-L5-A43E-01Z-00-DX1.03B10F6C-C211-4357-941C-6414D0DA5335.svs

         32,768   0%   95.81kB/s    2:12:08  
      6,029,312   0%    3.53MB/s    0:03:28  
    130,154,496  17%   47.21MB/s    0:00:13  
    312,082,432  41%   82.04MB/s    0:00:05  
    469,237,760  61%   96.71MB/s    0:00:02  
    660,865,024  86%  156.20MB/s    0:00:00  
    759,665,125 100%  119.12MB/s    0:00:06 (xfr#287, to-chk=806/11634)
WSI/dataset/TCGA-ESCA/5795262f-b5bb-4667-aac3-0fec20f7ebe7/logs/TCGA-L5-A43E-01Z-00-DX1.03B10F6C-C211-4357-941C-6414D0DA5335.svs.parcel

         32,768  68%   69.57kB/s    0:00:00  
         47,788 100%  101.23kB/s    0:00:00 (xfr#288, to-chk=804/11634)
WSI/dataset/TCGA-ESCA/58e71093-d3f7-4124-a4a3-8f5832cecc5d/
WSI/dataset/TCGA-ESCA/58e71093-d3f7-4124-a4a3-8f5832cecc5d/TCGA-R6-A8W5-01Z-00-DX1.DD3F48D7-3C8E-4468-BB2F-797F2F0FCB7B.svs

         32,768   0%   68.97kB/s    1:27:57  
      8,388,608   2%    4.79MB/s    0:01:12  
    173,572,096  47%   62.00MB/s    0:00:02  
    325,976,064  89%   84.73MB/s    0:00:00  
    364,012,357 100%   89.15MB/s    0:00:03 (xfr#289, to-chk=803/11634)
WSI/dataset/TCGA-ESCA/58e71093-d3f7-4124-a4a3-8f5832cecc5d/logs/TCGA-R6-A8W5-01Z-00-DX1.DD3F48D7-3C8E-4468-BB2F-797F2F0FCB7B.svs.parcel

         22,840 100%   97.83kB/s    0:00:00  
         22,840 100%   97.83kB/s    0:00:00 (xfr#290, to-chk=801/11634)
WSI/dataset/TCGA-ESCA/5a6ce258-3452-4b50-95dd-52b66f8df980/
WSI/dataset/TCGA-ESCA/5a6ce258-3452-4b50-95dd-52b66f8df980/TCGA-IG-A97H-01Z-00-DX1.DB5FAE75-4F0D-4D25-BE6F-928CA784EEF7.svs

         32,768   0%  138.53kB/s    4:18:13  
     22,282,240   1%   21.25MB/s    0:01:37  
    183,762,944   8%   87.67MB/s    0:00:21  
    389,021,696  18%  123.75MB/s    0:00:13  
    601,882,624  28%  143.57MB/s    0:00:10  
    779,091,968  36%  180.53MB/s    0:00:07  
    986,054,656  45%  191.38MB/s    0:00:05  
  1,174,011,904  54%  187.25MB/s    0:00:05  
  1,377,042,432  64%  184.95MB/s    0:00:04  
  1,571,061,760  73%  188.96MB/s    0:00:02  
  1,751,515,136  81%  182.59MB/s    0:00:02  
  1,865,023,488  86%  164.83MB/s    0:00:01  
  2,083,028,992  97%  168.40MB/s    0:00:00  
  2,146,278,435 100%  165.60MB/s    0:00:12 (xfr#291, to-chk=800/11634)
WSI/dataset/TCGA-ESCA/5a6ce258-3452-4b50-95dd-52b66f8df980/logs/TCGA-IG-A97H-01Z-00-DX1.DB5FAE75-4F0D-4D25-BE6F-928CA784EEF7.svs.parcel

         32,768  25%   86.49kB/s    0:00:01  
        129,449 100%  339.83kB/s    0:00:00 (xfr#292, to-chk=798/11634)
WSI/dataset/TCGA-ESCA/5aca756c-b98d-441a-a138-795578393bae/
WSI/dataset/TCGA-ESCA/5aca756c-b98d-441a-a138-795578393bae/TCGA-L5-A88T-11A-01-TS1.602686EA-5AA3-4545-9BA5-12639F556919.svs

         32,768   0%   84.66kB/s    0:10:11  
      4,587,520   8%    1.11MB/s    0:00:41  
     51,788,521 100%   11.77MB/s    0:00:04 (xfr#293, to-chk=797/11634)
WSI/dataset/TCGA-ESCA/5aca756c-b98d-441a-a138-795578393bae/annotations.txt

            349 100%    1.41kB/s    0:00:00  
            349 100%    1.41kB/s    0:00:00 (xfr#294, to-chk=796/11634)
WSI/dataset/TCGA-ESCA/5aca756c-b98d-441a-a138-795578393bae/logs/TCGA-L5-A88T-11A-01-TS1.602686EA-5AA3-4545-9BA5-12639F556919.svs.parcel

          4,696 100%   18.79kB/s    0:00:00  
          4,696 100%   18.79kB/s    0:00:00 (xfr#295, to-chk=794/11634)
WSI/dataset/TCGA-ESCA/5adfb61c-34f5-4190-bbc2-c6c1a2e0e96b/
WSI/dataset/TCGA-ESCA/5adfb61c-34f5-4190-bbc2-c6c1a2e0e96b/TCGA-JY-A93C-01A-01-TS1.EF73FF6A-7581-4EAB-85CC-8AA02ECFC1D2.svs

         32,768   0%  128.00kB/s    0:15:58  
    105,775,104  86%  100.88MB/s    0:00:00  
    122,688,315 100%  107.34MB/s    0:00:01 (xfr#296, to-chk=793/11634)
WSI/dataset/TCGA-ESCA/5adfb61c-34f5-4190-bbc2-c6c1a2e0e96b/logs/TCGA-JY-A93C-01A-01-TS1.EF73FF6A-7581-4EAB-85CC-8AA02ECFC1D2.svs.parcel

          9,232 100%   91.07kB/s    0:00:00  
          9,232 100%   91.07kB/s    0:00:00 (xfr#297, to-chk=791/11634)
WSI/dataset/TCGA-ESCA/5c49dcb9-07b9-4ce9-a738-9bf0a5c0d77a/
WSI/dataset/TCGA-ESCA/5c49dcb9-07b9-4ce9-a738-9bf0a5c0d77a/TCGA-M9-A5M8-01Z-00-DX1.022A7D17-2C98-41D3-9DC9-59BDF661CB35.svs

         32,768   0%  304.76kB/s    0:04:15  
     78,008,016 100%  104.49MB/s    0:00:00 (xfr#298, to-chk=790/11634)
WSI/dataset/TCGA-ESCA/5c49dcb9-07b9-4ce9-a738-9bf0a5c0d77a/logs/TCGA-M9-A5M8-01Z-00-DX1.022A7D17-2C98-41D3-9DC9-59BDF661CB35.svs.parcel

          6,964 100%    9.51kB/s    0:00:00  
          6,964 100%    9.51kB/s    0:00:00 (xfr#299, to-chk=788/11634)
WSI/dataset/TCGA-ESCA/5cc73ca6-b47f-4bd2-820d-3fc02f8c2e5b/
WSI/dataset/TCGA-ESCA/5cc73ca6-b47f-4bd2-820d-3fc02f8c2e5b/TCGA-VR-AA4D-01Z-00-DX1.1267B1EC-1EBB-46AE-9AA3-9162F5559862.svs

         32,768   0%   44.57kB/s    6:23:51  
     37,748,736   3%   36.00MB/s    0:00:26  
    183,631,872  17%   87.61MB/s    0:00:09  
    358,744,064  34%  114.08MB/s    0:00:05  
    482,213,888  46%  115.03MB/s    0:00:04  
    630,063,104  61%  141.32MB/s    0:00:02  
    786,694,144  76%  143.89MB/s    0:00:01  
    940,048,384  91%  138.66MB/s    0:00:00  
  1,026,484,513 100%  130.98MB/s    0:00:07 (xfr#300, to-chk=787/11634)
WSI/dataset/TCGA-ESCA/5cc73ca6-b47f-4bd2-820d-3fc02f8c2e5b/logs/TCGA-VR-AA4D-01Z-00-DX1.1267B1EC-1EBB-46AE-9AA3-9162F5559862.svs.parcel

         32,768  51%   66.53kB/s    0:00:00  
         63,666 100%  128.99kB/s    0:00:00 (xfr#301, to-chk=785/11634)
WSI/dataset/TCGA-ESCA/5ce745a7-0e62-4ae4-bdba-b3f8c5b61eb1/
WSI/dataset/TCGA-ESCA/5ce745a7-0e62-4ae4-bdba-b3f8c5b61eb1/TCGA-2H-A9GL-11A-01-TS1.BCD078E1-A1AB-459A-87D4-147BDDD95871.svs

         32,768   0%   65.84kB/s    0:22:49  
      5,505,024   6%    2.40MB/s    0:00:34  
     90,212,707 100%   30.57MB/s    0:00:02 (xfr#302, to-chk=784/11634)
WSI/dataset/TCGA-ESCA/5ce745a7-0e62-4ae4-bdba-b3f8c5b61eb1/logs/TCGA-2H-A9GL-11A-01-TS1.BCD078E1-A1AB-459A-87D4-147BDDD95871.svs.parcel

          6,964 100%   10.79kB/s    0:00:00  
          6,964 100%   10.79kB/s    0:00:00 (xfr#303, to-chk=782/11634)
WSI/dataset/TCGA-ESCA/5eaeb5ca-767b-45f3-b1cb-846698f8fe0b/
WSI/dataset/TCGA-ESCA/5eaeb5ca-767b-45f3-b1cb-846698f8fe0b/TCGA-L5-A4OP-01Z-00-DX1.D56B7379-2BC1-459A-90A7-EF0502CD29CD.svs

         32,768   0%   50.39kB/s   11:50:30  
     46,006,272   2%   43.88MB/s    0:00:46  
    216,039,424  10%  103.07MB/s    0:00:18  
    401,211,392  18%  127.58MB/s    0:00:13  
    596,770,816  27%  142.35MB/s    0:00:10  
    788,135,936  36%  177.03MB/s    0:00:07  
    959,840,256  44%  177.42MB/s    0:00:06  
  1,155,006,464  53%  179.85MB/s    0:00:05  
  1,351,221,248  62%  180.01MB/s    0:00:04  
  1,564,213,248  72%  185.17MB/s    0:00:03  
  1,776,287,744  82%  194.80MB/s    0:00:01  
  1,980,497,920  92%  192.91MB/s    0:00:00  
  2,148,349,829 100%  172.13MB/s    0:00:11 (xfr#304, to-chk=781/11634)
WSI/dataset/TCGA-ESCA/5eaeb5ca-767b-45f3-b1cb-846698f8fe0b/logs/TCGA-L5-A4OP-01Z-00-DX1.D56B7379-2BC1-459A-90A7-EF0502CD29CD.svs.parcel

         32,768  25%   38.65kB/s    0:00:02  
        129,455 100%  152.31kB/s    0:00:00 (xfr#305, to-chk=779/11634)
WSI/dataset/TCGA-ESCA/5f0ce008-e998-438a-ac54-1f63e38dc80d/
WSI/dataset/TCGA-ESCA/5f0ce008-e998-438a-ac54-1f63e38dc80d/TCGA-JY-A6FA-01A-01-TS1.9748317A-685D-4551-AF68-0617C35E7C7E.svs

         32,768   0%   38.19kB/s    1:27:08  
      9,175,040   4%    2.09MB/s    0:01:29  
    181,927,936  91%   33.40MB/s    0:00:00  
    199,682,539 100%   35.98MB/s    0:00:05 (xfr#306, to-chk=778/11634)
WSI/dataset/TCGA-ESCA/5f0ce008-e998-438a-ac54-1f63e38dc80d/logs/TCGA-JY-A6FA-01A-01-TS1.9748317A-685D-4551-AF68-0617C35E7C7E.svs.parcel

         13,768 100%  134.45kB/s    0:00:00  
         13,768 100%  134.45kB/s    0:00:00 (xfr#307, to-chk=776/11634)
WSI/dataset/TCGA-ESCA/608f904d-dead-4af4-b51e-e58bdf031692/
WSI/dataset/TCGA-ESCA/608f904d-dead-4af4-b51e-e58bdf031692/TCGA-VR-A8EU-01A-01-TS1.5FDFBBC7-97F2-4424-AA9B-8967CFD61E36.svs

         32,768   0%  307.69kB/s    0:07:05  
    101,318,656  77%   96.62MB/s    0:00:00  
    130,874,763 100%  106.59MB/s    0:00:01 (xfr#308, to-chk=775/11634)
WSI/dataset/TCGA-ESCA/608f904d-dead-4af4-b51e-e58bdf031692/logs/TCGA-VR-A8EU-01A-01-TS1.5FDFBBC7-97F2-4424-AA9B-8967CFD61E36.svs.parcel

          9,232 100%   51.81kB/s    0:00:00  
          9,232 100%   51.81kB/s    0:00:00 (xfr#309, to-chk=773/11634)
WSI/dataset/TCGA-ESCA/618c92db-5f9b-4efa-9efe-8955575a261b/
WSI/dataset/TCGA-ESCA/618c92db-5f9b-4efa-9efe-8955575a261b/TCGA-LN-A7HX-01A-01-TSA.E740B52F-ADE2-4BCF-BE6B-0B5BAF3352AC.svs

         32,768   0%  177.78kB/s    0:31:52  
     83,886,080  24%   80.00MB/s    0:00:03  
    247,857,152  72%  118.25MB/s    0:00:00  
    340,069,073 100%  129.11MB/s    0:00:02 (xfr#310, to-chk=772/11634)
WSI/dataset/TCGA-ESCA/618c92db-5f9b-4efa-9efe-8955575a261b/logs/TCGA-LN-A7HX-01A-01-TSA.E740B52F-ADE2-4BCF-BE6B-0B5BAF3352AC.svs.parcel

         22,840 100%   43.06kB/s    0:00:00  
         22,840 100%   43.06kB/s    0:00:00 (xfr#311, to-chk=770/11634)
WSI/dataset/TCGA-ESCA/62013014-9027-4d5a-93e8-920fb799b28d/
WSI/dataset/TCGA-ESCA/62013014-9027-4d5a-93e8-920fb799b28d/TCGA-KH-A6WC-01Z-00-DX1.3F29FCD8-7176-41F0-93D2-66A1628389AA.svs

         32,768   0%   61.19kB/s    1:20:23  
     11,796,480   3%   10.03MB/s    0:00:27  
    215,875,584  73%   97.07MB/s    0:00:00  
    295,147,181 100%  106.22MB/s    0:00:02 (xfr#312, to-chk=769/11634)
WSI/dataset/TCGA-ESCA/62013014-9027-4d5a-93e8-920fb799b28d/logs/TCGA-KH-A6WC-01Z-00-DX1.3F29FCD8-7176-41F0-93D2-66A1628389AA.svs.parcel

         18,304 100%   33.60kB/s    0:00:00  
         18,304 100%   33.60kB/s    0:00:00 (xfr#313, to-chk=767/11634)
WSI/dataset/TCGA-ESCA/623a0e89-f7cf-43d5-be5f-39a10e7c87b2/
WSI/dataset/TCGA-ESCA/623a0e89-f7cf-43d5-be5f-39a10e7c87b2/TCGA-LN-A4A4-01Z-00-DX1.2E1ED2F1-0B15-4034-9FD5-5CA85F72313A.svs

         32,768   0%   59.70kB/s    4:09:45  
      5,373,952   0%    5.08MB/s    0:02:50  
    186,941,440  20%   88.83MB/s    0:00:07  
    361,103,360  40%  114.56MB/s    0:00:04  
    532,447,232  59%  126.79MB/s    0:00:02  
    737,017,856  82%  174.57MB/s    0:00:00  
    894,695,550 100%  147.47MB/s    0:00:05 (xfr#314, to-chk=766/11634)
WSI/dataset/TCGA-ESCA/623a0e89-f7cf-43d5-be5f-39a10e7c87b2/logs/TCGA-LN-A4A4-01Z-00-DX1.2E1ED2F1-0B15-4034-9FD5-5CA85F72313A.svs.parcel

         32,768  60%   40.76kB/s    0:00:00  
         54,592 100%   67.83kB/s    0:00:00 (xfr#315, to-chk=764/11634)
WSI/dataset/TCGA-ESCA/630ce1cb-457f-4e74-bbe5-04d03c9f8f09/
WSI/dataset/TCGA-ESCA/630ce1cb-457f-4e74-bbe5-04d03c9f8f09/TCGA-R6-A8WC-01Z-00-DX1.D7838B62-73C9-4FC8-AC0A-28DAB10470BA.svs

         32,768   0%   40.46kB/s    1:43:57  
      8,257,536   3%    3.57MB/s    0:01:06  
    171,573,248  67%   51.07MB/s    0:00:01  
    252,390,087 100%   62.44MB/s    0:00:03 (xfr#316, to-chk=763/11634)
WSI/dataset/TCGA-ESCA/630ce1cb-457f-4e74-bbe5-04d03c9f8f09/logs/TCGA-R6-A8WC-01Z-00-DX1.D7838B62-73C9-4FC8-AC0A-28DAB10470BA.svs.parcel

         16,036 100%   24.02kB/s    0:00:00  
         16,036 100%   24.02kB/s    0:00:00 (xfr#317, to-chk=761/11634)
WSI/dataset/TCGA-ESCA/632f781c-e10e-4e6d-9556-4c141c5425d9/
WSI/dataset/TCGA-ESCA/632f781c-e10e-4e6d-9556-4c141c5425d9/TCGA-LN-A49S-01Z-00-DX1.F9A7F5B3-8E02-4873-B193-EB0056AD286C.svs

         32,768   0%   48.85kB/s    1:24:21  
      8,781,824   3%    7.73MB/s    0:00:30  
    229,670,912  92%  105.20MB/s    0:00:00  
    247,313,406 100%  108.59MB/s    0:00:02 (xfr#318, to-chk=760/11634)
WSI/dataset/TCGA-ESCA/632f781c-e10e-4e6d-9556-4c141c5425d9/logs/TCGA-LN-A49S-01Z-00-DX1.F9A7F5B3-8E02-4873-B193-EB0056AD286C.svs.parcel

         16,036 100%  170.22kB/s    0:00:00  
         16,036 100%  170.22kB/s    0:00:00 (xfr#319, to-chk=758/11634)
WSI/dataset/TCGA-ESCA/63739a14-e9ab-41c7-9684-ea34c7f55fbe/
WSI/dataset/TCGA-ESCA/63739a14-e9ab-41c7-9684-ea34c7f55fbe/TCGA-L5-A8NW-11A-01-TSA.BFFD87D3-158C-4742-BDB0-A46D3D213445.svs

         32,768   0%  329.90kB/s    0:02:04  
     41,143,001 100%   47.79MB/s    0:00:00 (xfr#320, to-chk=757/11634)
WSI/dataset/TCGA-ESCA/63739a14-e9ab-41c7-9684-ea34c7f55fbe/logs/TCGA-L5-A8NW-11A-01-TSA.BFFD87D3-158C-4742-BDB0-A46D3D213445.svs.parcel

          4,696 100%    5.57kB/s    0:00:00  
          4,696 100%    5.57kB/s    0:00:00 (xfr#321, to-chk=755/11634)
WSI/dataset/TCGA-ESCA/63ec92c9-c19d-4af6-9fe6-188a48ca3a12/
WSI/dataset/TCGA-ESCA/63ec92c9-c19d-4af6-9fe6-188a48ca3a12/TCGA-L5-A4OS-01A-01-TS1.A8517461-1B57-41E0-9F2E-BD082CD195B5.svs

         32,768   0%   38.65kB/s    2:28:56  
     18,481,152   5%   17.62MB/s    0:00:18  
    166,461,440  48%   79.38MB/s    0:00:02  
    335,839,232  97%  106.80MB/s    0:00:00  
    345,406,343 100%  108.07MB/s    0:00:03 (xfr#322, to-chk=754/11634)
WSI/dataset/TCGA-ESCA/63ec92c9-c19d-4af6-9fe6-188a48ca3a12/logs/TCGA-L5-A4OS-01A-01-TS1.A8517461-1B57-41E0-9F2E-BD082CD195B5.svs.parcel

         22,840 100%  420.84kB/s    0:00:00  
         22,840 100%  420.84kB/s    0:00:00 (xfr#323, to-chk=752/11634)
WSI/dataset/TCGA-ESCA/64b33702-f08c-468a-a058-dc3e57cea704/
WSI/dataset/TCGA-ESCA/64b33702-f08c-468a-a058-dc3e57cea704/TCGA-L5-A88Z-11A-01-TS1.0A879AC6-8EC6-4E71-90D9-FFB42CDD48B8.svs

         32,768   0%  571.43kB/s    0:01:53  
     51,511,296  79%   46.39MB/s    0:00:00  
     64,846,201 100%   53.08MB/s    0:00:01 (xfr#324, to-chk=751/11634)
WSI/dataset/TCGA-ESCA/64b33702-f08c-468a-a058-dc3e57cea704/logs/TCGA-L5-A88Z-11A-01-TS1.0A879AC6-8EC6-4E71-90D9-FFB42CDD48B8.svs.parcel

          4,696 100%   41.31kB/s    0:00:00  
          4,696 100%   41.31kB/s    0:00:00 (xfr#325, to-chk=749/11634)
WSI/dataset/TCGA-ESCA/65101687-e027-4d4a-a6f6-30f9acb8490e/
WSI/dataset/TCGA-ESCA/65101687-e027-4d4a-a6f6-30f9acb8490e/TCGA-IG-A3I8-01Z-00-DX1.00D0CD6B-06E7-4F3B-BD24-2E18DE926045.svs

         32,768   0%  278.26kB/s    0:57:55  
    124,387,328  12%  118.62MB/s    0:00:06  
    289,931,264  29%  138.25MB/s    0:00:04  
    446,169,088  46%  141.88MB/s    0:00:03  
    634,912,768  65%  151.45MB/s    0:00:02  
    813,957,120  84%  164.53MB/s    0:00:00  
    967,148,165 100%  160.38MB/s    0:00:05 (xfr#326, to-chk=748/11634)
WSI/dataset/TCGA-ESCA/65101687-e027-4d4a-a6f6-30f9acb8490e/logs/TCGA-IG-A3I8-01Z-00-DX1.00D0CD6B-06E7-4F3B-BD24-2E18DE926045.svs.parcel

         32,768  55%   42.16kB/s    0:00:00  
         59,128 100%   75.98kB/s    0:00:00 (xfr#327, to-chk=746/11634)
WSI/dataset/TCGA-ESCA/657dcaae-2f06-4a99-804d-f9f44f84ae8d/
WSI/dataset/TCGA-ESCA/657dcaae-2f06-4a99-804d-f9f44f84ae8d/TCGA-L5-A4OS-01Z-00-DX1.DB97C677-73CB-49E9-8F0A-216EFFF364EC.svs

         32,768   0%   41.78kB/s   10:47:32  
     13,500,416   0%    5.78MB/s    0:04:32  
    183,369,728  11%   54.19MB/s    0:00:25  
    357,564,416  22%   80.67MB/s    0:00:15  
    561,381,376  34%  102.44MB/s    0:00:10  
    800,358,400  49%  187.70MB/s    0:00:04  
  1,049,395,200  64%  206.63MB/s    0:00:02  
  1,291,190,272  79%  222.71MB/s    0:00:01  
  1,479,802,880  91%  219.08MB/s    0:00:00  
  1,623,100,071 100%  157.24MB/s    0:00:09 (xfr#328, to-chk=745/11634)
WSI/dataset/TCGA-ESCA/657dcaae-2f06-4a99-804d-f9f44f84ae8d/logs/TCGA-L5-A4OS-01Z-00-DX1.DB97C677-73CB-49E9-8F0A-216EFFF364EC.svs.parcel

         32,768  33%   51.28kB/s    0:00:01  
         97,695 100%  152.40kB/s    0:00:00 (xfr#329, to-chk=743/11634)
WSI/dataset/TCGA-ESCA/65abd863-bae5-4841-a963-fcd101ff483f/
WSI/dataset/TCGA-ESCA/65abd863-bae5-4841-a963-fcd101ff483f/TCGA-L5-A4OX-01A-02-TS2.73395C0F-2FBD-4E7E-A91B-F48212EBD8C4.svs

         32,768   0%   50.55kB/s    1:21:08  
      5,767,168   2%    1.77MB/s    0:02:12  
    133,824,512  54%   31.01MB/s    0:00:03  
    246,129,907 100%   47.51MB/s    0:00:04 (xfr#330, to-chk=742/11634)
WSI/dataset/TCGA-ESCA/65abd863-bae5-4841-a963-fcd101ff483f/logs/TCGA-L5-A4OX-01A-02-TS2.73395C0F-2FBD-4E7E-A91B-F48212EBD8C4.svs.parcel

         16,099 100%   18.92kB/s    0:00:00  
         16,099 100%   18.92kB/s    0:00:00 (xfr#331, to-chk=740/11634)
WSI/dataset/TCGA-ESCA/6618eb6e-0f03-41b2-992a-00b9e806779b/
WSI/dataset/TCGA-ESCA/6618eb6e-0f03-41b2-992a-00b9e806779b/TCGA-L5-A4OH-01A-01-TS1.603E1371-EEB4-4121-84F7-E5AFC80F2A2A.svs

         32,768   0%   38.32kB/s    1:10:02  
      5,505,024   3%    4.32MB/s    0:00:35  
    161,102,897 100%   71.96MB/s    0:00:02 (xfr#332, to-chk=739/11634)
WSI/dataset/TCGA-ESCA/6618eb6e-0f03-41b2-992a-00b9e806779b/logs/TCGA-L5-A4OH-01A-01-TS1.603E1371-EEB4-4121-84F7-E5AFC80F2A2A.svs.parcel

         11,500 100%   12.14kB/s    0:00:00  
         11,500 100%   12.14kB/s    0:00:00 (xfr#333, to-chk=737/11634)
WSI/dataset/TCGA-ESCA/6631497f-ceb3-461e-9a2f-ab1f9aa9d4e7/
WSI/dataset/TCGA-ESCA/6631497f-ceb3-461e-9a2f-ab1f9aa9d4e7/TCGA-VR-A8EY-01Z-00-DX1.DD6ABA23-88BF-4D66-B405-EC889D25029B.svs

         32,768   0%   34.45kB/s   14:52:37  
     10,354,688   0%    9.88MB/s    0:03:01  
    173,539,328   9%   82.75MB/s    0:00:19  
    377,487,360  20%  120.00MB/s    0:00:11  
    593,264,640  32%  141.48MB/s    0:00:08  
    782,893,056  42%  184.28MB/s    0:00:05  
    979,894,272  53%  192.35MB/s    0:00:04  
  1,169,457,152  63%  188.96MB/s    0:00:03  
  1,375,731,712  74%  186.69MB/s    0:00:02  
  1,565,392,896  84%  186.66MB/s    0:00:01  
  1,740,898,304  94%  181.53MB/s    0:00:00  
  1,844,856,243 100%  167.90MB/s    0:00:10 (xfr#334, to-chk=736/11634)
WSI/dataset/TCGA-ESCA/6631497f-ceb3-461e-9a2f-ab1f9aa9d4e7/logs/TCGA-VR-A8EY-01Z-00-DX1.DD6ABA23-88BF-4D66-B405-EC889D25029B.svs.parcel

         32,768  29%   65.44kB/s    0:00:01  
        111,303 100%  221.37kB/s    0:00:00 (xfr#335, to-chk=734/11634)
WSI/dataset/TCGA-ESCA/68b5c9c4-eae6-459a-af57-c2ddd346a4bf/
WSI/dataset/TCGA-ESCA/68b5c9c4-eae6-459a-af57-c2ddd346a4bf/TCGA-L5-A8NL-01A-01-TS1.A79D89E0-F739-4DCF-BEA1-ACC52D8968D2.svs

         32,768   0%   64.52kB/s    1:22:12  
      7,864,320   2%    2.34MB/s    0:02:09  
    155,484,160  48%   35.31MB/s    0:00:04  
    310,902,784  97%   57.02MB/s    0:00:00  
    318,290,151 100%   58.01MB/s    0:00:05 (xfr#336, to-chk=733/11634)
WSI/dataset/TCGA-ESCA/68b5c9c4-eae6-459a-af57-c2ddd346a4bf/logs/TCGA-L5-A8NL-01A-01-TS1.A79D89E0-F739-4DCF-BEA1-ACC52D8968D2.svs.parcel

         20,572 100%  542.97kB/s    0:00:00  
         20,572 100%  542.97kB/s    0:00:00 (xfr#337, to-chk=731/11634)
WSI/dataset/TCGA-ESCA/68eb1719-a946-4d5a-a052-c0956ef57283/
WSI/dataset/TCGA-ESCA/68eb1719-a946-4d5a-a052-c0956ef57283/TCGA-L5-A4OO-11A-01-TS1.C76EADCD-A4E0-4D7C-AAD1-1B96CB06997D.svs

         32,768   0%  761.90kB/s    0:02:00  
     50,987,008  55%   48.62MB/s    0:00:00  
     91,756,267 100%   67.00MB/s    0:00:01 (xfr#338, to-chk=730/11634)
WSI/dataset/TCGA-ESCA/68eb1719-a946-4d5a-a052-c0956ef57283/logs/TCGA-L5-A4OO-11A-01-TS1.C76EADCD-A4E0-4D7C-AAD1-1B96CB06997D.svs.parcel

          6,964 100%   21.94kB/s    0:00:00  
          6,964 100%   21.94kB/s    0:00:00 (xfr#339, to-chk=728/11634)
WSI/dataset/TCGA-ESCA/6998ffb1-1a52-449c-a5d0-2803521dd222/
WSI/dataset/TCGA-ESCA/6998ffb1-1a52-449c-a5d0-2803521dd222/TCGA-L5-A4OI-11A-01-TS1.81D1F46D-9071-47C3-BFB9-5A22BBCB0A3A.svs

         32,768   0%  102.24kB/s    0:18:52  
     73,793,536  63%   70.38MB/s    0:00:00  
    115,787,801 100%   85.14MB/s    0:00:01 (xfr#340, to-chk=727/11634)
WSI/dataset/TCGA-ESCA/6998ffb1-1a52-449c-a5d0-2803521dd222/logs/TCGA-L5-A4OI-11A-01-TS1.81D1F46D-9071-47C3-BFB9-5A22BBCB0A3A.svs.parcel

          9,232 100%   29.75kB/s    0:00:00  
          9,232 100%   29.75kB/s    0:00:00 (xfr#341, to-chk=725/11634)
WSI/dataset/TCGA-ESCA/69a0b7cf-1e0b-4db9-96a4-6395abfc2393/
WSI/dataset/TCGA-ESCA/69a0b7cf-1e0b-4db9-96a4-6395abfc2393/TCGA-2H-A9GH-01Z-00-DX1.B2BF80D6-D348-4C5F-A205-6827684BF3B6.svs

         32,768   0%  103.23kB/s    2:33:30  
     85,590,016   9%   81.62MB/s    0:00:10  
    267,649,024  28%  127.69MB/s    0:00:05  
    426,803,200  44%  135.77MB/s    0:00:03  
    590,741,504  62%  140.95MB/s    0:00:02  
    741,867,520  78%  156.47MB/s    0:00:01  
    905,314,304  95%  152.03MB/s    0:00:00  
    950,776,123 100%  145.12MB/s    0:00:06 (xfr#342, to-chk=724/11634)
WSI/dataset/TCGA-ESCA/69a0b7cf-1e0b-4db9-96a4-6395abfc2393/logs/TCGA-2H-A9GH-01Z-00-DX1.B2BF80D6-D348-4C5F-A205-6827684BF3B6.svs.parcel

         32,768  55%  126.48kB/s    0:00:00  
         59,128 100%  227.33kB/s    0:00:00 (xfr#343, to-chk=722/11634)
WSI/dataset/TCGA-ESCA/6b54823b-99f4-4493-b3a6-3deb379eb263/
WSI/dataset/TCGA-ESCA/6b54823b-99f4-4493-b3a6-3deb379eb263/TCGA-2H-A9GK-11A-01-TS1.806DF242-D5C1-4AAA-8F53-836A72F7E3A0.svs

         32,768   0%  123.55kB/s    0:13:59  
      5,373,952   5%    2.85MB/s    0:00:33  
    103,806,717 100%   42.51MB/s    0:00:02 (xfr#344, to-chk=721/11634)
WSI/dataset/TCGA-ESCA/6b54823b-99f4-4493-b3a6-3deb379eb263/logs/TCGA-2H-A9GK-11A-01-TS1.806DF242-D5C1-4AAA-8F53-836A72F7E3A0.svs.parcel

          6,964 100%   12.83kB/s    0:00:00  
          6,964 100%   12.83kB/s    0:00:00 (xfr#345, to-chk=719/11634)
WSI/dataset/TCGA-ESCA/6b9207c2-ede7-48ab-97fb-466cf93bbb2b/
WSI/dataset/TCGA-ESCA/6b9207c2-ede7-48ab-97fb-466cf93bbb2b/TCGA-L5-A4OG-11A-01-TS1.451FCD2D-034A-4D85-88D3-6B25B930DBE6.svs

         32,768   0%   60.15kB/s    0:20:26  
     35,782,656  48%   34.12MB/s    0:00:01  
     73,823,133 100%   52.82MB/s    0:00:01 (xfr#346, to-chk=718/11634)
WSI/dataset/TCGA-ESCA/6b9207c2-ede7-48ab-97fb-466cf93bbb2b/logs/TCGA-L5-A4OG-11A-01-TS1.451FCD2D-034A-4D85-88D3-6B25B930DBE6.svs.parcel

          4,696 100%   13.65kB/s    0:00:00  
          4,696 100%   13.65kB/s    0:00:00 (xfr#347, to-chk=716/11634)
WSI/dataset/TCGA-ESCA/6c0802e4-90eb-47cc-8da3-bb8bb4e0584b/
WSI/dataset/TCGA-ESCA/6c0802e4-90eb-47cc-8da3-bb8bb4e0584b/TCGA-L5-A8NJ-11A-01-TS1.902478C3-B741-4740-AE82-968F9A1EB952.svs

         32,768   0%   93.84kB/s    0:10:56  
     61,674,921 100%   65.64MB/s    0:00:00 (xfr#348, to-chk=715/11634)
WSI/dataset/TCGA-ESCA/6c0802e4-90eb-47cc-8da3-bb8bb4e0584b/logs/TCGA-L5-A8NJ-11A-01-TS1.902478C3-B741-4740-AE82-968F9A1EB952.svs.parcel

          4,696 100%    5.03kB/s    0:00:00  
          4,696 100%    5.03kB/s    0:00:00 (xfr#349, to-chk=713/11634)
WSI/dataset/TCGA-ESCA/6d31423d-ba46-49ad-978f-9b1960ae4933/
WSI/dataset/TCGA-ESCA/6d31423d-ba46-49ad-978f-9b1960ae4933/TCGA-R6-A6XQ-01Z-00-DX1.16B81D33-0108-4CC1-BE9A-DAADD07F6841.svs

         32,768   0%   34.41kB/s    2:08:38  
      4,063,232   1%    3.88MB/s    0:01:05  
    168,820,736  63%   80.50MB/s    0:00:01  
    265,599,911 100%   89.25MB/s    0:00:02 (xfr#350, to-chk=712/11634)
WSI/dataset/TCGA-ESCA/6d31423d-ba46-49ad-978f-9b1960ae4933/logs/TCGA-R6-A6XQ-01Z-00-DX1.16B81D33-0108-4CC1-BE9A-DAADD07F6841.svs.parcel

         18,304 100%   21.25kB/s    0:00:00  
         18,304 100%   21.25kB/s    0:00:00 (xfr#351, to-chk=710/11634)
WSI/dataset/TCGA-ESCA/6e2e5ce3-cbc4-4f57-a3c6-2569aa9529d6/
WSI/dataset/TCGA-ESCA/6e2e5ce3-cbc4-4f57-a3c6-2569aa9529d6/TCGA-JY-A93F-01A-02-TS2.89622497-07F9-4D31-9212-17E1CC8E2742.svs

         32,768   0%   37.91kB/s    1:25:34  
      5,767,168   2%    3.77MB/s    0:00:48  
    130,056,192  66%   50.44MB/s    0:00:01  
    194,713,243 100%   63.86MB/s    0:00:02 (xfr#352, to-chk=709/11634)
WSI/dataset/TCGA-ESCA/6e2e5ce3-cbc4-4f57-a3c6-2569aa9529d6/logs/TCGA-JY-A93F-01A-02-TS2.89622497-07F9-4D31-9212-17E1CC8E2742.svs.parcel

         13,768 100%   29.75kB/s    0:00:00  
         13,768 100%   29.75kB/s    0:00:00 (xfr#353, to-chk=707/11634)
WSI/dataset/TCGA-ESCA/6f309280-2bf0-4d92-a1be-775d4d43ddee/
WSI/dataset/TCGA-ESCA/6f309280-2bf0-4d92-a1be-775d4d43ddee/TCGA-2H-A9GI-11A-01-TSA.DCE86568-B534-497C-B5EC-3E800686ACED.svs

         32,768   0%   70.02kB/s    0:13:37  
     30,670,848  53%   29.25MB/s    0:00:00  
     57,276,115 100%   45.33MB/s    0:00:01 (xfr#354, to-chk=706/11634)
WSI/dataset/TCGA-ESCA/6f309280-2bf0-4d92-a1be-775d4d43ddee/logs/TCGA-2H-A9GI-11A-01-TSA.DCE86568-B534-497C-B5EC-3E800686ACED.svs.parcel

          4,696 100%   22.05kB/s    0:00:00  
          4,696 100%   22.05kB/s    0:00:00 (xfr#355, to-chk=704/11634)
WSI/dataset/TCGA-ESCA/7163cb9a-e830-458d-b3b5-6d22d556fad8/
WSI/dataset/TCGA-ESCA/7163cb9a-e830-458d-b3b5-6d22d556fad8/TCGA-IG-A3YB-01A-01-TSA.FF45C927-1A61-43E9-8EE6-6149A6E13342.svs

         32,768   0%  150.94kB/s    0:47:00  
     86,507,520  20%   82.50MB/s    0:00:04  
    193,986,560  45%   92.50MB/s    0:00:02  
    306,708,480  72%   97.53MB/s    0:00:01  
    425,737,785 100%  107.33MB/s    0:00:03 (xfr#356, to-chk=703/11634)
WSI/dataset/TCGA-ESCA/7163cb9a-e830-458d-b3b5-6d22d556fad8/logs/TCGA-IG-A3YB-01A-01-TSA.FF45C927-1A61-43E9-8EE6-6149A6E13342.svs.parcel

         27,376 100%   33.93kB/s    0:00:00  
         27,376 100%   33.93kB/s    0:00:00 (xfr#357, to-chk=701/11634)
WSI/dataset/TCGA-ESCA/723a8284-de74-4f66-91e1-c7ad4ed1fae9/
WSI/dataset/TCGA-ESCA/723a8284-de74-4f66-91e1-c7ad4ed1fae9/TCGA-VR-AA4G-01A-01-TS1.E950EBA2-7D6E-4FFD-A2D5-E0EB6486848A.svs

         32,768   0%   40.30kB/s    1:59:20  
      6,160,384   2%    3.57MB/s    0:01:17  
    167,510,016  58%   60.37MB/s    0:00:01  
    288,603,851 100%   77.47MB/s    0:00:03 (xfr#358, to-chk=700/11634)
WSI/dataset/TCGA-ESCA/723a8284-de74-4f66-91e1-c7ad4ed1fae9/logs/TCGA-VR-AA4G-01A-01-TS1.E950EBA2-7D6E-4FFD-A2D5-E0EB6486848A.svs.parcel

         18,304 100%   19.49kB/s    0:00:00  
         18,304 100%   19.49kB/s    0:00:00 (xfr#359, to-chk=698/11634)
WSI/dataset/TCGA-ESCA/72611d81-e377-4f85-9b89-99a9b2ef1536/
WSI/dataset/TCGA-ESCA/72611d81-e377-4f85-9b89-99a9b2ef1536/TCGA-2H-A9GR-01A-01-TSA.1466A13F-08E8-4139-871E-042FFA9B1579.svs

         32,768   0%   34.67kB/s    1:11:50  
      8,650,752   5%    5.40MB/s    0:00:25  
    149,476,797 100%   60.95MB/s    0:00:02 (xfr#360, to-chk=697/11634)
WSI/dataset/TCGA-ESCA/72611d81-e377-4f85-9b89-99a9b2ef1536/logs/TCGA-2H-A9GR-01A-01-TSA.1466A13F-08E8-4139-871E-042FFA9B1579.svs.parcel

          9,232 100%   11.04kB/s    0:00:00  
          9,232 100%   11.04kB/s    0:00:00 (xfr#361, to-chk=695/11634)
WSI/dataset/TCGA-ESCA/72b238a5-24f6-4681-8ec3-7412242dec6c/
WSI/dataset/TCGA-ESCA/72b238a5-24f6-4681-8ec3-7412242dec6c/TCGA-L5-A8NM-01A-01-TS1.361AF7A2-63A4-4BD1-960C-491A38E53E2B.svs

         32,768   0%   38.98kB/s    1:22:57  
      6,815,744   3%    5.77MB/s    0:00:31  
    188,022,784  96%   84.38MB/s    0:00:00  
    194,059,391 100%   85.88MB/s    0:00:02 (xfr#362, to-chk=694/11634)
WSI/dataset/TCGA-ESCA/72b238a5-24f6-4681-8ec3-7412242dec6c/logs/TCGA-L5-A8NM-01A-01-TS1.361AF7A2-63A4-4BD1-960C-491A38E53E2B.svs.parcel

         13,768 100%  433.72kB/s    0:00:00  
         13,768 100%  433.72kB/s    0:00:00 (xfr#363, to-chk=692/11634)
WSI/dataset/TCGA-ESCA/73af4e6f-347c-4c56-b74e-c5f25a999878/
WSI/dataset/TCGA-ESCA/73af4e6f-347c-4c56-b74e-c5f25a999878/TCGA-IC-A6RE-01A-01-TS1.D0D8B84F-CA23-48BF-89E5-1794ACEA912A.svs

         32,768   0%  941.18kB/s    0:02:22  
     92,831,744  69%   88.53MB/s    0:00:00  
    134,251,895 100%   99.02MB/s    0:00:01 (xfr#364, to-chk=691/11634)
WSI/dataset/TCGA-ESCA/73af4e6f-347c-4c56-b74e-c5f25a999878/logs/TCGA-IC-A6RE-01A-01-TS1.D0D8B84F-CA23-48BF-89E5-1794ACEA912A.svs.parcel

          9,232 100%   30.36kB/s    0:00:00  
          9,232 100%   30.36kB/s    0:00:00 (xfr#365, to-chk=689/11634)
WSI/dataset/TCGA-ESCA/741cf4c0-21ba-4db0-b661-ffda45682b08/
WSI/dataset/TCGA-ESCA/741cf4c0-21ba-4db0-b661-ffda45682b08/TCGA-R6-A8WG-01Z-00-DX1.7DFEC264-444A-456F-8EC5-61D82657F716.svs

         32,768   0%  106.67kB/s    1:03:45  
     72,908,800  17%   69.53MB/s    0:00:04  
    234,749,952  57%  111.99MB/s    0:00:01  
    387,579,904  94%  123.25MB/s    0:00:00  
    408,115,685 100%  123.05MB/s    0:00:03 (xfr#366, to-chk=688/11634)
WSI/dataset/TCGA-ESCA/741cf4c0-21ba-4db0-b661-ffda45682b08/logs/TCGA-R6-A8WG-01Z-00-DX1.7DFEC264-444A-456F-8EC5-61D82657F716.svs.parcel

         25,108 100%  146.82kB/s    0:00:00  
         25,108 100%  146.82kB/s    0:00:00 (xfr#367, to-chk=686/11634)
WSI/dataset/TCGA-ESCA/7426d34e-5e1c-466a-96e0-0d4d4f5233b2/
WSI/dataset/TCGA-ESCA/7426d34e-5e1c-466a-96e0-0d4d4f5233b2/TCGA-L5-A4OP-01A-01-TS1.9FC1AD01-596A-4EA2-B633-CE68D68AFC48.svs

         32,768   0%  187.13kB/s    0:17:43  
     11,272,192   5%   10.75MB/s    0:00:17  
    159,776,768  80%   76.19MB/s    0:00:00  
    198,980,967 100%   86.30MB/s    0:00:02 (xfr#368, to-chk=685/11634)
WSI/dataset/TCGA-ESCA/7426d34e-5e1c-466a-96e0-0d4d4f5233b2/logs/TCGA-L5-A4OP-01A-01-TS1.9FC1AD01-596A-4EA2-B633-CE68D68AFC48.svs.parcel

         13,768 100%   65.59kB/s    0:00:00  
         13,768 100%   65.59kB/s    0:00:00 (xfr#369, to-chk=683/11634)
WSI/dataset/TCGA-ESCA/746e8a96-4923-4de8-b403-85610b0b3ec3/
WSI/dataset/TCGA-ESCA/746e8a96-4923-4de8-b403-85610b0b3ec3/TCGA-LN-A9FO-01Z-00-DX1.E8183919-40B9-4CF2-BC78-00B8C3E6C2C3.svs

         32,768   0%  152.38kB/s    3:36:32  
     63,700,992   3%   60.75MB/s    0:00:30  
    223,084,544  11%  106.43MB/s    0:00:16  
    378,404,864  19%  120.37MB/s    0:00:12  
    551,845,888  27%  131.67MB/s    0:00:10  
    728,760,320  36%  158.68MB/s    0:00:07  
    900,235,264  45%  161.57MB/s    0:00:06  
  1,060,896,768  53%  162.84MB/s    0:00:05  
  1,217,396,736  61%  158.80MB/s    0:00:04  
  1,388,445,696  70%  157.40MB/s    0:00:03  
  1,523,351,552  76%  148.67MB/s    0:00:02  
  1,684,537,344  85%  148.80MB/s    0:00:01  
  1,910,636,544  96%  165.41MB/s    0:00:00  
  1,979,802,449 100%  152.87MB/s    0:00:12 (xfr#370, to-chk=682/11634)
WSI/dataset/TCGA-ESCA/746e8a96-4923-4de8-b403-85610b0b3ec3/logs/TCGA-LN-A9FO-01Z-00-DX1.E8183919-40B9-4CF2-BC78-00B8C3E6C2C3.svs.parcel

         32,768  27%   87.19kB/s    0:00:01  
        120,375 100%  318.57kB/s    0:00:00 (xfr#371, to-chk=680/11634)
WSI/dataset/TCGA-ESCA/75363cec-0104-4bce-87fa-198009f03129/
WSI/dataset/TCGA-ESCA/75363cec-0104-4bce-87fa-198009f03129/TCGA-JY-A939-01Z-00-DX1.BD1BA160-929F-442B-8080-71B2725A7ED1.svs

         32,768   0%   85.56kB/s    4:45:35  
      2,359,296   0%  468.77kB/s    0:52:02  
    219,447,296  14%   35.39MB/s    0:00:34  
    402,522,112  27%   55.53MB/s    0:00:18  
    616,038,400  42%   74.25MB/s    0:00:11  
    803,471,360  54%  191.14MB/s    0:00:03  
  1,037,860,864  70%  195.27MB/s    0:00:02  
  1,259,339,776  85%  204.43MB/s    0:00:00  
  1,466,189,296 100%  117.65MB/s    0:00:11 (xfr#372, to-chk=679/11634)
WSI/dataset/TCGA-ESCA/75363cec-0104-4bce-87fa-198009f03129/logs/TCGA-JY-A939-01Z-00-DX1.BD1BA160-929F-442B-8080-71B2725A7ED1.svs.parcel

         32,768  36%   32.59kB/s    0:00:01  
         88,623 100%   88.04kB/s    0:00:00 (xfr#373, to-chk=677/11634)
WSI/dataset/TCGA-ESCA/7541b2cc-1578-42f9-a4d4-0feacf611ec2/
WSI/dataset/TCGA-ESCA/7541b2cc-1578-42f9-a4d4-0feacf611ec2/TCGA-VR-A8EY-01A-01-TS1.A17CD561-C8E4-4FE5-89F2-65E31775FCDF.svs

         32,768   0%   32.23kB/s    2:40:27  
        294,912   0%  286.00kB/s    0:18:03  
      8,519,680   2%    2.19MB/s    0:02:14  
    118,489,088  38%   24.02MB/s    0:00:07  
    253,493,248  81%   42.38MB/s    0:00:01  
    310,290,089 100%   49.56MB/s    0:00:05 (xfr#374, to-chk=676/11634)
WSI/dataset/TCGA-ESCA/7541b2cc-1578-42f9-a4d4-0feacf611ec2/logs/TCGA-VR-A8EY-01A-01-TS1.A17CD561-C8E4-4FE5-89F2-65E31775FCDF.svs.parcel

         20,572 100%   74.96kB/s    0:00:00  
         20,572 100%   74.96kB/s    0:00:00 (xfr#375, to-chk=674/11634)
WSI/dataset/TCGA-ESCA/76bf30f4-ac18-4a76-a1b7-13efaf507a56/
WSI/dataset/TCGA-ESCA/76bf30f4-ac18-4a76-a1b7-13efaf507a56/TCGA-2H-A9GG-01Z-00-DX1.0C979026-128C-4124-96CB-0B93FF35CFFF.svs

         32,768   0%  118.08kB/s    3:39:43  
     48,791,552   3%   46.53MB/s    0:00:31  
    201,457,664  12%   96.11MB/s    0:00:13  
    352,059,392  22%  111.95MB/s    0:00:10  
    498,106,368  31%  118.82MB/s    0:00:08  
    653,131,776  41%  144.16MB/s    0:00:06  
    811,991,040  52%  145.60MB/s    0:00:04  
    965,345,280  62%  146.29MB/s    0:00:03  
  1,106,116,608  71%  145.03MB/s    0:00:03  
  1,260,126,208  80%  144.75MB/s    0:00:02  
  1,425,801,216  91%  146.42MB/s    0:00:00  
  1,556,699,247 100%  136.69MB/s    0:00:10 (xfr#376, to-chk=673/11634)
WSI/dataset/TCGA-ESCA/76bf30f4-ac18-4a76-a1b7-13efaf507a56/logs/TCGA-2H-A9GG-01Z-00-DX1.0C979026-128C-4124-96CB-0B93FF35CFFF.svs.parcel

         32,768  34%   36.78kB/s    0:00:01  
         95,427 100%  106.99kB/s    0:00:00 (xfr#377, to-chk=671/11634)
WSI/dataset/TCGA-ESCA/7940ff4a-4f0c-4b48-a17b-ed006eac17ad/
WSI/dataset/TCGA-ESCA/7940ff4a-4f0c-4b48-a17b-ed006eac17ad/TCGA-LN-A7HV-01Z-00-DX1.8A6F7162-CB6C-4419-B125-4E28B4676E57.svs

         32,768   0%   36.41kB/s    6:28:35  
      9,961,472   1%    9.50MB/s    0:01:26  
     12,451,840   1%    3.26MB/s    0:04:10  
    223,903,744  26%   45.97MB/s    0:00:13  
    418,414,592  49%   70.70MB/s    0:00:05  
    610,140,160  71%  101.43MB/s    0:00:02  
    793,280,512  93%  186.30MB/s    0:00:00  
    848,823,453 100%  102.25MB/s    0:00:07 (xfr#378, to-chk=670/11634)
WSI/dataset/TCGA-ESCA/7940ff4a-4f0c-4b48-a17b-ed006eac17ad/logs/.parcel_xi70i9cu

              0 100%    0.00kB/s    0:00:00 (xfr#379, to-chk=668/11634)
WSI/dataset/TCGA-ESCA/7940ff4a-4f0c-4b48-a17b-ed006eac17ad/logs/TCGA-LN-A7HV-01Z-00-DX1.8A6F7162-CB6C-4419-B125-4E28B4676E57.svs.parcel

         32,768  62%  114.29kB/s    0:00:00  
         52,324 100%  181.84kB/s    0:00:00 (xfr#380, to-chk=667/11634)
WSI/dataset/TCGA-ESCA/79878eb5-e1f5-4da6-bef9-3400e21e8408/
WSI/dataset/TCGA-ESCA/79878eb5-e1f5-4da6-bef9-3400e21e8408/TCGA-VR-AA7I-01Z-00-DX1.E6041279-0D79-4CDE-B983-44158247726D.svs

         32,768   0%  111.89kB/s    6:09:18  
      9,830,400   0%    5.79MB/s    0:06:56  
    190,316,544   7%   69.33MB/s    0:00:32  
    377,782,272  15%   99.58MB/s    0:00:20  
    575,438,848  23%  118.86MB/s    0:00:15  
    773,849,088  31%  182.25MB/s    0:00:09  
    988,413,952  39%  190.38MB/s    0:00:07  
  1,188,954,112  47%  191.67MB/s    0:00:06  
  1,398,538,240  56%  194.49MB/s    0:00:05  
  1,598,816,256  64%  194.93MB/s    0:00:04  
  1,809,711,104  72%  194.07MB/s    0:00:03  
  2,020,081,664  81%  198.26MB/s    0:00:02  
  2,236,350,464  90%  199.90MB/s    0:00:01  
  2,423,554,048  97%  196.78MB/s    0:00:00  
  2,479,252,907 100%  169.97MB/s    0:00:13 (xfr#381, to-chk=666/11634)
WSI/dataset/TCGA-ESCA/79878eb5-e1f5-4da6-bef9-3400e21e8408/logs/TCGA-VR-AA7I-01Z-00-DX1.E6041279-0D79-4CDE-B983-44158247726D.svs.parcel

         32,768  21%  120.75kB/s    0:00:00  
        151,211 100%  553.06kB/s    0:00:00 (xfr#382, to-chk=664/11634)
WSI/dataset/TCGA-ESCA/7a5aca00-a825-4c91-8a0b-64dda34e6d3b/
WSI/dataset/TCGA-ESCA/7a5aca00-a825-4c91-8a0b-64dda34e6d3b/TCGA-V5-AASW-01Z-00-DX1.9471B124-3BB5-4C98-9165-00F07164E099.svs

         32,768   0%  117.22kB/s    0:35:09  
     11,141,120   4%    1.52MB/s    0:02:31  
    195,690,496  79%   23.34MB/s    0:00:02  
    247,260,795 100%   28.39MB/s    0:00:08 (xfr#383, to-chk=663/11634)
WSI/dataset/TCGA-ESCA/7a5aca00-a825-4c91-8a0b-64dda34e6d3b/logs/TCGA-V5-AASW-01Z-00-DX1.9471B124-3BB5-4C98-9165-00F07164E099.svs.parcel

         16,036 100%   50.35kB/s    0:00:00  
         16,036 100%   50.35kB/s    0:00:00 (xfr#384, to-chk=661/11634)
WSI/dataset/TCGA-ESCA/7aa4cc77-ca58-41f2-9ae3-19ea5de7c599/
WSI/dataset/TCGA-ESCA/7aa4cc77-ca58-41f2-9ae3-19ea5de7c599/TCGA-L5-A8NQ-11A-01-TS1.F331D855-660B-485C-ADA0-36EC80A8DA19.svs

         32,768   0%  101.91kB/s    0:10:00  
     19,267,584  31%   18.38MB/s    0:00:02  
     61,195,683 100%   46.28MB/s    0:00:01 (xfr#385, to-chk=660/11634)
WSI/dataset/TCGA-ESCA/7aa4cc77-ca58-41f2-9ae3-19ea5de7c599/logs/TCGA-L5-A8NQ-11A-01-TS1.F331D855-660B-485C-ADA0-36EC80A8DA19.svs.parcel

          4,696 100%   17.24kB/s    0:00:00  
          4,696 100%   17.24kB/s    0:00:00 (xfr#386, to-chk=658/11634)
WSI/dataset/TCGA-ESCA/7ace93dc-76ac-46cd-ba13-45c8278d6203/
WSI/dataset/TCGA-ESCA/7ace93dc-76ac-46cd-ba13-45c8278d6203/TCGA-L5-A4OS-11A-01-TS1.2BE7B126-EFAF-4B54-A2B1-B8BBF32C1418.svs

         32,768   0%  117.65kB/s    0:09:51  
     69,563,453 100%   83.45MB/s    0:00:00 (xfr#387, to-chk=657/11634)
WSI/dataset/TCGA-ESCA/7ace93dc-76ac-46cd-ba13-45c8278d6203/logs/TCGA-L5-A4OS-11A-01-TS1.2BE7B126-EFAF-4B54-A2B1-B8BBF32C1418.svs.parcel

          4,696 100%    5.74kB/s    0:00:00  
          4,696 100%    5.74kB/s    0:00:00 (xfr#388, to-chk=655/11634)
WSI/dataset/TCGA-ESCA/7b12d038-ab87-4db4-9ff6-c1d57088c77c/
WSI/dataset/TCGA-ESCA/7b12d038-ab87-4db4-9ff6-c1d57088c77c/TCGA-JY-A938-01Z-00-DX1.FC986FA6-0279-469C-B31D-2BEFB4A6DED4.svs

         32,768   0%   39.70kB/s    8:24:56  
      2,359,296   0%    2.22MB/s    0:08:48  
    216,563,712  18%  102.55MB/s    0:00:09  
    442,892,288  36%  140.18MB/s    0:00:05  
    660,996,096  54%  157.12MB/s    0:00:03  
    858,554,368  71%  204.23MB/s    0:00:01  
  1,092,616,192  90%  208.97MB/s    0:00:00  
  1,202,874,410 100%  175.32MB/s    0:00:06 (xfr#389, to-chk=654/11634)
WSI/dataset/TCGA-ESCA/7b12d038-ab87-4db4-9ff6-c1d57088c77c/logs/TCGA-JY-A938-01Z-00-DX1.FC986FA6-0279-469C-B31D-2BEFB4A6DED4.svs.parcel

         32,768  45%   60.04kB/s    0:00:00  
         72,747 100%  133.04kB/s    0:00:00 (xfr#390, to-chk=652/11634)
WSI/dataset/TCGA-ESCA/7b2ca124-4b02-4163-a38a-886d27602713/
WSI/dataset/TCGA-ESCA/7b2ca124-4b02-4163-a38a-886d27602713/TCGA-V5-AASV-01Z-00-DX1.033F6EB7-BC3B-4AEC-A940-074D91AF984B.svs

         32,768   0%   58.82kB/s    0:37:03  
      6,815,744   5%    1.84MB/s    0:01:05  
    130,801,975 100%   29.59MB/s    0:00:04 (xfr#391, to-chk=651/11634)
WSI/dataset/TCGA-ESCA/7b2ca124-4b02-4163-a38a-886d27602713/logs/TCGA-V5-AASV-01Z-00-DX1.033F6EB7-BC3B-4AEC-A940-074D91AF984B.svs.parcel

          9,232 100%   13.01kB/s    0:00:00  
          9,232 100%   13.01kB/s    0:00:00 (xfr#392, to-chk=649/11634)
WSI/dataset/TCGA-ESCA/7c0d9395-7bed-4cac-8309-39c68a79628c/
WSI/dataset/TCGA-ESCA/7c0d9395-7bed-4cac-8309-39c68a79628c/TCGA-2H-A9GF-01A-01-TS1.AE2090EE-B101-4F35-90F7-9D1B37BED787.svs

         32,768   0%   45.91kB/s    1:35:22  
     15,073,280   5%   14.19MB/s    0:00:17  
    159,514,624  60%   75.57MB/s    0:00:01  
    262,781,427 100%   88.81MB/s    0:00:02 (xfr#393, to-chk=648/11634)
WSI/dataset/TCGA-ESCA/7c0d9395-7bed-4cac-8309-39c68a79628c/logs/TCGA-2H-A9GF-01A-01-TS1.AE2090EE-B101-4F35-90F7-9D1B37BED787.svs.parcel

         16,036 100%   19.33kB/s    0:00:00  
         16,036 100%   19.33kB/s    0:00:00 (xfr#394, to-chk=646/11634)
WSI/dataset/TCGA-ESCA/7cc5f295-cde5-4063-bc6e-95a3a5f65076/
WSI/dataset/TCGA-ESCA/7cc5f295-cde5-4063-bc6e-95a3a5f65076/TCGA-Q9-A6FW-01Z-00-DX1.E68929C9-0B9F-4292-9622-D2BF6A951410.svs

         32,768   0%   39.31kB/s   13:41:35  
      2,490,368   0%    1.79MB/s    0:17:33  
    148,766,720   7%   61.07MB/s    0:00:28  
    317,456,384  16%   91.11MB/s    0:00:17  
    492,830,720  25%  108.75MB/s    0:00:12  
    700,481,536  36%  166.50MB/s    0:00:07  
    916,455,424  47%  183.12MB/s    0:00:05  
  1,129,971,712  58%  193.86MB/s    0:00:04  
  1,344,667,648  69%  203.25MB/s    0:00:02  
  1,523,712,000  78%  196.42MB/s    0:00:02  
  1,694,760,960  87%  185.70MB/s    0:00:01  
  1,863,843,840  96%  175.10MB/s    0:00:00  
  1,937,926,596 100%  158.18MB/s    0:00:11 (xfr#395, to-chk=645/11634)
WSI/dataset/TCGA-ESCA/7cc5f295-cde5-4063-bc6e-95a3a5f65076/logs/TCGA-Q9-A6FW-01Z-00-DX1.E68929C9-0B9F-4292-9622-D2BF6A951410.svs.parcel

         32,768  27%   86.49kB/s    0:00:00  
        118,107 100%  310.89kB/s    0:00:00 (xfr#396, to-chk=643/11634)
WSI/dataset/TCGA-ESCA/7ebdd112-ea65-493d-a264-65b910be8642/
WSI/dataset/TCGA-ESCA/7ebdd112-ea65-493d-a264-65b910be8642/TCGA-R6-A8W8-01Z-00-DX1.8DFF22E6-F331-4B20-80C0-4EAF12884DBB.svs

         32,768   0%   85.11kB/s    0:41:17  
     11,796,480   5%    2.72MB/s    0:01:11  
    165,281,792  78%   30.70MB/s    0:00:01  
    210,859,179 100%   36.74MB/s    0:00:05 (xfr#397, to-chk=642/11634)
WSI/dataset/TCGA-ESCA/7ebdd112-ea65-493d-a264-65b910be8642/logs/TCGA-R6-A8W8-01Z-00-DX1.8DFF22E6-F331-4B20-80C0-4EAF12884DBB.svs.parcel

         13,768 100%   39.43kB/s    0:00:00  
         13,768 100%   39.43kB/s    0:00:00 (xfr#398, to-chk=640/11634)
WSI/dataset/TCGA-ESCA/7f467752-87a2-486b-a923-cc37790a9e03/
WSI/dataset/TCGA-ESCA/7f467752-87a2-486b-a923-cc37790a9e03/TCGA-L5-A8NT-01A-01-TSA.1361A552-DE80-4FD6-9609-E9DB77365DF8.svs

         32,768   0%   92.49kB/s    0:47:39  
     35,782,656  13%   34.12MB/s    0:00:06  
    215,613,440  81%  102.86MB/s    0:00:00  
    264,534,123 100%  112.62MB/s    0:00:02 (xfr#399, to-chk=639/11634)
WSI/dataset/TCGA-ESCA/7f467752-87a2-486b-a923-cc37790a9e03/logs/TCGA-L5-A8NT-01A-01-TSA.1361A552-DE80-4FD6-9609-E9DB77365DF8.svs.parcel

         18,304 100%   72.66kB/s    0:00:00  
         18,304 100%   72.66kB/s    0:00:00 (xfr#400, to-chk=637/11634)
WSI/dataset/TCGA-ESCA/7f4f4bbd-c1b9-4552-b1a4-3aa4cf930cf9/
WSI/dataset/TCGA-ESCA/7f4f4bbd-c1b9-4552-b1a4-3aa4cf930cf9/TCGA-VR-AA4D-01A-01-TS1.F684C8CF-D1A7-4BAF-B32A-98BABEBD9472.svs

         32,768   0%  127.49kB/s    0:21:34  
      5,505,024   3%    4.58MB/s    0:00:34  
    148,897,792  90%   66.17MB/s    0:00:00  
    165,095,371 100%   70.38MB/s    0:00:02 (xfr#401, to-chk=636/11634)
WSI/dataset/TCGA-ESCA/7f4f4bbd-c1b9-4552-b1a4-3aa4cf930cf9/logs/TCGA-VR-AA4D-01A-01-TS1.F684C8CF-D1A7-4BAF-B32A-98BABEBD9472.svs.parcel

         11,500 100%  119.47kB/s    0:00:00  
         11,500 100%  119.47kB/s    0:00:00 (xfr#402, to-chk=634/11634)
WSI/dataset/TCGA-ESCA/7f64f363-8ca3-4d33-8a4c-4eaa36dc9db7/
WSI/dataset/TCGA-ESCA/7f64f363-8ca3-4d33-8a4c-4eaa36dc9db7/TCGA-2H-A9GQ-01A-01-TSA.67694F45-01BC-4726-8EEE-798E1E9DE70A.svs

         32,768   0%  316.83kB/s    0:14:48  
     68,812,800  24%   65.62MB/s    0:00:03  
    214,171,648  76%  102.12MB/s    0:00:00  
    281,415,515 100%  113.00MB/s    0:00:02 (xfr#403, to-chk=633/11634)
WSI/dataset/TCGA-ESCA/7f64f363-8ca3-4d33-8a4c-4eaa36dc9db7/logs/TCGA-2H-A9GQ-01A-01-TSA.67694F45-01BC-4726-8EEE-798E1E9DE70A.svs.parcel

         18,304 100%   47.29kB/s    0:00:00  
         18,304 100%   47.29kB/s    0:00:00 (xfr#404, to-chk=631/11634)
WSI/dataset/TCGA-ESCA/7f9c25d4-a435-4c97-bb7f-52c923bfb041/
WSI/dataset/TCGA-ESCA/7f9c25d4-a435-4c97-bb7f-52c923bfb041/TCGA-JY-A6F8-01A-01-TS1.DFFE9416-1B00-4D15-9322-D2B614CDC9B3.svs

         32,768   0%   83.12kB/s    0:52:52  
      9,175,040   3%    7.42MB/s    0:00:33  
    139,722,752  52%   61.12MB/s    0:00:01  
    263,685,151 100%   81.46MB/s    0:00:03 (xfr#405, to-chk=630/11634)
WSI/dataset/TCGA-ESCA/7f9c25d4-a435-4c97-bb7f-52c923bfb041/logs/TCGA-JY-A6F8-01A-01-TS1.DFFE9416-1B00-4D15-9322-D2B614CDC9B3.svs.parcel

         16,036 100%   17.21kB/s    0:00:00  
         16,036 100%   17.21kB/s    0:00:00 (xfr#406, to-chk=628/11634)
WSI/dataset/TCGA-ESCA/7fd46767-8010-4d00-886a-2cb1ae8bdfe4/
WSI/dataset/TCGA-ESCA/7fd46767-8010-4d00-886a-2cb1ae8bdfe4/TCGA-LN-A4MQ-01A-01-TSA.DCC389F0-2CE4-49B8-8F90-8C8009A18C3B.svs

         32,768   0%   35.05kB/s    3:42:29  
      7,110,656   1%    6.77MB/s    0:01:06  
     70,909,952  15%   33.78MB/s    0:00:11  
    193,069,056  41%   61.33MB/s    0:00:04  
    299,368,448  63%   71.36MB/s    0:00:02  
    393,216,000  84%   92.08MB/s    0:00:00  
    467,938,691 100%   81.78MB/s    0:00:05 (xfr#407, to-chk=627/11634)
WSI/dataset/TCGA-ESCA/7fd46767-8010-4d00-886a-2cb1ae8bdfe4/logs/TCGA-LN-A4MQ-01A-01-TSA.DCC389F0-2CE4-49B8-8F90-8C8009A18C3B.svs.parcel

         29,644 100%   63.07kB/s    0:00:00  
         29,644 100%   63.07kB/s    0:00:00 (xfr#408, to-chk=625/11634)
WSI/dataset/TCGA-ESCA/80f89d92-231c-4a64-9ed2-909c55365f46/
WSI/dataset/TCGA-ESCA/80f89d92-231c-4a64-9ed2-909c55365f46/TCGA-L5-A8NN-01A-01-TS1.86FEE55E-42DC-4CF5-A317-62A6CE9394F2.svs

         32,768   0%   68.82kB/s    1:08:40  
      5,767,168   2%    4.49MB/s    0:01:00  
    164,659,200  58%   70.64MB/s    0:00:01  
    283,562,457 100%   94.32MB/s    0:00:02 (xfr#409, to-chk=624/11634)
WSI/dataset/TCGA-ESCA/80f89d92-231c-4a64-9ed2-909c55365f46/logs/
WSI/dataset/TCGA-ESCA/80f89d92-231c-4a64-9ed2-909c55365f46/logs/TCGA-L5-A8NN-01A-01-TS1.86FEE55E-42DC-4CF5-A317-62A6CE9394F2.svs.parcel

         18,304 100%   27.58kB/s    0:00:00  
         18,304 100%   27.58kB/s    0:00:00 (xfr#410, to-chk=622/11634)
WSI/dataset/TCGA-ESCA/818657ca-9dde-4e6b-9974-cd3f242f1ce6/
WSI/dataset/TCGA-ESCA/818657ca-9dde-4e6b-9974-cd3f242f1ce6/TCGA-R6-A6Y0-01Z-00-DX1.E5DC2FD6-F518-4AEB-BF97-BF018F0F6B28.svs

         32,768   0%   49.00kB/s    1:44:47  
      9,830,400   3%    8.44MB/s    0:00:34  
    172,228,608  55%   77.81MB/s    0:00:01  
    299,892,736  97%   91.96MB/s    0:00:00  
    308,162,773 100%   92.53MB/s    0:00:03 (xfr#411, to-chk=621/11634)
WSI/dataset/TCGA-ESCA/818657ca-9dde-4e6b-9974-cd3f242f1ce6/logs/
WSI/dataset/TCGA-ESCA/818657ca-9dde-4e6b-9974-cd3f242f1ce6/logs/TCGA-R6-A6Y0-01Z-00-DX1.E5DC2FD6-F518-4AEB-BF97-BF018F0F6B28.svs.parcel

         20,572 100%  299.85kB/s    0:00:00  
         20,572 100%  299.85kB/s    0:00:00 (xfr#412, to-chk=619/11634)
WSI/dataset/TCGA-ESCA/81a66ffd-e73e-4c48-9684-1dda0aac29c8/
WSI/dataset/TCGA-ESCA/81a66ffd-e73e-4c48-9684-1dda0aac29c8/TCGA-VR-A8ET-01A-01-TS1.C09E906F-4D26-482C-9D8B-494FBC3B894D.svs

         32,768   0%  450.70kB/s    0:06:39  
     58,490,880  32%   55.78MB/s    0:00:02  
    180,169,983 100%   95.62MB/s    0:00:01 (xfr#413, to-chk=618/11634)
WSI/dataset/TCGA-ESCA/81a66ffd-e73e-4c48-9684-1dda0aac29c8/logs/
WSI/dataset/TCGA-ESCA/81a66ffd-e73e-4c48-9684-1dda0aac29c8/logs/TCGA-VR-A8ET-01A-01-TS1.C09E906F-4D26-482C-9D8B-494FBC3B894D.svs.parcel

         11,500 100%   14.07kB/s    0:00:00  
         11,500 100%   14.07kB/s    0:00:00 (xfr#414, to-chk=616/11634)
WSI/dataset/TCGA-ESCA/81eb227a-7721-4f71-9e61-1baab72d6052/
WSI/dataset/TCGA-ESCA/81eb227a-7721-4f71-9e61-1baab72d6052/TCGA-IG-A5S3-01A-01-TSA.0F1D563E-E7BA-4960-ABE7-AE05B9B3E538.svs

         32,768   0%   39.85kB/s    1:26:10  
      6,553,600   3%    5.36MB/s    0:00:36  
    175,374,336  85%   77.29MB/s    0:00:00  
    206,089,751 100%   85.12MB/s    0:00:02 (xfr#415, to-chk=615/11634)
WSI/dataset/TCGA-ESCA/81eb227a-7721-4f71-9e61-1baab72d6052/logs/
WSI/dataset/TCGA-ESCA/81eb227a-7721-4f71-9e61-1baab72d6052/logs/TCGA-IG-A5S3-01A-01-TSA.0F1D563E-E7BA-4960-ABE7-AE05B9B3E538.svs.parcel

         13,768 100%   90.85kB/s    0:00:00  
         13,768 100%   90.85kB/s    0:00:00 (xfr#416, to-chk=613/11634)
WSI/dataset/TCGA-ESCA/820d9f0f-b48e-41a1-b247-80a8c049c5f6/
WSI/dataset/TCGA-ESCA/820d9f0f-b48e-41a1-b247-80a8c049c5f6/TCGA-V5-AASX-01A-01-TS1.0E65F14D-AF31-47A3-9CD1-DEEF104B666A.svs

         32,768   0%  209.15kB/s    0:07:57  
     61,865,984  61%   59.00MB/s    0:00:00  
     99,926,497 100%   78.18MB/s    0:00:01 (xfr#417, to-chk=612/11634)
WSI/dataset/TCGA-ESCA/820d9f0f-b48e-41a1-b247-80a8c049c5f6/logs/
WSI/dataset/TCGA-ESCA/820d9f0f-b48e-41a1-b247-80a8c049c5f6/logs/TCGA-V5-AASX-01A-01-TS1.0E65F14D-AF31-47A3-9CD1-DEEF104B666A.svs.parcel

          6,964 100%   30.63kB/s    0:00:00  
          6,964 100%   30.63kB/s    0:00:00 (xfr#418, to-chk=610/11634)
WSI/dataset/TCGA-ESCA/82de858c-81bb-4a24-a5af-3a283b6ea7c3/
WSI/dataset/TCGA-ESCA/82de858c-81bb-4a24-a5af-3a283b6ea7c3/TCGA-L5-A4OF-11A-01-TS1.EA960D67-272A-4E92-AAAF-B36AEA71B8CE.svs

         32,768   0%  140.97kB/s    0:14:40  
     78,938,112  63%   75.28MB/s    0:00:00  
    124,182,165 100%   94.74MB/s    0:00:01 (xfr#419, to-chk=609/11634)
WSI/dataset/TCGA-ESCA/82de858c-81bb-4a24-a5af-3a283b6ea7c3/logs/
WSI/dataset/TCGA-ESCA/82de858c-81bb-4a24-a5af-3a283b6ea7c3/logs/TCGA-L5-A4OF-11A-01-TS1.EA960D67-272A-4E92-AAAF-B36AEA71B8CE.svs.parcel

          9,232 100%   35.36kB/s    0:00:00  
          9,232 100%   35.36kB/s    0:00:00 (xfr#420, to-chk=607/11634)
WSI/dataset/TCGA-ESCA/83d8e0de-970d-469d-bbb2-67a72c70f22e/
WSI/dataset/TCGA-ESCA/83d8e0de-970d-469d-bbb2-67a72c70f22e/TCGA-L7-A56G-01Z-00-DX1.D41A6C7A-9D2F-4E4B-984B-26C21066998D.svs

         32,768   0%  118.96kB/s    1:57:31  
    102,367,232  12%   97.62MB/s    0:00:07  
    271,056,896  32%  129.31MB/s    0:00:04  
    486,146,048  57%  154.64MB/s    0:00:02  
    621,051,904  74%  148.14MB/s    0:00:01  
    754,745,344  89%  155.62MB/s    0:00:00  
    838,887,519 100%  145.01MB/s    0:00:05 (xfr#421, to-chk=606/11634)
WSI/dataset/TCGA-ESCA/83d8e0de-970d-469d-bbb2-67a72c70f22e/logs/
WSI/dataset/TCGA-ESCA/83d8e0de-970d-469d-bbb2-67a72c70f22e/logs/TCGA-L7-A56G-01Z-00-DX1.D41A6C7A-9D2F-4E4B-984B-26C21066998D.svs.parcel

         32,768  62%   60.95kB/s    0:00:00  
         52,324 100%   97.14kB/s    0:00:00 (xfr#422, to-chk=604/11634)
WSI/dataset/TCGA-ESCA/844bfed2-9297-44f8-b5bb-413ca0c33a5f/
WSI/dataset/TCGA-ESCA/844bfed2-9297-44f8-b5bb-413ca0c33a5f/TCGA-IG-A51D-01A-01-TSA.0D6F363E-BA20-419B-8DA3-96E079CF435E.svs

         32,768   0%   60.15kB/s    1:07:21  
      7,602,176   3%    3.65MB/s    0:01:03  
    176,160,768  72%   56.26MB/s    0:00:01  
    243,155,303 100%   68.16MB/s    0:00:03 (xfr#423, to-chk=603/11634)
WSI/dataset/TCGA-ESCA/844bfed2-9297-44f8-b5bb-413ca0c33a5f/logs/
WSI/dataset/TCGA-ESCA/844bfed2-9297-44f8-b5bb-413ca0c33a5f/logs/TCGA-IG-A51D-01A-01-TSA.0D6F363E-BA20-419B-8DA3-96E079CF435E.svs.parcel

         16,036 100%   36.76kB/s    0:00:00  
         16,036 100%   36.76kB/s    0:00:00 (xfr#424, to-chk=601/11634)
WSI/dataset/TCGA-ESCA/84dd2d66-9562-4300-b684-d4c448e5b4d0/
WSI/dataset/TCGA-ESCA/84dd2d66-9562-4300-b684-d4c448e5b4d0/TCGA-LN-A5U5-01Z-00-DX1.750F8DA5-7A2C-44EB-8569-5EBEB27D0D67.svs

         32,768   0%   73.56kB/s    3:41:14  
     32,505,856   3%   31.00MB/s    0:00:29  
    200,048,640  20%   95.39MB/s    0:00:07  
    380,764,160  38%  121.04MB/s    0:00:04  
    580,255,744  59%  138.34MB/s    0:00:02  
    794,951,680  81%  181.78MB/s    0:00:00  
    976,529,932 100%  157.39MB/s    0:00:05 (xfr#425, to-chk=600/11634)
WSI/dataset/TCGA-ESCA/84dd2d66-9562-4300-b684-d4c448e5b4d0/logs/
WSI/dataset/TCGA-ESCA/84dd2d66-9562-4300-b684-d4c448e5b4d0/logs/TCGA-LN-A5U5-01Z-00-DX1.750F8DA5-7A2C-44EB-8569-5EBEB27D0D67.svs.parcel

         32,768  55%   34.82kB/s    0:00:00  
         59,128 100%   62.76kB/s    0:00:00 (xfr#426, to-chk=598/11634)
WSI/dataset/TCGA-ESCA/850d8150-2a6a-4255-aa01-f5e112f6d828/
WSI/dataset/TCGA-ESCA/850d8150-2a6a-4255-aa01-f5e112f6d828/TCGA-2H-A9GM-01Z-00-DX1.DC69739A-98B1-4ACA-94A4-A1B683124D1D.svs

         32,768   0%   34.56kB/s   10:44:55  
      3,440,640   0%    3.26MB/s    0:06:40  
     10,616,832   0%    3.61MB/s    0:05:58  
    162,037,760  12%   40.63MB/s    0:00:28  
    317,489,152  23%   63.00MB/s    0:00:15  
    494,272,512  36%   97.60MB/s    0:00:08  
    660,078,592  49%  154.84MB/s    0:00:04  
    850,001,920  63%  164.02MB/s    0:00:02  
    993,656,832  74%  161.29MB/s    0:00:02  
  1,127,481,344  84%  151.01MB/s    0:00:01  
  1,304,985,600  97%  153.83MB/s    0:00:00  
  1,337,246,889 100%  115.81MB/s    0:00:11 (xfr#427, to-chk=597/11634)
WSI/dataset/TCGA-ESCA/850d8150-2a6a-4255-aa01-f5e112f6d828/logs/
WSI/dataset/TCGA-ESCA/850d8150-2a6a-4255-aa01-f5e112f6d828/logs/TCGA-2H-A9GM-01Z-00-DX1.DC69739A-98B1-4ACA-94A4-A1B683124D1D.svs.parcel

         32,768  40%  150.23kB/s    0:00:00  
         81,882 100%  373.66kB/s    0:00:00 (xfr#428, to-chk=595/11634)
WSI/dataset/TCGA-ESCA/86564aba-66e4-4b9e-9bb2-d21536718769/
WSI/dataset/TCGA-ESCA/86564aba-66e4-4b9e-9bb2-d21536718769/TCGA-L5-A43E-11A-01-TSA.B9F2738C-EB0D-4DF4-8714-9FAA7A4052FB.svs

         32,768   0%  146.12kB/s    0:04:52  
      3,407,872   7%    1.06MB/s    0:00:36  
     42,787,167 100%   12.36MB/s    0:00:03 (xfr#429, to-chk=594/11634)
WSI/dataset/TCGA-ESCA/86564aba-66e4-4b9e-9bb2-d21536718769/logs/
WSI/dataset/TCGA-ESCA/86564aba-66e4-4b9e-9bb2-d21536718769/logs/TCGA-L5-A43E-11A-01-TSA.B9F2738C-EB0D-4DF4-8714-9FAA7A4052FB.svs.parcel

          4,696 100%   18.79kB/s    0:00:00  
          4,696 100%   18.79kB/s    0:00:00 (xfr#430, to-chk=592/11634)
WSI/dataset/TCGA-ESCA/86b590e9-64bd-44de-bad2-fe2ce8512782/
WSI/dataset/TCGA-ESCA/86b590e9-64bd-44de-bad2-fe2ce8512782/TCGA-S8-A6BW-01Z-00-DX1.3DD9D2C3-73C9-4B9C-9491-5A438A9DE2C0.svs

         32,768   0%  128.00kB/s    1:51:33  
    131,203,072  15%  125.12MB/s    0:00:05  
    309,362,688  36%  147.59MB/s    0:00:03  
    475,267,072  55%  151.18MB/s    0:00:02  
    640,942,080  74%  152.89MB/s    0:00:01  
    805,306,368  93%  160.84MB/s    0:00:00  
    856,826,917 100%  153.16MB/s    0:00:05 (xfr#431, to-chk=591/11634)
WSI/dataset/TCGA-ESCA/86b590e9-64bd-44de-bad2-fe2ce8512782/logs/
WSI/dataset/TCGA-ESCA/86b590e9-64bd-44de-bad2-fe2ce8512782/logs/TCGA-S8-A6BW-01Z-00-DX1.3DD9D2C3-73C9-4B9C-9491-5A438A9DE2C0.svs.parcel

         32,768  62%   92.75kB/s    0:00:00  
         52,324 100%  147.68kB/s    0:00:00 (xfr#432, to-chk=589/11634)
WSI/dataset/TCGA-ESCA/874ce390-4125-450c-9c6a-4729969dd08e/
WSI/dataset/TCGA-ESCA/874ce390-4125-450c-9c6a-4729969dd08e/TCGA-L5-A43I-01A-01-TSA.D906EC44-317A-47C7-9493-440628FE0C7B.svs

         32,768   0%   90.14kB/s    0:40:25  
      4,325,376   1%  932.66kB/s    0:03:49  
    155,975,680  71%   26.91MB/s    0:00:02  
    218,709,053 100%   35.11MB/s    0:00:05 (xfr#433, to-chk=588/11634)
WSI/dataset/TCGA-ESCA/874ce390-4125-450c-9c6a-4729969dd08e/logs/
WSI/dataset/TCGA-ESCA/874ce390-4125-450c-9c6a-4729969dd08e/logs/TCGA-L5-A43I-01A-01-TSA.D906EC44-317A-47C7-9493-440628FE0C7B.svs.parcel

         13,768 100%   32.48kB/s    0:00:00  
         13,768 100%   32.48kB/s    0:00:00 (xfr#434, to-chk=586/11634)
WSI/dataset/TCGA-ESCA/878e3890-3dda-451e-afc8-3623363cb3e1/
WSI/dataset/TCGA-ESCA/878e3890-3dda-451e-afc8-3623363cb3e1/TCGA-VR-AA7I-01A-01-TS1.F8F42093-BED7-4718-A1B7-47E7114480B5.svs

         32,768   0%   76.74kB/s    1:05:41  
      5,373,952   1%    4.84MB/s    0:00:59  
    159,154,176  52%   73.72MB/s    0:00:01  
    302,505,177 100%   99.17MB/s    0:00:02 (xfr#435, to-chk=585/11634)
WSI/dataset/TCGA-ESCA/878e3890-3dda-451e-afc8-3623363cb3e1/logs/
WSI/dataset/TCGA-ESCA/878e3890-3dda-451e-afc8-3623363cb3e1/logs/TCGA-VR-AA7I-01A-01-TS1.F8F42093-BED7-4718-A1B7-47E7114480B5.svs.parcel

         20,572 100%   23.58kB/s    0:00:00  
         20,572 100%   23.58kB/s    0:00:00 (xfr#436, to-chk=583/11634)
WSI/dataset/TCGA-ESCA/888361e8-bdd1-47d9-8d3f-049f20e9e3a7/
WSI/dataset/TCGA-ESCA/888361e8-bdd1-47d9-8d3f-049f20e9e3a7/TCGA-LN-A8HZ-01A-01-TSA.45830912-D09F-4173-83CD-CDD51C87DB2E.svs

         32,768   0%   37.43kB/s    2:29:41  
     12,353,536   3%   11.78MB/s    0:00:26  
     31,227,904   9%   14.90MB/s    0:00:19  
    180,355,072  53%   57.35MB/s    0:00:02  
    336,198,439 100%   80.80MB/s    0:00:03 (xfr#437, to-chk=582/11634)
WSI/dataset/TCGA-ESCA/888361e8-bdd1-47d9-8d3f-049f20e9e3a7/logs/
WSI/dataset/TCGA-ESCA/888361e8-bdd1-47d9-8d3f-049f20e9e3a7/logs/TCGA-LN-A8HZ-01A-01-TSA.45830912-D09F-4173-83CD-CDD51C87DB2E.svs.parcel

         20,572 100%   20.65kB/s    0:00:00  
         20,572 100%   20.65kB/s    0:00:00 (xfr#438, to-chk=580/11634)
WSI/dataset/TCGA-ESCA/890c060d-52cf-40ea-9ebc-b88f5b036ce6/
WSI/dataset/TCGA-ESCA/890c060d-52cf-40ea-9ebc-b88f5b036ce6/TCGA-L5-A4OX-11A-01-TS1.ECA901A5-FB95-411C-9BCF-73C4E58B2D3A.svs

         32,768   0%   32.75kB/s    0:38:06  
        819,200   1%  796.81kB/s    0:01:33  
      3,145,728   4%    1.49MB/s    0:00:46  
     74,932,675 100%   28.22MB/s    0:00:02 (xfr#439, to-chk=579/11634)
WSI/dataset/TCGA-ESCA/890c060d-52cf-40ea-9ebc-b88f5b036ce6/logs/
WSI/dataset/TCGA-ESCA/890c060d-52cf-40ea-9ebc-b88f5b036ce6/logs/TCGA-L5-A4OX-11A-01-TS1.ECA901A5-FB95-411C-9BCF-73C4E58B2D3A.svs.parcel

          4,696 100%    8.70kB/s    0:00:00  
          4,696 100%    8.70kB/s    0:00:00 (xfr#440, to-chk=577/11634)
WSI/dataset/TCGA-ESCA/8a3366c5-a1e1-4fda-a6af-5cbaad7da34a/
WSI/dataset/TCGA-ESCA/8a3366c5-a1e1-4fda-a6af-5cbaad7da34a/TCGA-IG-A7DP-01A-03-TSC.8E2BC25F-E34A-4E7B-B390-1F1B75D48501.svs

         32,768   0%   60.04kB/s    1:27:56  
     52,723,712  16%   50.28MB/s    0:00:05  
    200,933,376  63%   95.86MB/s    0:00:01  
    316,815,829 100%  116.12MB/s    0:00:02 (xfr#441, to-chk=576/11634)
WSI/dataset/TCGA-ESCA/8a3366c5-a1e1-4fda-a6af-5cbaad7da34a/logs/
WSI/dataset/TCGA-ESCA/8a3366c5-a1e1-4fda-a6af-5cbaad7da34a/logs/TCGA-IG-A7DP-01A-03-TSC.8E2BC25F-E34A-4E7B-B390-1F1B75D48501.svs.parcel

         20,572 100%   33.21kB/s    0:00:00  
         20,572 100%   33.21kB/s    0:00:00 (xfr#442, to-chk=574/11634)
WSI/dataset/TCGA-ESCA/8b0bbcb3-50b1-4cb4-a46f-c8bdf3f398e1/
WSI/dataset/TCGA-ESCA/8b0bbcb3-50b1-4cb4-a46f-c8bdf3f398e1/TCGA-LN-A5U6-01Z-00-DX1.BAB38CCA-4C38-4143-8F53-54FD5186DDF3.svs

         32,768   0%   52.46kB/s    6:05:17  
     22,151,168   1%   21.12MB/s    0:00:52  
    101,744,640   8%   48.54MB/s    0:00:21  
    289,144,832  25%   91.98MB/s    0:00:09  
    486,539,264  42%  116.06MB/s    0:00:05  
    682,557,440  59%  157.57MB/s    0:00:02  
    873,332,736  75%  184.10MB/s    0:00:01  
  1,016,463,360  88%  172.16MB/s    0:00:00  
  1,149,809,976 100%  143.32MB/s    0:00:07 (xfr#443, to-chk=573/11634)
WSI/dataset/TCGA-ESCA/8b0bbcb3-50b1-4cb4-a46f-c8bdf3f398e1/logs/
WSI/dataset/TCGA-ESCA/8b0bbcb3-50b1-4cb4-a46f-c8bdf3f398e1/logs/TCGA-LN-A5U6-01Z-00-DX1.BAB38CCA-4C38-4143-8F53-54FD5186DDF3.svs.parcel

         32,768  46%   51.04kB/s    0:00:00  
         70,416 100%  109.50kB/s    0:00:00 (xfr#444, to-chk=571/11634)
WSI/dataset/TCGA-ESCA/8b5ae18f-95c9-474a-8f5c-67e8f46ffca9/
WSI/dataset/TCGA-ESCA/8b5ae18f-95c9-474a-8f5c-67e8f46ffca9/TCGA-2H-A9GF-01Z-00-DX1.FA1016AF-3FE3-45DC-A77B-F1ACC2B33B2A.svs

         32,768   0%   50.55kB/s   12:47:17  
     15,990,784   0%    4.86MB/s    0:07:44  
    157,548,544   6%   36.28MB/s    0:00:58  
    308,281,344  13%   57.20MB/s    0:00:34  
    461,111,296  19%   71.62MB/s    0:00:25  
    633,896,960  27%  147.39MB/s    0:00:11  
    807,403,520  34%  155.02MB/s    0:00:09  
    957,906,944  41%  154.96MB/s    0:00:08  
  1,101,004,800  47%  152.64MB/s    0:00:07  
  1,267,073,024  54%  151.00MB/s    0:00:06  
  1,411,907,584  60%  144.12MB/s    0:00:06  
  1,545,338,880  66%  140.05MB/s    0:00:05  
  1,677,066,240  72%  137.31MB/s    0:00:04  
  1,793,196,032  77%  125.44MB/s    0:00:04  
  1,903,427,584  81%  117.19MB/s    0:00:03  
  2,071,756,800  89%  125.51MB/s    0:00:01  
  2,240,282,624  96%  134.35MB/s    0:00:00  
  2,327,386,451 100%  119.43MB/s    0:00:18 (xfr#445, to-chk=570/11634)
WSI/dataset/TCGA-ESCA/8b5ae18f-95c9-474a-8f5c-67e8f46ffca9/logs/
WSI/dataset/TCGA-ESCA/8b5ae18f-95c9-474a-8f5c-67e8f46ffca9/logs/TCGA-2H-A9GF-01Z-00-DX1.FA1016AF-3FE3-45DC-A77B-F1ACC2B33B2A.svs.parcel

         32,768  23%   71.11kB/s    0:00:01  
        141,492 100%  305.02kB/s    0:00:00 (xfr#446, to-chk=568/11634)
WSI/dataset/TCGA-ESCA/8cb2f26b-0a8f-4be2-bcc5-4e6bca0b916f/
WSI/dataset/TCGA-ESCA/8cb2f26b-0a8f-4be2-bcc5-4e6bca0b916f/TCGA-IG-A3I8-01A-01-TSA.12AB3F48-B026-46F3-9FA9-23B41C13463A.svs

         32,768   0%   69.72kB/s    0:58:01  
      6,422,528   2%    1.11MB/s    0:03:27  
    125,829,120  51%   18.41MB/s    0:00:06  
    242,779,743 100%   31.73MB/s    0:00:07 (xfr#447, to-chk=567/11634)
WSI/dataset/TCGA-ESCA/8cb2f26b-0a8f-4be2-bcc5-4e6bca0b916f/logs/
WSI/dataset/TCGA-ESCA/8cb2f26b-0a8f-4be2-bcc5-4e6bca0b916f/logs/TCGA-IG-A3I8-01A-01-TSA.12AB3F48-B026-46F3-9FA9-23B41C13463A.svs.parcel

         16,036 100%   20.00kB/s    0:00:00  
         16,036 100%   20.00kB/s    0:00:00 (xfr#448, to-chk=565/11634)
WSI/dataset/TCGA-ESCA/8d070a25-7cb4-493a-b90c-d223cc4251fe/
WSI/dataset/TCGA-ESCA/8d070a25-7cb4-493a-b90c-d223cc4251fe/TCGA-Z6-A9VB-01A-02-TSB.6594BC33-D408-4B83-838D-CFC50805146F.svs

         32,768   0%   40.51kB/s    2:02:14  
     15,466,496   5%   10.02MB/s    0:00:27  
    143,917,056  48%   55.54MB/s    0:00:02  
    287,047,680  96%   78.89MB/s    0:00:00  
    297,144,965 100%   80.25MB/s    0:00:03 (xfr#449, to-chk=564/11634)
WSI/dataset/TCGA-ESCA/8d070a25-7cb4-493a-b90c-d223cc4251fe/logs/
WSI/dataset/TCGA-ESCA/8d070a25-7cb4-493a-b90c-d223cc4251fe/logs/TCGA-Z6-A9VB-01A-02-TSB.6594BC33-D408-4B83-838D-CFC50805146F.svs.parcel

         18,304 100%  279.30kB/s    0:00:00  
         18,304 100%  279.30kB/s    0:00:00 (xfr#450, to-chk=562/11634)
WSI/dataset/TCGA-ESCA/8e233d9b-c377-44dd-83c5-640e58eb8a8e/
WSI/dataset/TCGA-ESCA/8e233d9b-c377-44dd-83c5-640e58eb8a8e/TCGA-VR-A8EU-01Z-00-DX1.EB679D42-1505-4220-83BD-0D5B51F42EE6.svs

         32,768   0%  463.77kB/s    0:42:51  
     13,369,344   1%   11.73MB/s    0:01:38  
    147,881,984  12%   67.61MB/s    0:00:15  
    239,206,400  20%   73.95MB/s    0:00:12  
    308,150,272  25%   71.90MB/s    0:00:12  
    406,093,824  34%   93.63MB/s    0:00:08  
    519,962,624  43%   88.71MB/s    0:00:07  
    671,088,640  56%  102.97MB/s    0:00:04  
    798,097,408  66%  116.87MB/s    0:00:03  
    937,820,160  78%  126.84MB/s    0:00:01  
  1,069,285,376  89%  131.03MB/s    0:00:00  
  1,192,434,357 100%  104.60MB/s    0:00:10 (xfr#451, to-chk=561/11634)
WSI/dataset/TCGA-ESCA/8e233d9b-c377-44dd-83c5-640e58eb8a8e/logs/
WSI/dataset/TCGA-ESCA/8e233d9b-c377-44dd-83c5-640e58eb8a8e/logs/TCGA-VR-A8EU-01Z-00-DX1.EB679D42-1505-4220-83BD-0D5B51F42EE6.svs.parcel

         32,768  45%   40.40kB/s    0:00:00  
         72,747 100%   89.59kB/s    0:00:00 (xfr#452, to-chk=559/11634)
WSI/dataset/TCGA-ESCA/8e75fc69-d194-45ea-acce-f2440cfdf243/
WSI/dataset/TCGA-ESCA/8e75fc69-d194-45ea-acce-f2440cfdf243/TCGA-L5-A43J-01Z-00-DX1.9416C31D-C72C-4665-9345-7AE1395F4B86.svs

         32,768   0%   40.10kB/s    9:20:16  
      6,684,672   0%    1.83MB/s    0:11:56  
    192,282,624  14%   40.90MB/s    0:00:27  
    378,273,792  28%   65.78MB/s    0:00:14  
    553,779,200  41%   81.46MB/s    0:00:09  
    697,860,096  51%  164.87MB/s    0:00:03  
    856,555,520  63%  158.49MB/s    0:00:03  
  1,044,938,752  77%  159.06MB/s    0:00:01  
  1,211,236,352  89%  156.87MB/s    0:00:00  
  1,348,048,657 100%  114.33MB/s    0:00:11 (xfr#453, to-chk=558/11634)
WSI/dataset/TCGA-ESCA/8e75fc69-d194-45ea-acce-f2440cfdf243/logs/
WSI/dataset/TCGA-ESCA/8e75fc69-d194-45ea-acce-f2440cfdf243/logs/TCGA-L5-A43J-01Z-00-DX1.9416C31D-C72C-4665-9345-7AE1395F4B86.svs.parcel

         32,768  40%   41.50kB/s    0:00:01  
         81,819 100%  103.50kB/s    0:00:00 (xfr#454, to-chk=556/11634)
WSI/dataset/TCGA-ESCA/8ed7d323-b23e-47fc-a532-332fe3c96c4b/
WSI/dataset/TCGA-ESCA/8ed7d323-b23e-47fc-a532-332fe3c96c4b/TCGA-LN-A9FR-01A-01-TSA.BA05FF50-4CF2-4843-8C1F-E2E6B4C26AB1.svs

         32,768   0%   41.13kB/s    1:17:42  
      6,160,384   3%    1.49MB/s    0:02:01  
    123,469,824  64%   23.79MB/s    0:00:02  
    191,814,831 100%   33.79MB/s    0:00:05 (xfr#455, to-chk=555/11634)
WSI/dataset/TCGA-ESCA/8ed7d323-b23e-47fc-a532-332fe3c96c4b/logs/
WSI/dataset/TCGA-ESCA/8ed7d323-b23e-47fc-a532-332fe3c96c4b/logs/TCGA-LN-A9FR-01A-01-TSA.BA05FF50-4CF2-4843-8C1F-E2E6B4C26AB1.svs.parcel

         13,768 100%   28.73kB/s    0:00:00  
         13,768 100%   28.73kB/s    0:00:00 (xfr#456, to-chk=553/11634)
WSI/dataset/TCGA-ESCA/8ef3d72b-d29a-4971-b09d-639c0f577c46/
WSI/dataset/TCGA-ESCA/8ef3d72b-d29a-4971-b09d-639c0f577c46/TCGA-JY-A6FG-01A-01-TS1.EF00C4C1-466D-4BE2-8C81-67BE31C71111.svs

         32,768   0%   67.51kB/s    3:20:44  
     20,971,520   2%   20.00MB/s    0:00:38  
    200,933,376  24%   95.86MB/s    0:00:06  
    363,724,800  44%  115.70MB/s    0:00:03  
    498,204,672  61%  118.84MB/s    0:00:02  
    657,227,776  80%  151.47MB/s    0:00:01  
    810,680,320  99%  145.12MB/s    0:00:00  
    813,153,017 100%  128.92MB/s    0:00:06 (xfr#457, to-chk=552/11634)
WSI/dataset/TCGA-ESCA/8ef3d72b-d29a-4971-b09d-639c0f577c46/logs/
WSI/dataset/TCGA-ESCA/8ef3d72b-d29a-4971-b09d-639c0f577c46/logs/TCGA-JY-A6FG-01A-01-TS1.EF00C4C1-466D-4BE2-8C81-67BE31C71111.svs.parcel

         32,768  65%    2.23MB/s    0:00:00  
         50,056 100%    3.18MB/s    0:00:00 (xfr#458, to-chk=550/11634)
WSI/dataset/TCGA-ESCA/8f190691-95fe-4394-8a01-56d0ea587ee8/
WSI/dataset/TCGA-ESCA/8f190691-95fe-4394-8a01-56d0ea587ee8/TCGA-RE-A7BO-01Z-00-DX1.E6F76917-D416-420D-A3A7-A89576B22D01.svs

         32,768   0%    1.56MB/s    0:20:34  
      2,359,296   0%    1.07MB/s    0:29:58  
    116,129,792   5%   35.74MB/s    0:00:50  
    232,816,640  11%   54.15MB/s    0:00:31  
    349,732,864  17%   65.40MB/s    0:00:24  
    528,220,160  26%  125.38MB/s    0:00:11  
    719,323,136  36%  141.76MB/s    0:00:08  
    887,619,584  44%  153.96MB/s    0:00:06  
  1,062,600,704  53%  167.61MB/s    0:00:05  
  1,258,160,128  63%  171.63MB/s    0:00:04  
  1,438,777,344  72%  171.62MB/s    0:00:03  
  1,633,681,408  82%  178.01MB/s    0:00:01  
  1,800,273,920  91%  175.26MB/s    0:00:00  
  1,975,067,260 100%  134.44MB/s    0:00:14 (xfr#459, to-chk=549/11634)
WSI/dataset/TCGA-ESCA/8f190691-95fe-4394-8a01-56d0ea587ee8/logs/
WSI/dataset/TCGA-ESCA/8f190691-95fe-4394-8a01-56d0ea587ee8/logs/TCGA-RE-A7BO-01Z-00-DX1.E6F76917-D416-420D-A3A7-A89576B22D01.svs.parcel

         32,768  27%   37.87kB/s    0:00:02  
        120,375 100%  138.95kB/s    0:00:00 (xfr#460, to-chk=547/11634)
WSI/dataset/TCGA-ESCA/8f647d9f-3c6f-4a2b-9bb4-6c8c27e68f65/
WSI/dataset/TCGA-ESCA/8f647d9f-3c6f-4a2b-9bb4-6c8c27e68f65/TCGA-2H-A9GN-01Z-00-DX1.2373BEFC-931F-460D-8F6C-49C424600930.svs

         32,768   0%   37.56kB/s   17:08:30  
      8,257,536   0%    1.45MB/s    0:25:58  
    144,441,344   6%   21.39MB/s    0:01:39  
    285,999,104  12%   36.66MB/s    0:00:54  
    428,736,512  18%   48.45MB/s    0:00:38  
    589,070,336  25%  138.55MB/s    0:00:12  
    773,062,656  33%  149.91MB/s    0:00:10  
    950,534,144  41%  158.52MB/s    0:00:08  
  1,148,321,792  49%  171.65MB/s    0:00:06  
  1,327,890,432  57%  176.24MB/s    0:00:05  
  1,513,226,240  65%  176.60MB/s    0:00:04  
  1,708,523,520  73%  180.85MB/s    0:00:03  
  1,893,466,112  81%  177.79MB/s    0:00:02  
  2,013,528,064  86%  163.59MB/s    0:00:01  
  2,117,369,856  91%  144.15MB/s    0:00:01  
  2,306,342,912  99%  142.64MB/s    0:00:00  
  2,317,810,627 100%  113.45MB/s    0:00:19 (xfr#461, to-chk=546/11634)
WSI/dataset/TCGA-ESCA/8f647d9f-3c6f-4a2b-9bb4-6c8c27e68f65/logs/
WSI/dataset/TCGA-ESCA/8f647d9f-3c6f-4a2b-9bb4-6c8c27e68f65/logs/TCGA-2H-A9GN-01Z-00-DX1.2373BEFC-931F-460D-8F6C-49C424600930.svs.parcel

         32,768  23%  571.43kB/s    0:00:00  
        141,460 100%    2.33MB/s    0:00:00 (xfr#462, to-chk=544/11634)
WSI/dataset/TCGA-ESCA/8fe168e2-71c5-41c1-92e5-19a86f316f5f/
WSI/dataset/TCGA-ESCA/8fe168e2-71c5-41c1-92e5-19a86f316f5f/TCGA-LN-A5U6-01A-01-TSA.68EE99F1-A383-4700-B994-6A2A85FA6379.svs

         32,768   0%  477.61kB/s    0:13:18  
      5,373,952   1% 1019.03kB/s    0:06:08  
    135,659,520  35%   21.04MB/s    0:00:11  
    261,095,424  68%   34.83MB/s    0:00:03  
    381,173,551 100%   45.99MB/s    0:00:07 (xfr#463, to-chk=543/11634)
WSI/dataset/TCGA-ESCA/8fe168e2-71c5-41c1-92e5-19a86f316f5f/logs/
WSI/dataset/TCGA-ESCA/8fe168e2-71c5-41c1-92e5-19a86f316f5f/logs/TCGA-LN-A5U6-01A-01-TSA.68EE99F1-A383-4700-B994-6A2A85FA6379.svs.parcel

         25,108 100%   32.35kB/s    0:00:00  
         25,108 100%   32.35kB/s    0:00:00 (xfr#464, to-chk=541/11634)
WSI/dataset/TCGA-ESCA/9155a2aa-7239-4f22-b5da-cbd002252d8b/
WSI/dataset/TCGA-ESCA/9155a2aa-7239-4f22-b5da-cbd002252d8b/TCGA-L5-A88V-01A-01-TS1.D7BF9FDF-769F-4554-A1FA-7B4F439F8E00.svs

         32,768   0%   42.05kB/s    1:49:56  
      7,208,960   2%    3.89MB/s    0:01:07  
     76,414,976  27%   26.33MB/s    0:00:07  
    153,223,168  55%   38.78MB/s    0:00:03  
    240,418,816  86%   48.10MB/s    0:00:00  
    277,418,885 100%   53.64MB/s    0:00:04 (xfr#465, to-chk=540/11634)
WSI/dataset/TCGA-ESCA/9155a2aa-7239-4f22-b5da-cbd002252d8b/logs/
WSI/dataset/TCGA-ESCA/9155a2aa-7239-4f22-b5da-cbd002252d8b/logs/TCGA-L5-A88V-01A-01-TS1.D7BF9FDF-769F-4554-A1FA-7B4F439F8E00.svs.parcel

         18,304 100%  106.40kB/s    0:00:00  
         18,304 100%  106.40kB/s    0:00:00 (xfr#466, to-chk=538/11634)
WSI/dataset/TCGA-ESCA/91ebcd54-3880-4de8-b120-7dd26afbccc1/
WSI/dataset/TCGA-ESCA/91ebcd54-3880-4de8-b120-7dd26afbccc1/TCGA-LN-A7HZ-01Z-00-DX1.3B2E3D05-6241-4938-B900-23F510714046.svs

         32,768   0%  187.13kB/s    1:06:46  
     44,072,960   5%   42.03MB/s    0:00:16  
    202,506,240  27%   96.61MB/s    0:00:05  
    389,414,912  51%  122.16MB/s    0:00:02  
    580,124,672  77%  136.98MB/s    0:00:01  
    749,819,981 100%  144.58MB/s    0:00:04 (xfr#467, to-chk=537/11634)
WSI/dataset/TCGA-ESCA/91ebcd54-3880-4de8-b120-7dd26afbccc1/logs/
WSI/dataset/TCGA-ESCA/91ebcd54-3880-4de8-b120-7dd26afbccc1/logs/TCGA-LN-A7HZ-01Z-00-DX1.3B2E3D05-6241-4938-B900-23F510714046.svs.parcel

         32,768  71%   35.24kB/s    0:00:00  
         45,583 100%   48.97kB/s    0:00:00 (xfr#468, to-chk=535/11634)
WSI/dataset/TCGA-ESCA/9259a569-d33b-4ff5-b12d-0de3bf31aefc/
WSI/dataset/TCGA-ESCA/9259a569-d33b-4ff5-b12d-0de3bf31aefc/TCGA-L5-A88Y-01A-01-TS1.32DD10FD-AA37-4AC6-B3D0-C2630472BAE9.svs

         32,768   0%   35.05kB/s    1:43:00  
      6,553,600   3%    6.25MB/s    0:00:32  
      6,946,816   3%    2.62MB/s    0:01:18  
    166,199,296  76%   44.96MB/s    0:00:01  
    216,668,377 100%   54.21MB/s    0:00:03 (xfr#469, to-chk=534/11634)
WSI/dataset/TCGA-ESCA/9259a569-d33b-4ff5-b12d-0de3bf31aefc/logs/
WSI/dataset/TCGA-ESCA/9259a569-d33b-4ff5-b12d-0de3bf31aefc/logs/TCGA-L5-A88Y-01A-01-TS1.32DD10FD-AA37-4AC6-B3D0-C2630472BAE9.svs.parcel

         13,768 100%   46.05kB/s    0:00:00  
         13,768 100%   46.05kB/s    0:00:00 (xfr#470, to-chk=532/11634)
WSI/dataset/TCGA-ESCA/92a141a1-cb4f-49a9-92a4-91a1bd3f153e/
WSI/dataset/TCGA-ESCA/92a141a1-cb4f-49a9-92a4-91a1bd3f153e/TCGA-IG-A3YA-01A-01-TSA.52DA03C3-3731-4C53-9137-BE4685465829.svs

         32,768   0%  106.67kB/s    0:38:26  
     37,224,448  15%   35.50MB/s    0:00:05  
    137,494,528  55%   65.60MB/s    0:00:01  
    246,082,247 100%   83.67MB/s    0:00:02 (xfr#471, to-chk=531/11634)
WSI/dataset/TCGA-ESCA/92a141a1-cb4f-49a9-92a4-91a1bd3f153e/logs/
WSI/dataset/TCGA-ESCA/92a141a1-cb4f-49a9-92a4-91a1bd3f153e/logs/TCGA-IG-A3YA-01A-01-TSA.52DA03C3-3731-4C53-9137-BE4685465829.svs.parcel

         16,036 100%   19.33kB/s    0:00:00  
         16,036 100%   19.33kB/s    0:00:00 (xfr#472, to-chk=529/11634)
WSI/dataset/TCGA-ESCA/92ddb924-ddb9-49c7-b7eb-38cc185b4486/
WSI/dataset/TCGA-ESCA/92ddb924-ddb9-49c7-b7eb-38cc185b4486/TCGA-L5-A4OJ-01Z-00-DX1.585AE027-2DE4-433C-B7B4-0C632DFA5C05.svs

         32,768   0%   39.26kB/s   13:01:50  
      6,553,600   0%    5.03MB/s    0:05:56  
    198,705,152  10%   84.56MB/s    0:00:18  
    407,371,776  22%  119.87MB/s    0:00:11  
    570,687,488  30%  128.36MB/s    0:00:09  
    761,528,320  41%  180.09MB/s    0:00:05  
    916,848,640  49%  171.30MB/s    0:00:05  
  1,147,699,200  62%  176.64MB/s    0:00:03  
  1,376,518,144  74%  192.27MB/s    0:00:02  
  1,574,174,720  85%  193.85MB/s    0:00:01  
  1,770,553,344  96%  203.64MB/s    0:00:00  
  1,841,924,439 100%  165.86MB/s    0:00:10 (xfr#473, to-chk=528/11634)
WSI/dataset/TCGA-ESCA/92ddb924-ddb9-49c7-b7eb-38cc185b4486/logs/
WSI/dataset/TCGA-ESCA/92ddb924-ddb9-49c7-b7eb-38cc185b4486/logs/TCGA-L5-A4OJ-01Z-00-DX1.585AE027-2DE4-433C-B7B4-0C632DFA5C05.svs.parcel

         32,768  29%   89.64kB/s    0:00:00  
        111,303 100%  301.93kB/s    0:00:00 (xfr#474, to-chk=526/11634)
WSI/dataset/TCGA-ESCA/92f87df8-2705-4a7f-8f7a-b4304c3564b8/
WSI/dataset/TCGA-ESCA/92f87df8-2705-4a7f-8f7a-b4304c3564b8/TCGA-S8-A6BV-01A-02-TS2.640BBB95-ADA7-4151-95DE-0BAD7CF80349.svs

         32,768   0%   87.43kB/s    0:18:44  
      5,767,168   5%  658.87kB/s    0:02:20  
     98,346,205 100%   10.31MB/s    0:00:09 (xfr#475, to-chk=525/11634)
WSI/dataset/TCGA-ESCA/92f87df8-2705-4a7f-8f7a-b4304c3564b8/logs/
WSI/dataset/TCGA-ESCA/92f87df8-2705-4a7f-8f7a-b4304c3564b8/logs/TCGA-S8-A6BV-01A-02-TS2.640BBB95-ADA7-4151-95DE-0BAD7CF80349.svs.parcel

          6,964 100%   12.34kB/s    0:00:00  
          6,964 100%   12.34kB/s    0:00:00 (xfr#476, to-chk=523/11634)
WSI/dataset/TCGA-ESCA/9386ece5-b345-452c-b592-eeadf4abd2e9/
WSI/dataset/TCGA-ESCA/9386ece5-b345-452c-b592-eeadf4abd2e9/TCGA-JY-A6F8-01Z-00-DX1.0AA9B993-9DFA-431D-9FA4-1EEDAB3CDA1C.svs

         32,768   0%   57.45kB/s    8:10:22  
     50,331,648   2%   48.00MB/s    0:00:33  
    260,046,848  15%  124.06MB/s    0:00:11  
    482,902,016  28%  153.61MB/s    0:00:07  
    703,725,568  41%  167.87MB/s    0:00:05  
    886,079,488  52%  199.36MB/s    0:00:03  
  1,115,684,864  66%  204.10MB/s    0:00:02  
  1,335,623,680  79%  203.46MB/s    0:00:01  
  1,547,730,944  91%  201.38MB/s    0:00:00  
  1,690,384,532 100%  185.87MB/s    0:00:08 (xfr#477, to-chk=522/11634)
WSI/dataset/TCGA-ESCA/9386ece5-b345-452c-b592-eeadf4abd2e9/logs/
WSI/dataset/TCGA-ESCA/9386ece5-b345-452c-b592-eeadf4abd2e9/logs/TCGA-JY-A6F8-01Z-00-DX1.0AA9B993-9DFA-431D-9FA4-1EEDAB3CDA1C.svs.parcel

         32,768  32%   46.72kB/s    0:00:01  
        102,231 100%  145.53kB/s    0:00:00 (xfr#478, to-chk=520/11634)
WSI/dataset/TCGA-ESCA/93dea419-89fb-44aa-8617-bab7dfa58640/
WSI/dataset/TCGA-ESCA/93dea419-89fb-44aa-8617-bab7dfa58640/TCGA-LN-A49U-01Z-00-DX1.9596C179-8569-4DF6-B629-010499E25D96.svs

         32,768   0%   46.31kB/s    5:47:42  
      8,257,536   0%    1.91MB/s    0:08:09  
    195,067,904  20%   36.31MB/s    0:00:20  
    377,520,128  39%   58.81MB/s    0:00:09  
    590,086,144  61%   79.02MB/s    0:00:04  
    773,586,944  80%  182.51MB/s    0:00:01  
    959,578,112  99%  182.32MB/s    0:00:00  
    966,176,246 100%  100.67MB/s    0:00:09 (xfr#479, to-chk=519/11634)
WSI/dataset/TCGA-ESCA/93dea419-89fb-44aa-8617-bab7dfa58640/logs/
WSI/dataset/TCGA-ESCA/93dea419-89fb-44aa-8617-bab7dfa58640/logs/TCGA-LN-A49U-01Z-00-DX1.9596C179-8569-4DF6-B629-010499E25D96.svs.parcel

         32,768  55%  914.29kB/s    0:00:00  
         59,128 100%    1.57MB/s    0:00:00 (xfr#480, to-chk=517/11634)
WSI/dataset/TCGA-ESCA/94217f86-cb44-4b02-b6a0-dfbb2bb9f7c4/
WSI/dataset/TCGA-ESCA/94217f86-cb44-4b02-b6a0-dfbb2bb9f7c4/TCGA-2H-A9GH-01A-01-TS1.5EE3F266-6CC9-4CD3-AEEC-4612C1726D0E.svs

         32,768   0%  800.00kB/s    0:11:28  
     15,990,784   2%    9.40MB/s    0:00:55  
    158,892,032  28%   57.79MB/s    0:00:06  
    319,160,320  57%   84.04MB/s    0:00:02  
    483,262,464  87%   99.73MB/s    0:00:00  
    550,963,497 100%  104.88MB/s    0:00:05 (xfr#481, to-chk=516/11634)
WSI/dataset/TCGA-ESCA/94217f86-cb44-4b02-b6a0-dfbb2bb9f7c4/logs/
WSI/dataset/TCGA-ESCA/94217f86-cb44-4b02-b6a0-dfbb2bb9f7c4/logs/TCGA-2H-A9GH-01A-01-TS1.5EE3F266-6CC9-4CD3-AEEC-4612C1726D0E.svs.parcel

         32,768  95%   81.84kB/s    0:00:00  
         34,180 100%   85.15kB/s    0:00:00 (xfr#482, to-chk=514/11634)
WSI/dataset/TCGA-ESCA/94219ce6-e8a4-4f32-8b28-ae26b78c01c9/
WSI/dataset/TCGA-ESCA/94219ce6-e8a4-4f32-8b28-ae26b78c01c9/TCGA-V5-AASX-11A-01-TS1.3CF34ACE-18EB-42A3-88E3-5A75686601B2.svs

         32,768   0%   81.01kB/s    0:01:30  
      3,407,872  46%    2.35MB/s    0:00:01  
      7,392,773 100%    5.02MB/s    0:00:01 (xfr#483, to-chk=513/11634)
WSI/dataset/TCGA-ESCA/94219ce6-e8a4-4f32-8b28-ae26b78c01c9/annotations.txt

            320 100%   14.20kB/s    0:00:00  
            320 100%   14.20kB/s    0:00:00 (xfr#484, to-chk=512/11634)
WSI/dataset/TCGA-ESCA/94219ce6-e8a4-4f32-8b28-ae26b78c01c9/logs/
WSI/dataset/TCGA-ESCA/94219ce6-e8a4-4f32-8b28-ae26b78c01c9/logs/TCGA-V5-AASX-11A-01-TS1.3CF34ACE-18EB-42A3-88E3-5A75686601B2.svs.parcel

            601 100%   24.45kB/s    0:00:00  
            601 100%   24.45kB/s    0:00:00 (xfr#485, to-chk=510/11634)
WSI/dataset/TCGA-ESCA/94e0bbaf-e160-4bd1-9b30-44f1712ef09d/
WSI/dataset/TCGA-ESCA/94e0bbaf-e160-4bd1-9b30-44f1712ef09d/TCGA-R6-A6L4-01Z-00-DX1.67EFB685-EC0C-4837-B866-2595DF38EA29.svs

         32,768   0%    1.08MB/s    0:07:10  
    178,814,976  37%  170.53MB/s    0:00:01  
    367,656,960  77%  175.40MB/s    0:00:00  
    475,236,919 100%  164.33MB/s    0:00:02 (xfr#486, to-chk=509/11634)
WSI/dataset/TCGA-ESCA/94e0bbaf-e160-4bd1-9b30-44f1712ef09d/logs/
WSI/dataset/TCGA-ESCA/94e0bbaf-e160-4bd1-9b30-44f1712ef09d/logs/.parcel_kxmuh80_

              0 100%    0.00kB/s    0:00:00 (xfr#487, to-chk=507/11634)
WSI/dataset/TCGA-ESCA/94e0bbaf-e160-4bd1-9b30-44f1712ef09d/logs/TCGA-R6-A6L4-01Z-00-DX1.67EFB685-EC0C-4837-B866-2595DF38EA29.svs.parcel

         29,644 100%   37.89kB/s    0:00:00  
         29,644 100%   37.89kB/s    0:00:00 (xfr#488, to-chk=506/11634)
WSI/dataset/TCGA-ESCA/94fd228c-24c6-421c-a575-25c105d98b97/
WSI/dataset/TCGA-ESCA/94fd228c-24c6-421c-a575-25c105d98b97/TCGA-VR-A8EP-01Z-00-DX1.90476E9D-D574-4559-A07E-B360360902C6.svs

         32,768   0%   41.56kB/s   13:35:51  
     12,451,840   0%    7.04MB/s    0:04:40  
    167,510,016   8%   59.48MB/s    0:00:30  
    367,820,800  18%   95.19MB/s    0:00:17  
    546,832,384  26%  111.29MB/s    0:00:13  
    714,113,024  35%  167.33MB/s    0:00:07  
    876,478,464  43%  169.07MB/s    0:00:06  
  1,037,697,024  51%  159.75MB/s    0:00:06  
  1,250,721,792  61%  167.95MB/s    0:00:04  
  1,454,931,968  71%  176.76MB/s    0:00:03  
  1,647,968,256  81%  184.08MB/s    0:00:02  
  1,823,735,808  89%  187.50MB/s    0:00:01  
  2,020,999,168  99%  183.69MB/s    0:00:00  
  2,034,361,473 100%  152.30MB/s    0:00:12 (xfr#489, to-chk=505/11634)
WSI/dataset/TCGA-ESCA/94fd228c-24c6-421c-a575-25c105d98b97/logs/
WSI/dataset/TCGA-ESCA/94fd228c-24c6-421c-a575-25c105d98b97/logs/TCGA-VR-A8EP-01Z-00-DX1.90476E9D-D574-4559-A07E-B360360902C6.svs.parcel

         32,768  26%  533.33kB/s    0:00:00  
        122,643 100%    1.89MB/s    0:00:00 (xfr#490, to-chk=503/11634)
WSI/dataset/TCGA-ESCA/9521ed45-58b1-45b2-be4d-b46adc0adc2a/
WSI/dataset/TCGA-ESCA/9521ed45-58b1-45b2-be4d-b46adc0adc2a/TCGA-IG-A4P3-01A-01-TSA.B6239251-EB00-4409-AA62-B93B9E38E72F.svs

         32,768   0%  470.59kB/s    0:08:27  
      7,340,032   3%    1.34MB/s    0:02:49  
    133,955,584  56%   20.50MB/s    0:00:04  
    238,857,871 100%   33.19MB/s    0:00:06 (xfr#491, to-chk=502/11634)
WSI/dataset/TCGA-ESCA/9521ed45-58b1-45b2-be4d-b46adc0adc2a/logs/
WSI/dataset/TCGA-ESCA/9521ed45-58b1-45b2-be4d-b46adc0adc2a/logs/TCGA-IG-A4P3-01A-01-TSA.B6239251-EB00-4409-AA62-B93B9E38E72F.svs.parcel

         16,036 100%   24.78kB/s    0:00:00  
         16,036 100%   24.78kB/s    0:00:00 (xfr#492, to-chk=500/11634)
WSI/dataset/TCGA-ESCA/964aabba-5cce-4c7a-bf72-41cc11700304/
WSI/dataset/TCGA-ESCA/964aabba-5cce-4c7a-bf72-41cc11700304/TCGA-LN-A4A8-01Z-00-DX1.280E90F4-59A9-4F8F-B66A-64605DCF487A.svs

         32,768   0%   50.39kB/s    1:50:55  
     10,223,616   3%    9.28MB/s    0:00:34  
    206,831,616  61%   96.22MB/s    0:00:01  
    335,431,992 100%  116.37MB/s    0:00:02 (xfr#493, to-chk=499/11634)
WSI/dataset/TCGA-ESCA/964aabba-5cce-4c7a-bf72-41cc11700304/logs/
WSI/dataset/TCGA-ESCA/964aabba-5cce-4c7a-bf72-41cc11700304/logs/.parcel_k8pucw33

              0 100%    0.00kB/s    0:00:00 (xfr#494, to-chk=497/11634)
WSI/dataset/TCGA-ESCA/964aabba-5cce-4c7a-bf72-41cc11700304/logs/TCGA-LN-A4A8-01Z-00-DX1.280E90F4-59A9-4F8F-B66A-64605DCF487A.svs.parcel

         20,572 100%   28.66kB/s    0:00:00  
         20,572 100%   28.66kB/s    0:00:00 (xfr#495, to-chk=496/11634)
WSI/dataset/TCGA-ESCA/96f795d5-ea32-48a4-9523-2d6d6424b698/
WSI/dataset/TCGA-ESCA/96f795d5-ea32-48a4-9523-2d6d6424b698/TCGA-LN-A7HX-01Z-00-DX1.662C89FB-50E2-4E48-8C2D-2EA34BC7F25C.svs

         32,768   0%   45.52kB/s    5:35:20  
     11,665,408   1%    8.03MB/s    0:01:50  
    176,422,912  19%   70.55MB/s    0:00:10  
    379,879,424  41%  107.06MB/s    0:00:04  
    596,639,744  65%  129.82MB/s    0:00:02  
    767,164,416  83%  180.26MB/s    0:00:00  
    915,900,619 100%  143.59MB/s    0:00:06 (xfr#496, to-chk=495/11634)
WSI/dataset/TCGA-ESCA/96f795d5-ea32-48a4-9523-2d6d6424b698/logs/
WSI/dataset/TCGA-ESCA/96f795d5-ea32-48a4-9523-2d6d6424b698/logs/TCGA-LN-A7HX-01Z-00-DX1.662C89FB-50E2-4E48-8C2D-2EA34BC7F25C.svs.parcel

         32,768  57%   45.52kB/s    0:00:00  
         56,860 100%   78.87kB/s    0:00:00 (xfr#497, to-chk=493/11634)
WSI/dataset/TCGA-ESCA/97728553-6d05-4754-be0f-a989c29bf627/
WSI/dataset/TCGA-ESCA/97728553-6d05-4754-be0f-a989c29bf627/TCGA-LN-A5U7-01Z-00-DX1.9397E01B-C88B-4A79-A09A-DBCF65BBADBB.svs

         32,768   0%   45.13kB/s    5:11:16  
      6,684,672   0%    2.57MB/s    0:05:17  
    192,970,752  22%   52.90MB/s    0:00:12  
    410,288,128  48%   87.36MB/s    0:00:04  
    588,513,280  69%  102.46MB/s    0:00:02  
    719,093,760  85%  169.94MB/s    0:00:00  
    842,990,442 100%  112.77MB/s    0:00:07 (xfr#498, to-chk=492/11634)
WSI/dataset/TCGA-ESCA/97728553-6d05-4754-be0f-a989c29bf627/logs/
WSI/dataset/TCGA-ESCA/97728553-6d05-4754-be0f-a989c29bf627/logs/TCGA-LN-A5U7-01Z-00-DX1.9397E01B-C88B-4A79-A09A-DBCF65BBADBB.svs.parcel

         32,768  62%   48.78kB/s    0:00:00  
         52,324 100%   77.77kB/s    0:00:00 (xfr#499, to-chk=490/11634)
WSI/dataset/TCGA-ESCA/986700ae-f59a-400a-b8e5-3709b2d7bf8e/
WSI/dataset/TCGA-ESCA/986700ae-f59a-400a-b8e5-3709b2d7bf8e/TCGA-L5-A43M-01Z-00-DX1.05B47483-0D66-45A3-9EEC-244D454C0B94.svs

         32,768   0%   48.34kB/s    9:30:49  
      9,306,112   0%    4.22MB/s    0:06:21  
    172,097,536  10%   52.88MB/s    0:00:27  
    357,826,560  21%   83.15MB/s    0:00:15  
    538,443,776  32%  100.63MB/s    0:00:10  
    720,502,784  43%  169.65MB/s    0:00:05  
    912,916,480  55%  176.76MB/s    0:00:04  
  1,105,330,176  66%  178.35MB/s    0:00:03  
  1,277,984,768  77%  176.45MB/s    0:00:02  
  1,470,627,840  88%  178.93MB/s    0:00:01  
  1,655,580,871 100%  144.45MB/s    0:00:10 (xfr#500, to-chk=489/11634)
WSI/dataset/TCGA-ESCA/986700ae-f59a-400a-b8e5-3709b2d7bf8e/annotations.txt

            308 100%    0.36kB/s    0:00:00  
            308 100%    0.36kB/s    0:00:00 (xfr#501, to-chk=488/11634)
WSI/dataset/TCGA-ESCA/986700ae-f59a-400a-b8e5-3709b2d7bf8e/logs/
WSI/dataset/TCGA-ESCA/986700ae-f59a-400a-b8e5-3709b2d7bf8e/logs/TCGA-L5-A43M-01Z-00-DX1.05B47483-0D66-45A3-9EEC-244D454C0B94.svs.parcel

         32,768  32%   38.14kB/s    0:00:01  
         99,963 100%  116.21kB/s    0:00:00 (xfr#502, to-chk=486/11634)
WSI/dataset/TCGA-ESCA/98d7c058-a9a1-490a-941c-4f25fc6c6af2/
WSI/dataset/TCGA-ESCA/98d7c058-a9a1-490a-941c-4f25fc6c6af2/TCGA-L5-A4OG-01Z-00-DX1.3C731688-D9DA-4F83-97E9-F59D00CAE280.svs

         32,768   0%   37.87kB/s   10:28:19  
     10,518,528   0%   10.00MB/s    0:02:18  
     11,796,480   0%    2.96MB/s    0:07:46  
    198,967,296  13%   39.57MB/s    0:00:30  
    353,665,024  24%   58.21MB/s    0:00:18  
    502,136,832  35%   80.96MB/s    0:00:11  
    645,529,600  45%  151.13MB/s    0:00:05  
    769,130,496  53%  135.60MB/s    0:00:04  
    884,211,712  61%  126.18MB/s    0:00:04  
  1,007,812,608  70%  120.26MB/s    0:00:03  
  1,143,734,272  80%  118.49MB/s    0:00:02  
  1,269,694,464  88%  119.43MB/s    0:00:01  
  1,427,717,179 100%   99.61MB/s    0:00:13 (xfr#503, to-chk=485/11634)
WSI/dataset/TCGA-ESCA/98d7c058-a9a1-490a-941c-4f25fc6c6af2/logs/
WSI/dataset/TCGA-ESCA/98d7c058-a9a1-490a-941c-4f25fc6c6af2/logs/.parcel_pm5ftjl5

              0 100%    0.00kB/s    0:00:00 (xfr#504, to-chk=483/11634)
WSI/dataset/TCGA-ESCA/98d7c058-a9a1-490a-941c-4f25fc6c6af2/logs/TCGA-L5-A4OG-01Z-00-DX1.3C731688-D9DA-4F83-97E9-F59D00CAE280.svs.parcel

         32,768  37%   36.70kB/s    0:00:01  
         86,355 100%   96.49kB/s    0:00:00 (xfr#505, to-chk=482/11634)
WSI/dataset/TCGA-ESCA/9a8b6861-003e-4ec0-b8e8-f0fcdbd2e169/
WSI/dataset/TCGA-ESCA/9a8b6861-003e-4ec0-b8e8-f0fcdbd2e169/TCGA-2H-A9GQ-01Z-00-DX1.97451E5E-1020-4B75-BF2A-7CDF83CD4734.svs

         32,768   0%   36.49kB/s   16:28:56  
     10,747,904   0%   10.25MB/s    0:03:25  
     14,942,208   0%    3.92MB/s    0:08:55  
    192,282,624   8%   39.55MB/s    0:00:48  
    365,199,360  16%   61.81MB/s    0:00:28  
    531,759,104  24%   87.76MB/s    0:00:18  
    704,151,552  32%  163.38MB/s    0:00:08  
    861,437,952  39%  158.63MB/s    0:00:08  
  1,005,977,600  46%  151.86MB/s    0:00:07  
  1,138,229,248  52%  144.63MB/s    0:00:06  
  1,253,834,752  57%  131.09MB/s    0:00:06  
  1,372,848,128  63%  121.96MB/s    0:00:06  
  1,496,842,240  69%  117.06MB/s    0:00:05  
  1,622,540,288  74%  115.50MB/s    0:00:04  
  1,734,475,776  80%  114.62MB/s    0:00:03  
  1,869,479,936  86%  118.41MB/s    0:00:02  
  2,049,212,416  94%  131.73MB/s    0:00:00  
  2,165,117,161 100%  111.07MB/s    0:00:18 (xfr#506, to-chk=481/11634)
WSI/dataset/TCGA-ESCA/9a8b6861-003e-4ec0-b8e8-f0fcdbd2e169/logs/
WSI/dataset/TCGA-ESCA/9a8b6861-003e-4ec0-b8e8-f0fcdbd2e169/logs/TCGA-2H-A9GQ-01Z-00-DX1.97451E5E-1020-4B75-BF2A-7CDF83CD4734.svs.parcel

         32,768  24%   34.01kB/s    0:00:02  
        131,800 100%  136.49kB/s    0:00:00 (xfr#507, to-chk=479/11634)
WSI/dataset/TCGA-ESCA/9ab91ab7-cf0a-45b2-b6b1-1cddc61a5b7e/
WSI/dataset/TCGA-ESCA/9ab91ab7-cf0a-45b2-b6b1-1cddc61a5b7e/TCGA-IG-A97H-01A-01-TSA.1012876E-9085-4802-9C34-4CF85C82A92A.svs

         32,768   0%   33.68kB/s    2:38:25  
      4,227,072   1%    4.03MB/s    0:01:16  
      7,471,104   2%  901.63kB/s    0:05:46  
    145,260,544  45%   15.24MB/s    0:00:11  
    295,305,216  92%   27.91MB/s    0:00:00  
    320,223,677 100%   29.91MB/s    0:00:10 (xfr#508, to-chk=478/11634)
WSI/dataset/TCGA-ESCA/9ab91ab7-cf0a-45b2-b6b1-1cddc61a5b7e/logs/
WSI/dataset/TCGA-ESCA/9ab91ab7-cf0a-45b2-b6b1-1cddc61a5b7e/logs/TCGA-IG-A97H-01A-01-TSA.1012876E-9085-4802-9C34-4CF85C82A92A.svs.parcel

         20,572 100%  164.67kB/s    0:00:00  
         20,572 100%  164.67kB/s    0:00:00 (xfr#509, to-chk=476/11634)
WSI/dataset/TCGA-ESCA/9cd115f9-8690-4bee-9284-603331c5fcf7/
WSI/dataset/TCGA-ESCA/9cd115f9-8690-4bee-9284-603331c5fcf7/TCGA-L5-A43J-01A-01-TSA.FA8812FE-D061-47EA-9B34-A235C2811E5E.svs

         32,768   0%  253.97kB/s    0:14:49  
     47,841,280  21%   45.62MB/s    0:00:03  
    208,535,552  92%   99.49MB/s    0:00:00  
    225,953,869 100%  102.66MB/s    0:00:02 (xfr#510, to-chk=475/11634)
WSI/dataset/TCGA-ESCA/9cd115f9-8690-4bee-9284-603331c5fcf7/logs/
WSI/dataset/TCGA-ESCA/9cd115f9-8690-4bee-9284-603331c5fcf7/logs/TCGA-L5-A43J-01A-01-TSA.FA8812FE-D061-47EA-9B34-A235C2811E5E.svs.parcel

         13,768 100%  130.54kB/s    0:00:00  
         13,768 100%  130.54kB/s    0:00:00 (xfr#511, to-chk=473/11634)
WSI/dataset/TCGA-ESCA/9cf5d299-6e6c-4b9f-95bf-75be1e77a9f0/
WSI/dataset/TCGA-ESCA/9cf5d299-6e6c-4b9f-95bf-75be1e77a9f0/TCGA-VR-AA7B-01A-03-TS3.85AF67B7-78D9-44A0-8EF0-7B1CF8519627.svs

         32,768   0%  296.30kB/s    0:10:41  
     47,841,280  25%   45.62MB/s    0:00:03  
    190,120,263 100%   97.43MB/s    0:00:01 (xfr#512, to-chk=472/11634)
WSI/dataset/TCGA-ESCA/9cf5d299-6e6c-4b9f-95bf-75be1e77a9f0/logs/
WSI/dataset/TCGA-ESCA/9cf5d299-6e6c-4b9f-95bf-75be1e77a9f0/logs/TCGA-VR-AA7B-01A-03-TS3.85AF67B7-78D9-44A0-8EF0-7B1CF8519627.svs.parcel

         13,768 100%   15.56kB/s    0:00:00  
         13,768 100%   15.56kB/s    0:00:00 (xfr#513, to-chk=470/11634)
WSI/dataset/TCGA-ESCA/9d9cab6b-45a2-4a8e-81de-269b12812664/
WSI/dataset/TCGA-ESCA/9d9cab6b-45a2-4a8e-81de-269b12812664/TCGA-R6-A6XG-01Z-00-DX1.88BC85D3-7EF7-4D0A-88DC-1A837084D715.svs

         32,768   0%   35.52kB/s    0:43:39  
      4,325,376   4%    4.12MB/s    0:00:21  
     93,061,513 100%   47.06MB/s    0:00:01 (xfr#514, to-chk=469/11634)
WSI/dataset/TCGA-ESCA/9d9cab6b-45a2-4a8e-81de-269b12812664/logs/
WSI/dataset/TCGA-ESCA/9d9cab6b-45a2-4a8e-81de-269b12812664/logs/TCGA-R6-A6XG-01Z-00-DX1.88BC85D3-7EF7-4D0A-88DC-1A837084D715.svs.parcel

          6,964 100%    7.63kB/s    0:00:00  
          6,964 100%    7.63kB/s    0:00:00 (xfr#515, to-chk=467/11634)
WSI/dataset/TCGA-ESCA/9db6d33d-d0c6-48df-a094-2deb37ebae99/
WSI/dataset/TCGA-ESCA/9db6d33d-d0c6-48df-a094-2deb37ebae99/TCGA-L5-A8NF-11A-01-TS1.D86E8DE6-B6C9-429D-A8ED-3FF90667AD5C.svs

         32,768   0%   35.63kB/s    0:33:05  
      4,751,360   6%    4.53MB/s    0:00:14  
     70,771,941 100%   41.84MB/s    0:00:01 (xfr#516, to-chk=466/11634)
WSI/dataset/TCGA-ESCA/9db6d33d-d0c6-48df-a094-2deb37ebae99/logs/
WSI/dataset/TCGA-ESCA/9db6d33d-d0c6-48df-a094-2deb37ebae99/logs/TCGA-L5-A8NF-11A-01-TS1.D86E8DE6-B6C9-429D-A8ED-3FF90667AD5C.svs.parcel

          4,696 100%    7.43kB/s    0:00:00  
          4,696 100%    7.43kB/s    0:00:00 (xfr#517, to-chk=464/11634)
WSI/dataset/TCGA-ESCA/9df7fc06-0f5c-4e50-9587-1149eadc5cba/
WSI/dataset/TCGA-ESCA/9df7fc06-0f5c-4e50-9587-1149eadc5cba/TCGA-VR-AA4G-01Z-00-DX1.B12AF4D6-E63D-464A-A101-D3B43A84B2EB.svs

         32,768   0%   51.61kB/s    7:07:34  
     36,831,232   2%   35.12MB/s    0:00:35  
    173,015,040  13%   82.54MB/s    0:00:13  
    331,481,088  25%  105.38MB/s    0:00:09  
    476,610,560  35%  113.66MB/s    0:00:07  
    636,485,632  48%  143.00MB/s    0:00:04  
    784,334,848  59%  145.79MB/s    0:00:03  
    951,877,632  71%  147.99MB/s    0:00:02  
  1,113,718,784  84%  151.97MB/s    0:00:01  
  1,281,654,784  96%  153.90MB/s    0:00:00  
  1,324,121,211 100%  136.81MB/s    0:00:09 (xfr#518, to-chk=463/11634)
WSI/dataset/TCGA-ESCA/9df7fc06-0f5c-4e50-9587-1149eadc5cba/logs/
WSI/dataset/TCGA-ESCA/9df7fc06-0f5c-4e50-9587-1149eadc5cba/logs/TCGA-VR-AA4G-01Z-00-DX1.B12AF4D6-E63D-464A-A101-D3B43A84B2EB.svs.parcel

         32,768  40%  133.89kB/s    0:00:00  
         81,819 100%  331.54kB/s    0:00:00 (xfr#519, to-chk=461/11634)
WSI/dataset/TCGA-ESCA/9f5ae863-6e99-464c-a78d-85457f4a17df/
WSI/dataset/TCGA-ESCA/9f5ae863-6e99-464c-a78d-85457f4a17df/TCGA-L5-A4OT-11A-01-TS1.E9B4DE55-C03B-4732-BDA3-06E8568ADBCF.svs

         32,768   0%  130.08kB/s    0:11:32  
      5,242,880   5%    1.68MB/s    0:00:49  
     90,160,157 100%   24.02MB/s    0:00:03 (xfr#520, to-chk=460/11634)
WSI/dataset/TCGA-ESCA/9f5ae863-6e99-464c-a78d-85457f4a17df/logs/
WSI/dataset/TCGA-ESCA/9f5ae863-6e99-464c-a78d-85457f4a17df/logs/TCGA-L5-A4OT-11A-01-TS1.E9B4DE55-C03B-4732-BDA3-06E8568ADBCF.svs.parcel

          6,964 100%   11.35kB/s    0:00:00  
          6,964 100%   11.35kB/s    0:00:00 (xfr#521, to-chk=458/11634)
WSI/dataset/TCGA-ESCA/9f5c783c-4b78-4278-8ad3-66aeae1f5829/
WSI/dataset/TCGA-ESCA/9f5c783c-4b78-4278-8ad3-66aeae1f5829/TCGA-S8-A6BW-01A-01-TS1.ED8A6014-E575-4F33-8D80-B02DEC85CF69.svs

         32,768   0%   53.16kB/s    1:28:03  
     49,676,288  17%   47.38MB/s    0:00:04  
    222,691,328  79%  106.24MB/s    0:00:00  
    280,890,939 100%  116.88MB/s    0:00:02 (xfr#522, to-chk=457/11634)
WSI/dataset/TCGA-ESCA/9f5c783c-4b78-4278-8ad3-66aeae1f5829/logs/
WSI/dataset/TCGA-ESCA/9f5c783c-4b78-4278-8ad3-66aeae1f5829/logs/TCGA-S8-A6BW-01A-01-TS1.ED8A6014-E575-4F33-8D80-B02DEC85CF69.svs.parcel

         18,304 100%   59.98kB/s    0:00:00  
         18,304 100%   59.98kB/s    0:00:00 (xfr#523, to-chk=455/11634)
WSI/dataset/TCGA-ESCA/a00bb608-969d-42b3-8a04-e989e96999ab/
WSI/dataset/TCGA-ESCA/a00bb608-969d-42b3-8a04-e989e96999ab/TCGA-L5-A8NV-01A-01-TS1.9A0D3E8D-6ABC-4234-8F93-ECD899115D66.svs

         32,768   0%  105.61kB/s    0:41:25  
     36,438,016  13%   34.75MB/s    0:00:06  
    192,020,480  73%   91.56MB/s    0:00:00  
    262,558,335 100%  105.52MB/s    0:00:02 (xfr#524, to-chk=454/11634)
WSI/dataset/TCGA-ESCA/a00bb608-969d-42b3-8a04-e989e96999ab/logs/
WSI/dataset/TCGA-ESCA/a00bb608-969d-42b3-8a04-e989e96999ab/logs/TCGA-L5-A8NV-01A-01-TS1.9A0D3E8D-6ABC-4234-8F93-ECD899115D66.svs.parcel

         16,036 100%   41.65kB/s    0:00:00  
         16,036 100%   41.65kB/s    0:00:00 (xfr#525, to-chk=452/11634)
WSI/dataset/TCGA-ESCA/a237329f-0865-4c0f-8494-7d7224c65a23/
WSI/dataset/TCGA-ESCA/a237329f-0865-4c0f-8494-7d7224c65a23/TCGA-IC-A6RF-11A-02-TSB.AFD26B82-2577-48C4-9B90-B8A6B78C3BF7.svs

         32,768   0%   84.21kB/s    0:13:04  
     21,495,808  32%   20.50MB/s    0:00:02  
     66,126,967 100%   46.44MB/s    0:00:01 (xfr#526, to-chk=451/11634)
WSI/dataset/TCGA-ESCA/a237329f-0865-4c0f-8494-7d7224c65a23/annotations.txt

            441 100%    1.20kB/s    0:00:00  
            441 100%    1.20kB/s    0:00:00 (xfr#527, to-chk=450/11634)
WSI/dataset/TCGA-ESCA/a237329f-0865-4c0f-8494-7d7224c65a23/logs/
WSI/dataset/TCGA-ESCA/a237329f-0865-4c0f-8494-7d7224c65a23/logs/TCGA-IC-A6RF-11A-02-TSB.AFD26B82-2577-48C4-9B90-B8A6B78C3BF7.svs.parcel

          4,696 100%   12.56kB/s    0:00:00  
          4,696 100%   12.56kB/s    0:00:00 (xfr#528, to-chk=448/11634)
WSI/dataset/TCGA-ESCA/a37055c2-c146-4436-a35a-d40084f3fff6/
WSI/dataset/TCGA-ESCA/a37055c2-c146-4436-a35a-d40084f3fff6/TCGA-2H-A9GQ-11A-01-TSA.3A76520D-FB4F-42BC-8063-06301402011C.svs

         32,768   0%   85.56kB/s    0:15:59  
     79,560,704  96%   75.88MB/s    0:00:00  
     82,109,499 100%   77.38MB/s    0:00:01 (xfr#529, to-chk=447/11634)
WSI/dataset/TCGA-ESCA/a37055c2-c146-4436-a35a-d40084f3fff6/logs/
WSI/dataset/TCGA-ESCA/a37055c2-c146-4436-a35a-d40084f3fff6/logs/TCGA-2H-A9GQ-11A-01-TSA.3A76520D-FB4F-42BC-8063-06301402011C.svs.parcel

          6,964 100%  453.39kB/s    0:00:00  
          6,964 100%  453.39kB/s    0:00:00 (xfr#530, to-chk=445/11634)
WSI/dataset/TCGA-ESCA/a3eb4c3c-2bcb-4734-bdc5-6b24d89b698c/
WSI/dataset/TCGA-ESCA/a3eb4c3c-2bcb-4734-bdc5-6b24d89b698c/TCGA-LN-A8I0-01A-01-TSA.B1047F35-2418-4A12-A902-A122AE33E008.svs

         32,768   0%    1.64MB/s    0:02:56  
    151,388,160  50%  144.38MB/s    0:00:00  
    296,885,213 100%  144.60MB/s    0:00:01 (xfr#531, to-chk=444/11634)
WSI/dataset/TCGA-ESCA/a3eb4c3c-2bcb-4734-bdc5-6b24d89b698c/logs/
WSI/dataset/TCGA-ESCA/a3eb4c3c-2bcb-4734-bdc5-6b24d89b698c/logs/TCGA-LN-A8I0-01A-01-TSA.B1047F35-2418-4A12-A902-A122AE33E008.svs.parcel

         18,304 100%   18.60kB/s    0:00:00  
         18,304 100%   18.60kB/s    0:00:00 (xfr#532, to-chk=442/11634)
WSI/dataset/TCGA-ESCA/a491d6bf-7406-40b2-9e67-a45f91569d16/
WSI/dataset/TCGA-ESCA/a491d6bf-7406-40b2-9e67-a45f91569d16/TCGA-L5-A88S-11A-02-TS2.3F873022-E1EB-4538-B2F0-BD22E020108A.svs

         32,768   0%   33.13kB/s    0:36:25  
      3,702,784   5%    3.52MB/s    0:00:19  
     72,441,537 100%   35.87MB/s    0:00:01 (xfr#533, to-chk=441/11634)
WSI/dataset/TCGA-ESCA/a491d6bf-7406-40b2-9e67-a45f91569d16/logs/
WSI/dataset/TCGA-ESCA/a491d6bf-7406-40b2-9e67-a45f91569d16/logs/.parcel_2b1iyyk0

              0 100%    0.00kB/s    0:00:00 (xfr#534, to-chk=439/11634)
WSI/dataset/TCGA-ESCA/a491d6bf-7406-40b2-9e67-a45f91569d16/logs/TCGA-L5-A88S-11A-02-TS2.3F873022-E1EB-4538-B2F0-BD22E020108A.svs.parcel

          4,696 100%    4.93kB/s    0:00:00  
          4,696 100%    4.93kB/s    0:00:00 (xfr#535, to-chk=438/11634)
WSI/dataset/TCGA-ESCA/a606e803-f17c-49af-a2ce-9924612dec25/
WSI/dataset/TCGA-ESCA/a606e803-f17c-49af-a2ce-9924612dec25/TCGA-JY-A6FB-01A-01-TS1.D85EAF6C-3C13-42F2-BC3E-1C6A33B4E162.svs

         32,768   0%   34.08kB/s    2:12:54  
      2,490,368   0%    2.21MB/s    0:01:59  
    153,878,528  56%   70.76MB/s    0:00:01  
    271,778,165 100%   88.19MB/s    0:00:02 (xfr#536, to-chk=437/11634)
WSI/dataset/TCGA-ESCA/a606e803-f17c-49af-a2ce-9924612dec25/logs/
WSI/dataset/TCGA-ESCA/a606e803-f17c-49af-a2ce-9924612dec25/logs/TCGA-JY-A6FB-01A-01-TS1.D85EAF6C-3C13-42F2-BC3E-1C6A33B4E162.svs.parcel

         18,304 100%   20.64kB/s    0:00:00  
         18,304 100%   20.64kB/s    0:00:00 (xfr#537, to-chk=435/11634)
WSI/dataset/TCGA-ESCA/a62ce53d-14f7-4f7a-9a9d-350ffb18e63c/
WSI/dataset/TCGA-ESCA/a62ce53d-14f7-4f7a-9a9d-350ffb18e63c/TCGA-LN-A49R-01A-01-TSA.AA1157F3-FEED-4FCB-B64D-C8AB1DFFBC81.svs

         32,768   0%   36.78kB/s    1:11:49  
      4,849,664   3%    3.43MB/s    0:00:43  
    125,042,688  78%   50.81MB/s    0:00:00  
    158,525,371 100%   58.62MB/s    0:00:02 (xfr#538, to-chk=434/11634)
WSI/dataset/TCGA-ESCA/a62ce53d-14f7-4f7a-9a9d-350ffb18e63c/logs/
WSI/dataset/TCGA-ESCA/a62ce53d-14f7-4f7a-9a9d-350ffb18e63c/logs/TCGA-LN-A49R-01A-01-TSA.AA1157F3-FEED-4FCB-B64D-C8AB1DFFBC81.svs.parcel

         11,500 100%   48.20kB/s    0:00:00  
         11,500 100%   48.20kB/s    0:00:00 (xfr#539, to-chk=432/11634)
WSI/dataset/TCGA-ESCA/a64b8093-22bd-41cf-9f23-03d8fb45e471/
WSI/dataset/TCGA-ESCA/a64b8093-22bd-41cf-9f23-03d8fb45e471/TCGA-L5-A43H-01Z-00-DX1.05652837-4FDF-4A30-80FF-C942FB9C62D9.svs

         32,768   0%  135.02kB/s    3:54:11  
     53,608,448   2%   51.12MB/s    0:00:35  
    211,943,424  11%  101.06MB/s    0:00:16  
    382,861,312  20%  121.75MB/s    0:00:12  
    557,449,216  29%  132.94MB/s    0:00:09  
    769,163,264  40%  170.64MB/s    0:00:06  
    962,199,552  50%  177.41MB/s    0:00:05  
  1,160,904,704  61%  183.98MB/s    0:00:03  
  1,345,585,152  70%  186.37MB/s    0:00:02  
  1,534,459,904  80%  181.01MB/s    0:00:01  
  1,697,906,688  89%  175.49MB/s    0:00:01  
  1,897,332,227 100%  164.42MB/s    0:00:11 (xfr#540, to-chk=431/11634)
WSI/dataset/TCGA-ESCA/a64b8093-22bd-41cf-9f23-03d8fb45e471/logs/
WSI/dataset/TCGA-ESCA/a64b8093-22bd-41cf-9f23-03d8fb45e471/logs/TCGA-L5-A43H-01Z-00-DX1.05652837-4FDF-4A30-80FF-C942FB9C62D9.svs.parcel

         32,768  28%   32.59kB/s    0:00:02  
        115,839 100%  115.08kB/s    0:00:00 (xfr#541, to-chk=429/11634)
WSI/dataset/TCGA-ESCA/a680e419-ba93-4a18-81df-65fa64f550aa/
WSI/dataset/TCGA-ESCA/a680e419-ba93-4a18-81df-65fa64f550aa/TCGA-L5-A8NW-01A-01-TS1.B9C19161-E447-40A9-8C57-1F374B6D4F3C.svs

         32,768   0%   32.39kB/s    0:57:11  
      1,441,792   1%    1.38MB/s    0:01:17  
      6,029,312   5%    1.05MB/s    0:01:37  
    111,186,727 100%   17.32MB/s    0:00:06 (xfr#542, to-chk=428/11634)
WSI/dataset/TCGA-ESCA/a680e419-ba93-4a18-81df-65fa64f550aa/logs/
WSI/dataset/TCGA-ESCA/a680e419-ba93-4a18-81df-65fa64f550aa/logs/TCGA-L5-A8NW-01A-01-TS1.B9C19161-E447-40A9-8C57-1F374B6D4F3C.svs.parcel

          6,964 100%   10.12kB/s    0:00:00  
          6,964 100%   10.12kB/s    0:00:00 (xfr#543, to-chk=426/11634)
WSI/dataset/TCGA-ESCA/a6b247e9-036b-485a-9179-fc7da018f13e/
WSI/dataset/TCGA-ESCA/a6b247e9-036b-485a-9179-fc7da018f13e/TCGA-L5-A43C-01A-01-TSA.395CDCA0-6E7D-48F1-8F6D-2047C829E47E.svs

         32,768   0%   47.41kB/s    0:40:48  
     20,578,304  17%   19.62MB/s    0:00:04  
    116,102,233 100%   61.31MB/s    0:00:01 (xfr#544, to-chk=425/11634)
WSI/dataset/TCGA-ESCA/a6b247e9-036b-485a-9179-fc7da018f13e/logs/
WSI/dataset/TCGA-ESCA/a6b247e9-036b-485a-9179-fc7da018f13e/logs/TCGA-L5-A43C-01A-01-TSA.395CDCA0-6E7D-48F1-8F6D-2047C829E47E.svs.parcel

          9,232 100%   11.14kB/s    0:00:00  
          9,232 100%   11.14kB/s    0:00:00 (xfr#545, to-chk=423/11634)
WSI/dataset/TCGA-ESCA/a6e3128a-d969-4e77-9832-90eb2a55cbd5/
WSI/dataset/TCGA-ESCA/a6e3128a-d969-4e77-9832-90eb2a55cbd5/TCGA-L5-A4ON-11A-02-TS2.05474691-CBBE-4C57-8F1A-DAAB84990FD1.svs

         32,768   0%   39.36kB/s    0:21:31  
      3,932,160   7%    3.35MB/s    0:00:13  
     50,853,245 100%   31.68MB/s    0:00:01 (xfr#546, to-chk=422/11634)
WSI/dataset/TCGA-ESCA/a6e3128a-d969-4e77-9832-90eb2a55cbd5/logs/
WSI/dataset/TCGA-ESCA/a6e3128a-d969-4e77-9832-90eb2a55cbd5/logs/TCGA-L5-A4ON-11A-02-TS2.05474691-CBBE-4C57-8F1A-DAAB84990FD1.svs.parcel

          4,696 100%   11.16kB/s    0:00:00  
          4,696 100%   11.16kB/s    0:00:00 (xfr#547, to-chk=420/11634)
WSI/dataset/TCGA-ESCA/a7173f27-a3a3-42b9-9ead-b2098e087151/
WSI/dataset/TCGA-ESCA/a7173f27-a3a3-42b9-9ead-b2098e087151/TCGA-IG-A625-01Z-00-DX1.48DC96DA-6573-4AA3-898A-44B8B55C7451.svs

         32,768   0%   77.29kB/s    3:43:46  
     71,696,384   6%   63.60MB/s    0:00:14  
    243,007,488  23%  111.74MB/s    0:00:06  
    426,016,768  41%  132.21MB/s    0:00:04  
    630,226,944  60%  147.60MB/s    0:00:02  
    848,953,344  81%  185.45MB/s    0:00:00  
  1,033,109,504  99%  188.52MB/s    0:00:00  
  1,037,831,959 100%  162.28MB/s    0:00:06 (xfr#548, to-chk=419/11634)
WSI/dataset/TCGA-ESCA/a7173f27-a3a3-42b9-9ead-b2098e087151/logs/
WSI/dataset/TCGA-ESCA/a7173f27-a3a3-42b9-9ead-b2098e087151/logs/TCGA-IG-A625-01Z-00-DX1.48DC96DA-6573-4AA3-898A-44B8B55C7451.svs.parcel

         32,768  51%    1.01MB/s    0:00:00  
         63,666 100%    1.84MB/s    0:00:00 (xfr#549, to-chk=417/11634)
WSI/dataset/TCGA-ESCA/a73b03d9-9116-4e49-aaa5-f796714f37e9/
WSI/dataset/TCGA-ESCA/a73b03d9-9116-4e49-aaa5-f796714f37e9/TCGA-L5-A8NI-01A-01-TS1.232AC34E-4D52-4FB8-A681-C48F11F6E652.svs

         32,768   0%  842.11kB/s    0:02:31  
      4,063,232   3%    1.49MB/s    0:01:21  
    127,948,235 100%   36.63MB/s    0:00:03 (xfr#550, to-chk=416/11634)
WSI/dataset/TCGA-ESCA/a73b03d9-9116-4e49-aaa5-f796714f37e9/logs/
WSI/dataset/TCGA-ESCA/a73b03d9-9116-4e49-aaa5-f796714f37e9/logs/TCGA-L5-A8NI-01A-01-TS1.232AC34E-4D52-4FB8-A681-C48F11F6E652.svs.parcel

          9,232 100%   12.23kB/s    0:00:00  
          9,232 100%   12.23kB/s    0:00:00 (xfr#551, to-chk=414/11634)
WSI/dataset/TCGA-ESCA/a9956ff9-87e4-4045-a1f8-20d53d2bd2b1/
WSI/dataset/TCGA-ESCA/a9956ff9-87e4-4045-a1f8-20d53d2bd2b1/TCGA-LN-A4A2-01A-03-TSC.621B0B3C-68D4-4830-8E63-DB50B8A88077.svs

         32,768   0%   43.24kB/s    1:30:36  
      4,849,664   2%    4.60MB/s    0:00:48  
    138,805,248  59%   66.06MB/s    0:00:01  
    235,123,151 100%   80.05MB/s    0:00:02 (xfr#552, to-chk=413/11634)
WSI/dataset/TCGA-ESCA/a9956ff9-87e4-4045-a1f8-20d53d2bd2b1/logs/
WSI/dataset/TCGA-ESCA/a9956ff9-87e4-4045-a1f8-20d53d2bd2b1/logs/TCGA-LN-A4A2-01A-03-TSC.621B0B3C-68D4-4830-8E63-DB50B8A88077.svs.parcel

         16,036 100%   19.48kB/s    0:00:00  
         16,036 100%   19.48kB/s    0:00:00 (xfr#553, to-chk=411/11634)
WSI/dataset/TCGA-ESCA/aa31815a-d849-4673-9586-406e10da151d/
WSI/dataset/TCGA-ESCA/aa31815a-d849-4673-9586-406e10da151d/TCGA-LN-A49L-01A-01-TSA.9AEEBC5D-CB99-478A-B6D8-837D65FE0341.svs

         32,768   0%   39.46kB/s    1:49:28  
      5,242,880   2%    4.51MB/s    0:00:55  
    113,115,136  43%   51.13MB/s    0:00:02  
    232,816,640  89%   71.42MB/s    0:00:00  
    259,222,699 100%   76.32MB/s    0:00:03 (xfr#554, to-chk=410/11634)
WSI/dataset/TCGA-ESCA/aa31815a-d849-4673-9586-406e10da151d/logs/
WSI/dataset/TCGA-ESCA/aa31815a-d849-4673-9586-406e10da151d/logs/TCGA-LN-A49L-01A-01-TSA.9AEEBC5D-CB99-478A-B6D8-837D65FE0341.svs.parcel

         16,036 100%  118.64kB/s    0:00:00  
         16,036 100%  118.64kB/s    0:00:00 (xfr#555, to-chk=408/11634)
WSI/dataset/TCGA-ESCA/ab2426a1-8d67-4bec-a1a1-239df3ee0b24/
WSI/dataset/TCGA-ESCA/ab2426a1-8d67-4bec-a1a1-239df3ee0b24/TCGA-L5-A4OR-11A-01-TS1.B39103EC-81C3-4E7E-92E5-F8DB7B97DC7C.svs

         32,768   0%  235.29kB/s    0:04:41  
     66,157,179 100%   78.77MB/s    0:00:00 (xfr#556, to-chk=407/11634)
WSI/dataset/TCGA-ESCA/ab2426a1-8d67-4bec-a1a1-239df3ee0b24/logs/
WSI/dataset/TCGA-ESCA/ab2426a1-8d67-4bec-a1a1-239df3ee0b24/logs/TCGA-L5-A4OR-11A-01-TS1.B39103EC-81C3-4E7E-92E5-F8DB7B97DC7C.svs.parcel

          4,696 100%    5.69kB/s    0:00:00  
          4,696 100%    5.69kB/s    0:00:00 (xfr#557, to-chk=405/11634)
WSI/dataset/TCGA-ESCA/ac15205e-6e69-4678-b251-f06ec6a11512/
WSI/dataset/TCGA-ESCA/ac15205e-6e69-4678-b251-f06ec6a11512/TCGA-L5-A8NV-11A-01-TS1.134C1E02-3097-4E0F-92CF-3A847A3C8C7F.svs

         32,768   0%   39.46kB/s    0:47:26  
     17,825,792  15%   17.00MB/s    0:00:05  
    112,347,045 100%   69.17MB/s    0:00:01 (xfr#558, to-chk=404/11634)
WSI/dataset/TCGA-ESCA/ac15205e-6e69-4678-b251-f06ec6a11512/logs/
WSI/dataset/TCGA-ESCA/ac15205e-6e69-4678-b251-f06ec6a11512/logs/TCGA-L5-A8NV-11A-01-TS1.134C1E02-3097-4E0F-92CF-3A847A3C8C7F.svs.parcel

          6,964 100%   12.32kB/s    0:00:00  
          6,964 100%   12.32kB/s    0:00:00 (xfr#559, to-chk=402/11634)
WSI/dataset/TCGA-ESCA/ac97ccae-0c8e-46f5-980b-ad8010d1eaad/
WSI/dataset/TCGA-ESCA/ac97ccae-0c8e-46f5-980b-ad8010d1eaad/TCGA-L5-A4OO-01A-01-TS1.C4ACC568-3D95-4345-9523-24DE5FAE1938.svs

         32,768   0%   57.66kB/s    1:25:18  
     42,860,544  14%   40.88MB/s    0:00:06  
    177,471,488  60%   84.62MB/s    0:00:01  
    295,173,513 100%   94.21MB/s    0:00:02 (xfr#560, to-chk=401/11634)
WSI/dataset/TCGA-ESCA/ac97ccae-0c8e-46f5-980b-ad8010d1eaad/logs/
WSI/dataset/TCGA-ESCA/ac97ccae-0c8e-46f5-980b-ad8010d1eaad/logs/TCGA-L5-A4OO-01A-01-TS1.C4ACC568-3D95-4345-9523-24DE5FAE1938.svs.parcel

         18,304 100%   18.04kB/s    0:00:00  
         18,304 100%   18.04kB/s    0:00:00 (xfr#561, to-chk=399/11634)
WSI/dataset/TCGA-ESCA/acfd7e1e-d2d7-4c3a-858b-cbb19dcfa6b7/
WSI/dataset/TCGA-ESCA/acfd7e1e-d2d7-4c3a-858b-cbb19dcfa6b7/TCGA-VR-A8EO-01Z-00-DX1.34D04FE6-3C6B-4F9B-8A89-3A3AAC25205B.svs

         32,768   0%   32.10kB/s   18:49:27  
        294,912   0%  288.00kB/s    2:05:51  
     37,224,448   1%   17.76MB/s    0:01:57  
    249,856,000  11%   79.48MB/s    0:00:23  
    461,111,296  21%  110.02MB/s    0:00:15  
    640,548,864  29%  152.76MB/s    0:00:09  
    845,807,616  38%  192.88MB/s    0:00:06  
  1,046,478,848  48%  190.02MB/s    0:00:05  
  1,237,614,592  56%  185.23MB/s    0:00:04  
  1,463,943,168  67%  196.46MB/s    0:00:03  
  1,658,191,872  76%  193.83MB/s    0:00:02  
  1,866,203,136  85%  195.58MB/s    0:00:01  
  2,086,141,952  95%  202.46MB/s    0:00:00  
  2,175,131,905 100%  167.15MB/s    0:00:12 (xfr#562, to-chk=398/11634)
WSI/dataset/TCGA-ESCA/acfd7e1e-d2d7-4c3a-858b-cbb19dcfa6b7/logs/
WSI/dataset/TCGA-ESCA/acfd7e1e-d2d7-4c3a-858b-cbb19dcfa6b7/logs/TCGA-VR-A8EO-01Z-00-DX1.34D04FE6-3C6B-4F9B-8A89-3A3AAC25205B.svs.parcel

         32,768  24%   75.83kB/s    0:00:01  
        131,836 100%  303.65kB/s    0:00:00 (xfr#563, to-chk=396/11634)
WSI/dataset/TCGA-ESCA/aebb5ee0-7336-4dbb-a4c4-8f408d89c979/
WSI/dataset/TCGA-ESCA/aebb5ee0-7336-4dbb-a4c4-8f408d89c979/TCGA-LN-A4A9-01Z-00-DX1.CBDA561C-875D-4F3B-A62F-3B4C4E550261.svs

         32,768   0%   74.07kB/s    2:42:29  
     13,107,200   1%    3.31MB/s    0:03:28  
    210,501,632  29%   42.09MB/s    0:00:11  
    406,454,272  56%   67.19MB/s    0:00:04  
    606,076,928  83%   85.40MB/s    0:00:01  
    722,193,684 100%   92.70MB/s    0:00:07 (xfr#564, to-chk=395/11634)
WSI/dataset/TCGA-ESCA/aebb5ee0-7336-4dbb-a4c4-8f408d89c979/logs/
WSI/dataset/TCGA-ESCA/aebb5ee0-7336-4dbb-a4c4-8f408d89c979/logs/TCGA-LN-A4A9-01Z-00-DX1.CBDA561C-875D-4F3B-A62F-3B4C4E550261.svs.parcel

         32,768  71%   48.19kB/s    0:00:00  
         45,520 100%   66.85kB/s    0:00:00 (xfr#565, to-chk=393/11634)
WSI/dataset/TCGA-ESCA/b0c0ae02-6541-4708-b0a2-735d51408bf0/
WSI/dataset/TCGA-ESCA/b0c0ae02-6541-4708-b0a2-735d51408bf0/TCGA-LN-A49V-01A-01-TSA.C3ED03DE-AA54-4963-821D-C3AC372C3B57.svs

         32,768   0%   47.90kB/s    1:02:27  
      4,587,520   2%    2.47MB/s    0:01:09  
    100,794,368  56%   34.68MB/s    0:00:02  
    179,559,987 100%   51.12MB/s    0:00:03 (xfr#566, to-chk=392/11634)
WSI/dataset/TCGA-ESCA/b0c0ae02-6541-4708-b0a2-735d51408bf0/logs/
WSI/dataset/TCGA-ESCA/b0c0ae02-6541-4708-b0a2-735d51408bf0/logs/TCGA-LN-A49V-01A-01-TSA.C3ED03DE-AA54-4963-821D-C3AC372C3B57.svs.parcel

         11,500 100%   19.33kB/s    0:00:00  
         11,500 100%   19.33kB/s    0:00:00 (xfr#567, to-chk=390/11634)
WSI/dataset/TCGA-ESCA/b254241c-8ba1-406d-b9ad-b74f0640a3ed/
WSI/dataset/TCGA-ESCA/b254241c-8ba1-406d-b9ad-b74f0640a3ed/TCGA-LN-A9FO-01A-01-TSA.EA642CCC-0EB2-49F9-856A-AFBBC1BF9D59.svs

         32,768   0%   54.70kB/s    0:33:14  
     26,476,544  24%   25.25MB/s    0:00:03  
    109,124,385 100%   71.77MB/s    0:00:01 (xfr#568, to-chk=389/11634)
WSI/dataset/TCGA-ESCA/b254241c-8ba1-406d-b9ad-b74f0640a3ed/logs/
WSI/dataset/TCGA-ESCA/b254241c-8ba1-406d-b9ad-b74f0640a3ed/logs/TCGA-LN-A9FO-01A-01-TSA.EA642CCC-0EB2-49F9-856A-AFBBC1BF9D59.svs.parcel

          6,964 100%   15.05kB/s    0:00:00  
          6,964 100%   15.05kB/s    0:00:00 (xfr#569, to-chk=387/11634)
WSI/dataset/TCGA-ESCA/b2b8b035-2eac-4b6d-a4bd-4aff245f762f/
WSI/dataset/TCGA-ESCA/b2b8b035-2eac-4b6d-a4bd-4aff245f762f/TCGA-LN-A4A1-01Z-00-DX1.2EB1225F-0C53-4E2F-82B2-2AB061E99986.svs

         32,768   0%   70.18kB/s    4:05:49  
     52,166,656   5%   49.75MB/s    0:00:19  
    239,730,688  23%  114.31MB/s    0:00:06  
    434,765,824  42%  138.25MB/s    0:00:04  
    618,397,696  59%  147.51MB/s    0:00:02  
    800,980,992  77%  178.62MB/s    0:00:01  
    951,320,576  91%  169.78MB/s    0:00:00  
  1,035,106,048 100%  153.59MB/s    0:00:06 (xfr#570, to-chk=386/11634)
WSI/dataset/TCGA-ESCA/b2b8b035-2eac-4b6d-a4bd-4aff245f762f/logs/
WSI/dataset/TCGA-ESCA/b2b8b035-2eac-4b6d-a4bd-4aff245f762f/logs/TCGA-LN-A4A1-01Z-00-DX1.2EB1225F-0C53-4E2F-82B2-2AB061E99986.svs.parcel

         32,768  51%   73.90kB/s    0:00:00  
         63,666 100%  143.26kB/s    0:00:00 (xfr#571, to-chk=384/11634)
WSI/dataset/TCGA-ESCA/b3a855d2-d871-4966-8c5d-d13a6817c87e/
WSI/dataset/TCGA-ESCA/b3a855d2-d871-4966-8c5d-d13a6817c87e/TCGA-V5-A7RC-01Z-00-DX2.54636905-0758-440E-843E-F8C3AF64F7E1.svs

         32,768   0%   72.89kB/s    0:32:23  
      3,801,088   2%    1.79MB/s    0:01:15  
     85,196,800  60%   26.90MB/s    0:00:02  
    141,714,092 100%   36.75MB/s    0:00:03 (xfr#572, to-chk=383/11634)
WSI/dataset/TCGA-ESCA/b3a855d2-d871-4966-8c5d-d13a6817c87e/logs/
WSI/dataset/TCGA-ESCA/b3a855d2-d871-4966-8c5d-d13a6817c87e/logs/TCGA-V5-A7RC-01Z-00-DX2.54636905-0758-440E-843E-F8C3AF64F7E1.svs.parcel

          9,232 100%   13.62kB/s    0:00:00  
          9,232 100%   13.62kB/s    0:00:00 (xfr#573, to-chk=381/11634)
WSI/dataset/TCGA-ESCA/b4d29f7a-6f03-4d5f-9d19-b4a17ea5611d/
WSI/dataset/TCGA-ESCA/b4d29f7a-6f03-4d5f-9d19-b4a17ea5611d/TCGA-L5-A4OW-01Z-00-DX1.BA40D477-007A-40BE-B37B-5228C65EED42.svs

         32,768   0%   47.98kB/s   10:14:42  
     22,315,008   1%   21.28MB/s    0:01:20  
    211,943,424  11%  101.11MB/s    0:00:15  
    405,045,248  22%  128.85MB/s    0:00:10  
    598,474,752  33%  142.79MB/s    0:00:08  
    802,979,840  45%  186.26MB/s    0:00:05  
    964,165,632  54%  179.48MB/s    0:00:04  
  1,141,899,264  64%  175.77MB/s    0:00:03  
  1,322,909,696  74%  172.81MB/s    0:00:02  
  1,509,294,080  85%  168.48MB/s    0:00:01  
  1,734,213,632  98%  183.69MB/s    0:00:00  
  1,769,509,471 100%  166.11MB/s    0:00:10 (xfr#574, to-chk=380/11634)
WSI/dataset/TCGA-ESCA/b4d29f7a-6f03-4d5f-9d19-b4a17ea5611d/logs/
WSI/dataset/TCGA-ESCA/b4d29f7a-6f03-4d5f-9d19-b4a17ea5611d/logs/TCGA-L5-A4OW-01Z-00-DX1.BA40D477-007A-40BE-B37B-5228C65EED42.svs.parcel

         32,768  30%  188.24kB/s    0:00:00  
        106,767 100%  609.73kB/s    0:00:00 (xfr#575, to-chk=378/11634)
WSI/dataset/TCGA-ESCA/b62958a2-2e01-45c1-bead-529315539c22/
WSI/dataset/TCGA-ESCA/b62958a2-2e01-45c1-bead-529315539c22/TCGA-JY-A6FE-01Z-00-DX1.BB3951AD-AA8D-4B2A-86E5-E0C4AA90E7AC.svs

         32,768   0%  181.82kB/s    3:08:18  
      2,359,296   0%  855.23kB/s    0:39:59  
    236,584,960  11%   61.08MB/s    0:00:29  
    441,974,784  21%   89.81MB/s    0:00:17  
    671,875,072  32%  112.57MB/s    0:00:11  
    908,099,584  44%  216.11MB/s    0:00:05  
  1,144,127,488  55%  216.54MB/s    0:00:04  
  1,378,222,080  67%  220.90MB/s    0:00:02  
  1,606,975,488  78%  220.63MB/s    0:00:01  
  1,844,740,096  89%  220.99MB/s    0:00:00  
  2,054,300,654 100%  168.34MB/s    0:00:11 (xfr#576, to-chk=377/11634)
WSI/dataset/TCGA-ESCA/b62958a2-2e01-45c1-bead-529315539c22/logs/
WSI/dataset/TCGA-ESCA/b62958a2-2e01-45c1-bead-529315539c22/logs/TCGA-JY-A6FE-01Z-00-DX1.BB3951AD-AA8D-4B2A-86E5-E0C4AA90E7AC.svs.parcel

         32,768  26%   35.28kB/s    0:00:02  
        124,911 100%  134.20kB/s    0:00:00 (xfr#577, to-chk=375/11634)
WSI/dataset/TCGA-ESCA/b6d42d66-0698-4314-a66d-ae9018f52aa4/
WSI/dataset/TCGA-ESCA/b6d42d66-0698-4314-a66d-ae9018f52aa4/TCGA-L5-A4OO-01Z-00-DX1.5F07DBD8-E809-4442-BE86-A30FB7D811AF.svs

         32,768   0%   34.93kB/s   13:42:54  
      5,111,808   0%    1.24MB/s    0:22:36  
    192,937,984  11%   37.28MB/s    0:00:40  
    382,205,952  22%   61.40MB/s    0:00:21  
    544,505,856  31%   74.88MB/s    0:00:15  
    744,357,888  43%  176.38MB/s    0:00:05  
    927,072,256  53%  175.16MB/s    0:00:04  
  1,130,233,856  65%  178.48MB/s    0:00:03  
  1,318,191,104  76%  184.55MB/s    0:00:02  
  1,520,041,984  88%  185.03MB/s    0:00:01  
  1,724,920,729 100%  127.44MB/s    0:00:12 (xfr#578, to-chk=374/11634)
WSI/dataset/TCGA-ESCA/b6d42d66-0698-4314-a66d-ae9018f52aa4/logs/
WSI/dataset/TCGA-ESCA/b6d42d66-0698-4314-a66d-ae9018f52aa4/logs/TCGA-L5-A4OO-01Z-00-DX1.5F07DBD8-E809-4442-BE86-A30FB7D811AF.svs.parcel

         32,768  31%   32.69kB/s    0:00:02  
        104,562 100%  104.20kB/s    0:00:00 (xfr#579, to-chk=372/11634)
WSI/dataset/TCGA-ESCA/b6fa772e-04b0-4230-b69f-c018467e8fff/
WSI/dataset/TCGA-ESCA/b6fa772e-04b0-4230-b69f-c018467e8fff/TCGA-L5-A43M-01A-01-TSA.0A4E9A3B-9D19-45BD-A585-72975D3B276E.svs

         32,768   0%   32.45kB/s    1:34:32  
      1,441,792   0%    1.38MB/s    0:02:09  
      5,242,880   2%    1.38MB/s    0:02:07  
    142,639,104  77%   29.34MB/s    0:00:01  
    184,118,313 100%   35.92MB/s    0:00:04 (xfr#580, to-chk=371/11634)
WSI/dataset/TCGA-ESCA/b6fa772e-04b0-4230-b69f-c018467e8fff/annotations.txt

            308 100%    1.17kB/s    0:00:00  
            308 100%    1.17kB/s    0:00:00 (xfr#581, to-chk=370/11634)
WSI/dataset/TCGA-ESCA/b6fa772e-04b0-4230-b69f-c018467e8fff/logs/
WSI/dataset/TCGA-ESCA/b6fa772e-04b0-4230-b69f-c018467e8fff/logs/TCGA-L5-A43M-01A-01-TSA.0A4E9A3B-9D19-45BD-A585-72975D3B276E.svs.parcel

         11,500 100%   42.54kB/s    0:00:00  
         11,500 100%   42.54kB/s    0:00:00 (xfr#582, to-chk=368/11634)
WSI/dataset/TCGA-ESCA/b73fc35e-9a78-4ab5-a6f0-eca35e2230aa/
WSI/dataset/TCGA-ESCA/b73fc35e-9a78-4ab5-a6f0-eca35e2230aa/TCGA-L5-A8NS-11A-01-TS1.0130D944-603F-4FBF-81B5-39652462B1B2.svs

         32,768   0%  118.52kB/s    0:05:18  
     37,800,855 100%   48.39MB/s    0:00:00 (xfr#583, to-chk=367/11634)
WSI/dataset/TCGA-ESCA/b73fc35e-9a78-4ab5-a6f0-eca35e2230aa/logs/
WSI/dataset/TCGA-ESCA/b73fc35e-9a78-4ab5-a6f0-eca35e2230aa/logs/TCGA-L5-A8NS-11A-01-TS1.0130D944-603F-4FBF-81B5-39652462B1B2.svs.parcel

          4,696 100%    6.12kB/s    0:00:00  
          4,696 100%    6.12kB/s    0:00:00 (xfr#584, to-chk=365/11634)
WSI/dataset/TCGA-ESCA/b768a3a6-664f-47ce-81ec-ae96a2898a81/
WSI/dataset/TCGA-ESCA/b768a3a6-664f-47ce-81ec-ae96a2898a81/TCGA-L5-A43M-11A-01-TSA.B070C5CD-E2CB-4971-B0F9-424BD5A1A826.svs

         32,768   0%   42.55kB/s    0:18:17  
     36,569,088  78%   34.88MB/s    0:00:00  
     46,750,303 100%   42.22MB/s    0:00:01 (xfr#585, to-chk=364/11634)
WSI/dataset/TCGA-ESCA/b768a3a6-664f-47ce-81ec-ae96a2898a81/annotations.txt

            308 100%    5.19kB/s    0:00:00  
            308 100%    5.19kB/s    0:00:00 (xfr#586, to-chk=363/11634)
WSI/dataset/TCGA-ESCA/b768a3a6-664f-47ce-81ec-ae96a2898a81/logs/
WSI/dataset/TCGA-ESCA/b768a3a6-664f-47ce-81ec-ae96a2898a81/logs/TCGA-L5-A43M-11A-01-TSA.B070C5CD-E2CB-4971-B0F9-424BD5A1A826.svs.parcel

          4,696 100%   73.97kB/s    0:00:00  
          4,696 100%   73.97kB/s    0:00:00 (xfr#587, to-chk=361/11634)
WSI/dataset/TCGA-ESCA/b92bd898-cb41-4db8-8804-2111db60924c/
WSI/dataset/TCGA-ESCA/b92bd898-cb41-4db8-8804-2111db60924c/TCGA-L5-A43H-11A-01-TSA.D3F9F4BE-DF55-4728-9116-C0235EA6802B.svs

         32,768   0%  477.61kB/s    0:02:01  
     58,106,480 100%  115.45MB/s    0:00:00 (xfr#588, to-chk=360/11634)
WSI/dataset/TCGA-ESCA/b92bd898-cb41-4db8-8804-2111db60924c/logs/
WSI/dataset/TCGA-ESCA/b92bd898-cb41-4db8-8804-2111db60924c/logs/TCGA-L5-A43H-11A-01-TSA.D3F9F4BE-DF55-4728-9116-C0235EA6802B.svs.parcel

          4,696 100%    9.49kB/s    0:00:00  
          4,696 100%    9.49kB/s    0:00:00 (xfr#589, to-chk=358/11634)
WSI/dataset/TCGA-ESCA/b9cd8944-573f-465f-bfa1-883ee10b2890/
WSI/dataset/TCGA-ESCA/b9cd8944-573f-465f-bfa1-883ee10b2890/TCGA-VR-A8EW-01Z-00-DX1.1422DA1B-9867-4A6F-A0D6-0692230B7734.svs

         32,768   0%   65.31kB/s    5:03:20  
     72,220,672   6%   68.88MB/s    0:00:15  
    286,785,536  24%  136.82MB/s    0:00:06  
    512,229,376  43%  162.94MB/s    0:00:04  
    717,750,272  60%  171.21MB/s    0:00:02  
    882,769,920  74%  193.30MB/s    0:00:01  
  1,049,362,432  88%  181.86MB/s    0:00:00  
  1,188,640,765 100%  170.33MB/s    0:00:06 (xfr#590, to-chk=357/11634)
WSI/dataset/TCGA-ESCA/b9cd8944-573f-465f-bfa1-883ee10b2890/logs/
WSI/dataset/TCGA-ESCA/b9cd8944-573f-465f-bfa1-883ee10b2890/logs/TCGA-VR-A8EW-01Z-00-DX1.1422DA1B-9867-4A6F-A0D6-0692230B7734.svs.parcel

         32,768  45%   48.48kB/s    0:00:00  
         72,747 100%  107.48kB/s    0:00:00 (xfr#591, to-chk=355/11634)
WSI/dataset/TCGA-ESCA/b9ec97ae-79db-48f4-88d9-20be1879f85a/
WSI/dataset/TCGA-ESCA/b9ec97ae-79db-48f4-88d9-20be1879f85a/TCGA-IG-A3I8-11A-01-TS1.6FB17185-0893-4B26-9256-E4E659EAE10E.svs

         32,768   0%   48.05kB/s    0:12:00  
      4,194,304  12%    1.53MB/s    0:00:19  
     34,642,299 100%   11.71MB/s    0:00:02 (xfr#592, to-chk=354/11634)
WSI/dataset/TCGA-ESCA/b9ec97ae-79db-48f4-88d9-20be1879f85a/logs/
WSI/dataset/TCGA-ESCA/b9ec97ae-79db-48f4-88d9-20be1879f85a/logs/.parcel_ri9s74f3

              0 100%    0.00kB/s    0:00:00 (xfr#593, to-chk=352/11634)
WSI/dataset/TCGA-ESCA/b9ec97ae-79db-48f4-88d9-20be1879f85a/logs/TCGA-IG-A3I8-11A-01-TS1.6FB17185-0893-4B26-9256-E4E659EAE10E.svs.parcel

          2,428 100%   11.13kB/s    0:00:00  
          2,428 100%   11.13kB/s    0:00:00 (xfr#594, to-chk=351/11634)
WSI/dataset/TCGA-ESCA/ba32050c-3769-47a2-adc3-532508adb2c8/
WSI/dataset/TCGA-ESCA/ba32050c-3769-47a2-adc3-532508adb2c8/TCGA-IG-A5S3-01Z-00-DX1.2410F826-855B-41CD-ADC1-25BECB2A801C.svs

         32,768   0%  148.15kB/s    1:13:05  
    140,902,400  21%  134.38MB/s    0:00:03  
    334,888,960  51%  159.69MB/s    0:00:01  
    530,448,384  81%  168.62MB/s    0:00:00  
    649,803,681 100%  175.25MB/s    0:00:03 (xfr#595, to-chk=350/11634)
WSI/dataset/TCGA-ESCA/ba32050c-3769-47a2-adc3-532508adb2c8/logs/
WSI/dataset/TCGA-ESCA/ba32050c-3769-47a2-adc3-532508adb2c8/logs/TCGA-IG-A5S3-01Z-00-DX1.2410F826-855B-41CD-ADC1-25BECB2A801C.svs.parcel

         32,768  79%   59.37kB/s    0:00:00  
         40,984 100%   74.12kB/s    0:00:00 (xfr#596, to-chk=348/11634)
WSI/dataset/TCGA-ESCA/baaba680-3381-4b60-979d-0b3239236aec/
WSI/dataset/TCGA-ESCA/baaba680-3381-4b60-979d-0b3239236aec/TCGA-IG-A6QS-01A-01-TSA.4AB0688C-BC07-40BF-BB1A-54FF00E38D8D.svs

         32,768   0%   57.76kB/s    0:55:20  
      4,849,664   2%    2.99MB/s    0:01:01  
    158,334,976  82%   59.33MB/s    0:00:00  
    191,827,187 100%   67.76MB/s    0:00:02 (xfr#597, to-chk=347/11634)
WSI/dataset/TCGA-ESCA/baaba680-3381-4b60-979d-0b3239236aec/logs/
WSI/dataset/TCGA-ESCA/baaba680-3381-4b60-979d-0b3239236aec/logs/TCGA-IG-A6QS-01A-01-TSA.4AB0688C-BC07-40BF-BB1A-54FF00E38D8D.svs.parcel

         13,768 100%   85.10kB/s    0:00:00  
         13,768 100%   85.10kB/s    0:00:00 (xfr#598, to-chk=345/11634)
WSI/dataset/TCGA-ESCA/bb4617ef-a8bb-47ba-b230-504088cc07e7/
WSI/dataset/TCGA-ESCA/bb4617ef-a8bb-47ba-b230-504088cc07e7/TCGA-2H-A9GM-01A-01-TS1.F1B0F4D3-7C5C-41D9-B0C8-C5EAD6B213D2.svs

         32,768   0%  195.12kB/s    0:23:17  
     64,094,208  23%   61.12MB/s    0:00:03  
    222,429,184  81%  106.12MB/s    0:00:00  
    272,704,281 100%  116.68MB/s    0:00:02 (xfr#599, to-chk=344/11634)
WSI/dataset/TCGA-ESCA/bb4617ef-a8bb-47ba-b230-504088cc07e7/logs/
WSI/dataset/TCGA-ESCA/bb4617ef-a8bb-47ba-b230-504088cc07e7/logs/TCGA-2H-A9GM-01A-01-TS1.F1B0F4D3-7C5C-41D9-B0C8-C5EAD6B213D2.svs.parcel

         18,304 100%   77.05kB/s    0:00:00  
         18,304 100%   77.05kB/s    0:00:00 (xfr#600, to-chk=342/11634)
WSI/dataset/TCGA-ESCA/bc61df84-351d-4f1d-a852-d51fdcb08306/
WSI/dataset/TCGA-ESCA/bc61df84-351d-4f1d-a852-d51fdcb08306/TCGA-IG-A3YC-01A-01-TSA.73CAD194-499B-44DE-8D36-1441946C047D.svs

         32,768   0%  135.59kB/s    0:38:50  
     61,603,840  19%   58.75MB/s    0:00:04  
    186,646,528  59%   89.04MB/s    0:00:01  
    315,972,791 100%  107.74MB/s    0:00:02 (xfr#601, to-chk=341/11634)
WSI/dataset/TCGA-ESCA/bc61df84-351d-4f1d-a852-d51fdcb08306/logs/
WSI/dataset/TCGA-ESCA/bc61df84-351d-4f1d-a852-d51fdcb08306/logs/TCGA-IG-A3YC-01A-01-TSA.73CAD194-499B-44DE-8D36-1441946C047D.svs.parcel

         20,572 100%   25.08kB/s    0:00:00  
         20,572 100%   25.08kB/s    0:00:00 (xfr#602, to-chk=339/11634)
WSI/dataset/TCGA-ESCA/bc6d5d79-a2a4-49cb-a74d-f41a664d3fea/
WSI/dataset/TCGA-ESCA/bc6d5d79-a2a4-49cb-a74d-f41a664d3fea/TCGA-LN-A9FQ-01Z-00-DX1.677D150F-7023-40E6-AB99-39CFA35DA23F.svs

         32,768   0%   39.75kB/s    3:37:02  
     10,485,760   2%    7.39MB/s    0:01:07  
    176,422,912  34%   71.50MB/s    0:00:04  
    330,301,440  63%   93.97MB/s    0:00:01  
    506,593,280  97%  111.01MB/s    0:00:00  
    517,711,757 100%  112.19MB/s    0:00:04 (xfr#603, to-chk=338/11634)
WSI/dataset/TCGA-ESCA/bc6d5d79-a2a4-49cb-a74d-f41a664d3fea/logs/
WSI/dataset/TCGA-ESCA/bc6d5d79-a2a4-49cb-a74d-f41a664d3fea/logs/TCGA-LN-A9FQ-01Z-00-DX1.677D150F-7023-40E6-AB99-39CFA35DA23F.svs.parcel

         31,912 100%  599.31kB/s    0:00:00  
         31,912 100%  599.31kB/s    0:00:00 (xfr#604, to-chk=336/11634)
WSI/dataset/TCGA-ESCA/bcb8a650-0264-4b17-81a8-f971d025bf52/
WSI/dataset/TCGA-ESCA/bcb8a650-0264-4b17-81a8-f971d025bf52/TCGA-Z6-AAPN-01A-01-TSA.8CC1E4BD-1568-40AA-B915-332F5263FDA3.svs

         32,768   0%  581.82kB/s    0:05:31  
      7,995,392   4%    7.22MB/s    0:00:25  
    152,305,664  78%   70.68MB/s    0:00:00  
    193,113,555 100%   81.20MB/s    0:00:02 (xfr#605, to-chk=335/11634)
WSI/dataset/TCGA-ESCA/bcb8a650-0264-4b17-81a8-f971d025bf52/logs/
WSI/dataset/TCGA-ESCA/bcb8a650-0264-4b17-81a8-f971d025bf52/logs/TCGA-Z6-AAPN-01A-01-TSA.8CC1E4BD-1568-40AA-B915-332F5263FDA3.svs.parcel

         13,768 100%   62.54kB/s    0:00:00  
         13,768 100%   62.54kB/s    0:00:00 (xfr#606, to-chk=333/11634)
WSI/dataset/TCGA-ESCA/bd23e363-e8b7-40f1-9803-e3949b08e967/
WSI/dataset/TCGA-ESCA/bd23e363-e8b7-40f1-9803-e3949b08e967/TCGA-VR-A8EX-01A-01-TS1.BD019B71-15A8-47F7-8F05-86E444066D2D.svs

         32,768   0%  146.79kB/s    0:16:18  
     88,473,600  61%   84.38MB/s    0:00:00  
    143,735,913 100%  103.77MB/s    0:00:01 (xfr#607, to-chk=332/11634)
WSI/dataset/TCGA-ESCA/bd23e363-e8b7-40f1-9803-e3949b08e967/logs/
WSI/dataset/TCGA-ESCA/bd23e363-e8b7-40f1-9803-e3949b08e967/logs/TCGA-VR-A8EX-01A-01-TS1.BD019B71-15A8-47F7-8F05-86E444066D2D.svs.parcel

          9,232 100%   27.83kB/s    0:00:00  
          9,232 100%   27.83kB/s    0:00:00 (xfr#608, to-chk=330/11634)
WSI/dataset/TCGA-ESCA/bd6821dc-f9d4-4b07-a484-3d460bbe3ef0/
WSI/dataset/TCGA-ESCA/bd6821dc-f9d4-4b07-a484-3d460bbe3ef0/TCGA-LN-A4A3-01A-01-TSA.D1FAAA2C-36DC-4953-BAF3-8648B232401C.svs

         32,768   0%   97.86kB/s    0:29:17  
     41,025,536  23%   39.12MB/s    0:00:03  
    155,451,392  90%   74.16MB/s    0:00:00  
    172,045,971 100%   79.07MB/s    0:00:02 (xfr#609, to-chk=329/11634)
WSI/dataset/TCGA-ESCA/bd6821dc-f9d4-4b07-a484-3d460bbe3ef0/logs/
WSI/dataset/TCGA-ESCA/bd6821dc-f9d4-4b07-a484-3d460bbe3ef0/logs/TCGA-LN-A4A3-01A-01-TSA.D1FAAA2C-36DC-4953-BAF3-8648B232401C.svs.parcel

         11,500 100%  143.98kB/s    0:00:00  
         11,500 100%  143.98kB/s    0:00:00 (xfr#610, to-chk=327/11634)
WSI/dataset/TCGA-ESCA/bdbbd492-34c3-44b3-bab0-a30583f3d447/
WSI/dataset/TCGA-ESCA/bdbbd492-34c3-44b3-bab0-a30583f3d447/TCGA-V5-AASW-01A-01-TS1.8305D3DC-5A60-4521-B709-16E2B2803683.svs

         32,768   0%  395.06kB/s    0:01:35  
     37,810,323 100%   53.58MB/s    0:00:00 (xfr#611, to-chk=326/11634)
WSI/dataset/TCGA-ESCA/bdbbd492-34c3-44b3-bab0-a30583f3d447/logs/
WSI/dataset/TCGA-ESCA/bdbbd492-34c3-44b3-bab0-a30583f3d447/logs/TCGA-V5-AASW-01A-01-TS1.8305D3DC-5A60-4521-B709-16E2B2803683.svs.parcel

          4,696 100%    6.77kB/s    0:00:00  
          4,696 100%    6.77kB/s    0:00:00 (xfr#612, to-chk=324/11634)
WSI/dataset/TCGA-ESCA/be67e412-0595-42fc-9a08-347ec9bb4458/
WSI/dataset/TCGA-ESCA/be67e412-0595-42fc-9a08-347ec9bb4458/TCGA-JY-A6FH-01A-01-TS1.D5C02E15-D39C-425A-AA08-31C96920516C.svs

         32,768   0%   46.99kB/s    0:35:25  
     54,034,432  54%   51.53MB/s    0:00:00  
     99,908,697 100%   74.85MB/s    0:00:01 (xfr#613, to-chk=323/11634)
WSI/dataset/TCGA-ESCA/be67e412-0595-42fc-9a08-347ec9bb4458/logs/
WSI/dataset/TCGA-ESCA/be67e412-0595-42fc-9a08-347ec9bb4458/logs/TCGA-JY-A6FH-01A-01-TS1.D5C02E15-D39C-425A-AA08-31C96920516C.svs.parcel

          6,964 100%   24.64kB/s    0:00:00  
          6,964 100%   24.64kB/s    0:00:00 (xfr#614, to-chk=321/11634)
WSI/dataset/TCGA-ESCA/bed13050-0d50-4f56-b21a-475753d87be7/
WSI/dataset/TCGA-ESCA/bed13050-0d50-4f56-b21a-475753d87be7/TCGA-2H-A9GF-11A-01-TS1.D38C6B5C-0514-4794-AF4E-E95B820E9280.svs

         32,768   0%  114.70kB/s    0:03:21  
     23,176,889 100%   40.78MB/s    0:00:00 (xfr#615, to-chk=320/11634)
WSI/dataset/TCGA-ESCA/bed13050-0d50-4f56-b21a-475753d87be7/logs/
WSI/dataset/TCGA-ESCA/bed13050-0d50-4f56-b21a-475753d87be7/logs/TCGA-2H-A9GF-11A-01-TS1.D38C6B5C-0514-4794-AF4E-E95B820E9280.svs.parcel

          2,428 100%    4.35kB/s    0:00:00  
          2,428 100%    4.35kB/s    0:00:00 (xfr#616, to-chk=318/11634)
WSI/dataset/TCGA-ESCA/bf30c4a6-1e4e-4aaa-949f-a3c66653f6fc/
WSI/dataset/TCGA-ESCA/bf30c4a6-1e4e-4aaa-949f-a3c66653f6fc/TCGA-L5-A4OU-01Z-00-DX1.104C7782-2C80-41ED-9E22-1628AA649A03.svs

         32,768   0%   58.29kB/s    7:08:49  
     83,329,024   5%   79.47MB/s    0:00:17  
    251,166,720  16%  119.83MB/s    0:00:10  
    442,236,928  29%  140.68MB/s    0:00:07  
    632,291,328  42%  150.86MB/s    0:00:05  
    815,661,056  54%  174.73MB/s    0:00:03  
    974,684,160  64%  172.63MB/s    0:00:02  
  1,143,996,416  76%  167.40MB/s    0:00:02  
  1,310,195,712  87%  161.71MB/s    0:00:01  
  1,499,759,439 100%  162.15MB/s    0:00:08 (xfr#617, to-chk=317/11634)
WSI/dataset/TCGA-ESCA/bf30c4a6-1e4e-4aaa-949f-a3c66653f6fc/logs/
WSI/dataset/TCGA-ESCA/bf30c4a6-1e4e-4aaa-949f-a3c66653f6fc/logs/TCGA-L5-A4OU-01Z-00-DX1.104C7782-2C80-41ED-9E22-1628AA649A03.svs.parcel

         32,768  36%   38.51kB/s    0:00:01  
         90,954 100%  106.76kB/s    0:00:00 (xfr#618, to-chk=315/11634)
WSI/dataset/TCGA-ESCA/c00b0176-2a6f-4860-befd-deb04286492e/
WSI/dataset/TCGA-ESCA/c00b0176-2a6f-4860-befd-deb04286492e/TCGA-L5-A8NQ-01A-01-TS1.576B92A9-4448-4B3B-B6ED-82BD8D959761.svs

         32,768   0%   38.19kB/s    1:36:55  
      6,291,456   2%    1.94MB/s    0:01:48  
    180,092,928  81%   42.00MB/s    0:00:00  
    222,110,661 100%   49.38MB/s    0:00:04 (xfr#619, to-chk=314/11634)
WSI/dataset/TCGA-ESCA/c00b0176-2a6f-4860-befd-deb04286492e/logs/
WSI/dataset/TCGA-ESCA/c00b0176-2a6f-4860-befd-deb04286492e/logs/TCGA-L5-A8NQ-01A-01-TS1.576B92A9-4448-4B3B-B6ED-82BD8D959761.svs.parcel

         13,768 100%   65.91kB/s    0:00:00  
         13,768 100%   65.91kB/s    0:00:00 (xfr#620, to-chk=312/11634)
WSI/dataset/TCGA-ESCA/c0a08750-7799-4210-a3d8-70cd65ee3a77/
WSI/dataset/TCGA-ESCA/c0a08750-7799-4210-a3d8-70cd65ee3a77/TCGA-LN-A49N-01Z-00-DX1.C7A5E9C8-51EC-4BDE-93EB-208FE221DEF6.svs

         32,768   0%  153.11kB/s    1:26:00  
     87,031,808  11%   83.00MB/s    0:00:08  
    274,857,984  34%  131.13MB/s    0:00:03  
    409,731,072  51%  130.29MB/s    0:00:02  
    572,391,424  72%  136.54MB/s    0:00:01  
    758,513,664  96%  160.17MB/s    0:00:00  
    790,082,224 100%  145.85MB/s    0:00:05 (xfr#621, to-chk=311/11634)
WSI/dataset/TCGA-ESCA/c0a08750-7799-4210-a3d8-70cd65ee3a77/logs/
WSI/dataset/TCGA-ESCA/c0a08750-7799-4210-a3d8-70cd65ee3a77/logs/TCGA-LN-A49N-01Z-00-DX1.C7A5E9C8-51EC-4BDE-93EB-208FE221DEF6.svs.parcel

         32,768  68%  184.97kB/s    0:00:00  
         47,788 100%  268.21kB/s    0:00:00 (xfr#622, to-chk=309/11634)
WSI/dataset/TCGA-ESCA/c0a46b9f-aeb0-41af-b181-76b92a84e4bd/
WSI/dataset/TCGA-ESCA/c0a46b9f-aeb0-41af-b181-76b92a84e4bd/TCGA-LN-A4A8-01A-03-TSC.85FC82AE-4856-46A2-9252-8C27689B5E48.svs

         32,768   0%  178.77kB/s    0:13:12  
      5,767,168   4%    3.63MB/s    0:00:36  
    138,182,656  97%   52.40MB/s    0:00:00  
    141,754,621 100%   53.39MB/s    0:00:02 (xfr#623, to-chk=308/11634)
WSI/dataset/TCGA-ESCA/c0a46b9f-aeb0-41af-b181-76b92a84e4bd/logs/
WSI/dataset/TCGA-ESCA/c0a46b9f-aeb0-41af-b181-76b92a84e4bd/logs/TCGA-LN-A4A8-01A-03-TSC.85FC82AE-4856-46A2-9252-8C27689B5E48.svs.parcel

          9,232 100%  474.51kB/s    0:00:00  
          9,232 100%  474.51kB/s    0:00:00 (xfr#624, to-chk=306/11634)
WSI/dataset/TCGA-ESCA/c141b21e-a236-40a7-875e-1b9cb3eff90b/
WSI/dataset/TCGA-ESCA/c141b21e-a236-40a7-875e-1b9cb3eff90b/TCGA-L5-A8NR-01A-01-TS1.B18C8458-9F8F-46E7-B6D0-E733F16DD334.svs

         32,768   0%    1.36MB/s    0:03:12  
    134,873,088  50%  128.62MB/s    0:00:01  
    267,842,635 100%  142.15MB/s    0:00:01 (xfr#625, to-chk=305/11634)
WSI/dataset/TCGA-ESCA/c141b21e-a236-40a7-875e-1b9cb3eff90b/logs/
WSI/dataset/TCGA-ESCA/c141b21e-a236-40a7-875e-1b9cb3eff90b/logs/TCGA-L5-A8NR-01A-01-TS1.B18C8458-9F8F-46E7-B6D0-E733F16DD334.svs.parcel

         18,304 100%   22.32kB/s    0:00:00  
         18,304 100%   22.32kB/s    0:00:00 (xfr#626, to-chk=303/11634)
WSI/dataset/TCGA-ESCA/c16c2be3-0d61-478f-a1ac-2c75364b782e/
WSI/dataset/TCGA-ESCA/c16c2be3-0d61-478f-a1ac-2c75364b782e/TCGA-L5-A4OT-01Z-00-DX1.23F2765D-7674-49EB-A932-5D63A0A2E551.svs

         32,768   0%   39.75kB/s   19:51:17  
      2,883,584   0%    2.23MB/s    0:20:43  
    213,155,840   7%   91.04MB/s    0:00:28  
    430,211,072  15%  126.90MB/s    0:00:18  
    638,320,640  22%  143.84MB/s    0:00:14  
    867,729,408  30%  206.35MB/s    0:00:09  
  1,093,533,696  38%  210.06MB/s    0:00:08  
  1,317,142,528  46%  211.57MB/s    0:00:07  
  1,533,018,112  53%  213.42MB/s    0:00:05  
  1,735,393,280  61%  207.02MB/s    0:00:05  
  1,931,083,776  67%  199.84MB/s    0:00:04  
  2,112,618,496  74%  189.80MB/s    0:00:03  
  2,263,744,512  79%  174.35MB/s    0:00:03  
  2,403,729,408  84%  159.42MB/s    0:00:02  
  2,584,772,608  90%  155.93MB/s    0:00:01  
  2,790,785,024  98%  161.77MB/s    0:00:00  
  2,841,390,079 100%  175.41MB/s    0:00:15 (xfr#627, to-chk=302/11634)
WSI/dataset/TCGA-ESCA/c16c2be3-0d61-478f-a1ac-2c75364b782e/logs/
WSI/dataset/TCGA-ESCA/c16c2be3-0d61-478f-a1ac-2c75364b782e/logs/TCGA-L5-A4OT-01Z-00-DX1.23F2765D-7674-49EB-A932-5D63A0A2E551.svs.parcel

         32,768  18%  141.59kB/s    0:00:01  
        175,228 100%  747.25kB/s    0:00:00 (xfr#628, to-chk=300/11634)
WSI/dataset/TCGA-ESCA/c1b7d82a-a5e7-48f9-83b6-71bc43747838/
WSI/dataset/TCGA-ESCA/c1b7d82a-a5e7-48f9-83b6-71bc43747838/TCGA-JY-A6FE-01A-01-TS1.F8907703-D0AB-49BE-8DFA-1D6130C7A9BF.svs

         32,768   0%  135.59kB/s    1:17:20  
      2,490,368   0%  458.44kB/s    0:22:47  
    183,369,728  29%   27.74MB/s    0:00:15  
    325,058,560  51%   42.44MB/s    0:00:06  
    507,248,640  80%   58.26MB/s    0:00:02  
    629,270,211 100%   66.74MB/s    0:00:08 (xfr#629, to-chk=299/11634)
WSI/dataset/TCGA-ESCA/c1b7d82a-a5e7-48f9-83b6-71bc43747838/logs/
WSI/dataset/TCGA-ESCA/c1b7d82a-a5e7-48f9-83b6-71bc43747838/logs/TCGA-JY-A6FE-01A-01-TS1.F8907703-D0AB-49BE-8DFA-1D6130C7A9BF.svs.parcel

         32,768  84%   46.38kB/s    0:00:00  
         38,716 100%   54.72kB/s    0:00:00 (xfr#630, to-chk=297/11634)
WSI/dataset/TCGA-ESCA/c3498021-da1a-4614-9eb9-e0e0f84eaacb/
WSI/dataset/TCGA-ESCA/c3498021-da1a-4614-9eb9-e0e0f84eaacb/TCGA-VR-A8ET-01Z-00-DX1.D9A85EDA-4258-4762-B894-8F7F1E30CEF6.svs

         32,768   0%   46.11kB/s    8:49:09  
     15,466,496   1%    8.69MB/s    0:02:42  
    215,875,584  14%   76.36MB/s    0:00:15  
    389,840,896  26%  100.59MB/s    0:00:10  
    586,285,056  40%  119.09MB/s    0:00:07  
    765,198,336  52%  178.79MB/s    0:00:03  
    935,362,560  63%  171.58MB/s    0:00:03  
  1,092,747,264  74%  167.63MB/s    0:00:02  
  1,249,247,232  85%  158.06MB/s    0:00:01  
  1,447,591,936  98%  162.78MB/s    0:00:00  
  1,463,979,235 100%  142.90MB/s    0:00:09 (xfr#631, to-chk=296/11634)
WSI/dataset/TCGA-ESCA/c3498021-da1a-4614-9eb9-e0e0f84eaacb/logs/
WSI/dataset/TCGA-ESCA/c3498021-da1a-4614-9eb9-e0e0f84eaacb/logs/TCGA-VR-A8ET-01Z-00-DX1.D9A85EDA-4258-4762-B894-8F7F1E30CEF6.svs.parcel

         32,768  36%  410.26kB/s    0:00:00  
         88,623 100%    1.06MB/s    0:00:00 (xfr#632, to-chk=294/11634)
WSI/dataset/TCGA-ESCA/c437a9f8-55d1-4241-823d-8461b981e795/
WSI/dataset/TCGA-ESCA/c437a9f8-55d1-4241-823d-8461b981e795/TCGA-L5-A88V-11A-01-TS1.3704D74A-D802-4953-AF51-9F6B13FD1CB7.svs

         32,768   0%  367.82kB/s    0:03:55  
      4,194,304   4%    1.63MB/s    0:00:49  
     86,572,721 100%   28.15MB/s    0:00:02 (xfr#633, to-chk=293/11634)
WSI/dataset/TCGA-ESCA/c437a9f8-55d1-4241-823d-8461b981e795/logs/
WSI/dataset/TCGA-ESCA/c437a9f8-55d1-4241-823d-8461b981e795/logs/TCGA-L5-A88V-11A-01-TS1.3704D74A-D802-4953-AF51-9F6B13FD1CB7.svs.parcel

          6,964 100%   13.88kB/s    0:00:00  
          6,964 100%   13.88kB/s    0:00:00 (xfr#634, to-chk=291/11634)
WSI/dataset/TCGA-ESCA/c4799fdf-5a35-4791-af27-452c4580d094/
WSI/dataset/TCGA-ESCA/c4799fdf-5a35-4791-af27-452c4580d094/TCGA-LN-A8HZ-01Z-00-DX1.EA3875B4-BB87-47F9-9976-86B9EDA2D47B.svs

         32,768   0%   64.39kB/s    2:21:17  
     61,472,768  11%   58.62MB/s    0:00:08  
    271,450,112  49%  129.50MB/s    0:00:02  
    484,147,200  88%  154.01MB/s    0:00:00  
    545,860,669 100%  159.49MB/s    0:00:03 (xfr#635, to-chk=290/11634)
WSI/dataset/TCGA-ESCA/c4799fdf-5a35-4791-af27-452c4580d094/logs/
WSI/dataset/TCGA-ESCA/c4799fdf-5a35-4791-af27-452c4580d094/logs/TCGA-LN-A8HZ-01Z-00-DX1.EA3875B4-BB87-47F9-9976-86B9EDA2D47B.svs.parcel

         32,768  95%  119.40kB/s    0:00:00  
         34,180 100%  124.09kB/s    0:00:00 (xfr#636, to-chk=288/11634)
WSI/dataset/TCGA-ESCA/c4851c8a-9cec-4bc1-8ffe-a4fc1ebbce79/
WSI/dataset/TCGA-ESCA/c4851c8a-9cec-4bc1-8ffe-a4fc1ebbce79/TCGA-R6-A6Y2-01Z-00-DX1.9B1F1957-2C59-4D5A-BCE7-9FCBF1417B42.svs

         32,768   0%  117.22kB/s    0:51:18  
      7,602,176   2%    6.29MB/s    0:00:54  
    167,018,496  46%   74.05MB/s    0:00:02  
    296,615,936  82%   89.77MB/s    0:00:00  
    360,937,617 100%   95.40MB/s    0:00:03 (xfr#637, to-chk=287/11634)
WSI/dataset/TCGA-ESCA/c4851c8a-9cec-4bc1-8ffe-a4fc1ebbce79/logs/
WSI/dataset/TCGA-ESCA/c4851c8a-9cec-4bc1-8ffe-a4fc1ebbce79/logs/TCGA-R6-A6Y2-01Z-00-DX1.9B1F1957-2C59-4D5A-BCE7-9FCBF1417B42.svs.parcel

         22,840 100%   48.59kB/s    0:00:00  
         22,840 100%   48.59kB/s    0:00:00 (xfr#638, to-chk=285/11634)
WSI/dataset/TCGA-ESCA/c49a7766-dabb-46df-8e71-e9f4e0b2116a/
WSI/dataset/TCGA-ESCA/c49a7766-dabb-46df-8e71-e9f4e0b2116a/TCGA-L5-A4OJ-11A-01-TS1.C2DC9657-D279-4117-9E0C-59BEB14D90FB.svs

         32,768   0%   69.26kB/s    0:19:12  
      4,063,232   5%    3.63MB/s    0:00:20  
     79,873,275 100%   52.10MB/s    0:00:01 (xfr#639, to-chk=284/11634)
WSI/dataset/TCGA-ESCA/c49a7766-dabb-46df-8e71-e9f4e0b2116a/logs/
WSI/dataset/TCGA-ESCA/c49a7766-dabb-46df-8e71-e9f4e0b2116a/logs/TCGA-L5-A4OJ-11A-01-TS1.C2DC9657-D279-4117-9E0C-59BEB14D90FB.svs.parcel

          6,964 100%   17.13kB/s    0:00:00  
          6,964 100%   17.13kB/s    0:00:00 (xfr#640, to-chk=282/11634)
WSI/dataset/TCGA-ESCA/c4caf5e8-ebc3-4ebd-adbe-d4fd7040d085/
WSI/dataset/TCGA-ESCA/c4caf5e8-ebc3-4ebd-adbe-d4fd7040d085/TCGA-VR-A8EZ-01A-01-TS1.1BA75542-713E-47E1-998F-7193B747B367.svs

         32,768   0%   79.80kB/s    0:43:01  
     59,375,616  28%   56.62MB/s    0:00:02  
    206,066,327 100%   98.80MB/s    0:00:01 (xfr#641, to-chk=281/11634)
WSI/dataset/TCGA-ESCA/c4caf5e8-ebc3-4ebd-adbe-d4fd7040d085/logs/
WSI/dataset/TCGA-ESCA/c4caf5e8-ebc3-4ebd-adbe-d4fd7040d085/logs/.parcel_tzail4s1

              0 100%    0.00kB/s    0:00:00 (xfr#642, to-chk=279/11634)
WSI/dataset/TCGA-ESCA/c4caf5e8-ebc3-4ebd-adbe-d4fd7040d085/logs/TCGA-VR-A8EZ-01A-01-TS1.1BA75542-713E-47E1-998F-7193B747B367.svs.parcel

         13,768 100%   13.50kB/s    0:00:00  
         13,768 100%   13.50kB/s    0:00:00 (xfr#643, to-chk=278/11634)
WSI/dataset/TCGA-ESCA/c56e13f5-8c6a-4b13-99ba-7932960705a5/
WSI/dataset/TCGA-ESCA/c56e13f5-8c6a-4b13-99ba-7932960705a5/TCGA-2H-A9GJ-01Z-00-DX1.F6CC7FC9-85DB-4791-B367-312F1AA3CDA2.svs

         32,768   0%   32.00kB/s   14:47:08  
         65,536   0%   64.00kB/s    7:23:33  
    110,624,768   6%   52.75MB/s    0:00:29  
    265,814,016  15%   84.53MB/s    0:00:16  
    389,808,128  22%   92.96MB/s    0:00:13  
    532,938,752  31%  127.08MB/s    0:00:08  
    696,385,536  40%  139.69MB/s    0:00:07  
    866,385,920  50%  143.22MB/s    0:00:05  
  1,048,444,928  61%  157.07MB/s    0:00:04  
  1,243,480,064  73%  169.41MB/s    0:00:02  
  1,416,396,800  83%  171.71MB/s    0:00:01  
  1,572,896,768  92%  168.53MB/s    0:00:00  
  1,703,359,013 100%  139.07MB/s    0:00:11 (xfr#644, to-chk=277/11634)
WSI/dataset/TCGA-ESCA/c56e13f5-8c6a-4b13-99ba-7932960705a5/logs/
WSI/dataset/TCGA-ESCA/c56e13f5-8c6a-4b13-99ba-7932960705a5/logs/TCGA-2H-A9GJ-01Z-00-DX1.F6CC7FC9-85DB-4791-B367-312F1AA3CDA2.svs.parcel

         32,768  31%   46.51kB/s    0:00:01  
        104,499 100%  147.90kB/s    0:00:00 (xfr#645, to-chk=275/11634)
WSI/dataset/TCGA-ESCA/c648bede-6733-45c2-b0d2-95afc961fc04/
WSI/dataset/TCGA-ESCA/c648bede-6733-45c2-b0d2-95afc961fc04/TCGA-L7-A6VZ-01A-01-TS1.ED3A2FBB-69BB-4ED2-BDC9-8915A5C99DA9.svs

         32,768   0%   46.11kB/s    1:09:13  
      6,029,312   3%    1.85MB/s    0:01:38  
    185,991,168  97%   43.11MB/s    0:00:00  
    191,536,761 100%   44.11MB/s    0:00:04 (xfr#646, to-chk=274/11634)
WSI/dataset/TCGA-ESCA/c648bede-6733-45c2-b0d2-95afc961fc04/logs/
WSI/dataset/TCGA-ESCA/c648bede-6733-45c2-b0d2-95afc961fc04/logs/TCGA-L7-A6VZ-01A-01-TS1.ED3A2FBB-69BB-4ED2-BDC9-8915A5C99DA9.svs.parcel

         13,768 100%  433.72kB/s    0:00:00  
         13,768 100%  433.72kB/s    0:00:00 (xfr#647, to-chk=272/11634)
WSI/dataset/TCGA-ESCA/c68a5500-9a4a-4633-ba24-f99335297759/
WSI/dataset/TCGA-ESCA/c68a5500-9a4a-4633-ba24-f99335297759/TCGA-L5-A4OQ-01A-01-TS1.033C476E-E3BA-4483-B999-6DF90EA4B412.svs

         32,768   0%  888.89kB/s    0:06:15  
    119,275,520  35%  113.75MB/s    0:00:01  
    262,963,200  78%  125.45MB/s    0:00:00  
    333,558,519 100%  132.32MB/s    0:00:02 (xfr#648, to-chk=271/11634)
WSI/dataset/TCGA-ESCA/c68a5500-9a4a-4633-ba24-f99335297759/logs/
WSI/dataset/TCGA-ESCA/c68a5500-9a4a-4633-ba24-f99335297759/logs/TCGA-L5-A4OQ-01A-01-TS1.033C476E-E3BA-4483-B999-6DF90EA4B412.svs.parcel

         20,572 100%   49.24kB/s    0:00:00  
         20,572 100%   49.24kB/s    0:00:00 (xfr#649, to-chk=269/11634)
WSI/dataset/TCGA-ESCA/c87ac994-7120-40a4-9bf7-4836381503c5/
WSI/dataset/TCGA-ESCA/c87ac994-7120-40a4-9bf7-4836381503c5/TCGA-V5-AASX-01Z-00-DX1.DBE6A995-4C81-47F6-89E9-FCFFE92190F3.svs

         32,768   0%   77.86kB/s    1:23:14  
     16,285,696   4%   15.53MB/s    0:00:23  
    226,361,344  58%  107.99MB/s    0:00:01  
    388,897,515 100%  127.85MB/s    0:00:02 (xfr#650, to-chk=268/11634)
WSI/dataset/TCGA-ESCA/c87ac994-7120-40a4-9bf7-4836381503c5/logs/
WSI/dataset/TCGA-ESCA/c87ac994-7120-40a4-9bf7-4836381503c5/logs/TCGA-V5-AASX-01Z-00-DX1.DBE6A995-4C81-47F6-89E9-FCFFE92190F3.svs.parcel

         25,108 100%   27.09kB/s    0:00:00  
         25,108 100%   27.09kB/s    0:00:00 (xfr#651, to-chk=266/11634)
WSI/dataset/TCGA-ESCA/c8c9383c-f7aa-46ce-8b79-7ea824591414/
WSI/dataset/TCGA-ESCA/c8c9383c-f7aa-46ce-8b79-7ea824591414/TCGA-LN-A49R-01Z-00-DX1.AD3EE82E-465F-4E6E-8953-342C7F1FD262.svs

         32,768   0%   34.74kB/s    8:20:31  
      5,505,024   0%    5.25MB/s    0:03:13  
    108,134,400  10%   51.59MB/s    0:00:17  
    317,718,528  30%  101.07MB/s    0:00:07  
    475,791,360  45%  113.49MB/s    0:00:04  
    681,967,616  65%  161.32MB/s    0:00:02  
    861,274,112  82%  179.61MB/s    0:00:00  
  1,043,481,318 100%  145.38MB/s    0:00:06 (xfr#652, to-chk=265/11634)
WSI/dataset/TCGA-ESCA/c8c9383c-f7aa-46ce-8b79-7ea824591414/logs/
WSI/dataset/TCGA-ESCA/c8c9383c-f7aa-46ce-8b79-7ea824591414/logs/TCGA-LN-A49R-01Z-00-DX1.AD3EE82E-465F-4E6E-8953-342C7F1FD262.svs.parcel

         32,768  51%   37.69kB/s    0:00:00  
         63,666 100%   72.97kB/s    0:00:00 (xfr#653, to-chk=263/11634)
WSI/dataset/TCGA-ESCA/c8e05fdf-28aa-4c68-aa4e-debc38a611a0/
WSI/dataset/TCGA-ESCA/c8e05fdf-28aa-4c68-aa4e-debc38a611a0/TCGA-L5-A4OE-01Z-00-DX1.D9EA9F53-7455-4EE2-B721-54F0086950F0.svs

         32,768   0%   37.43kB/s   13:07:06  
      5,898,240   0%    2.43MB/s    0:11:48  
    213,385,216  12%   61.37MB/s    0:00:24  
    447,512,576  25%   98.91MB/s    0:00:13  
    655,917,056  37%  117.71MB/s    0:00:09  
    908,623,872  51%  215.39MB/s    0:00:03  
  1,129,447,424  63%  218.57MB/s    0:00:02  
  1,293,418,496  73%  201.78MB/s    0:00:02  
  1,464,467,456  82%  192.87MB/s    0:00:01  
  1,675,132,928  94%  182.80MB/s    0:00:00  
  1,767,557,811 100%  157.85MB/s    0:00:10 (xfr#654, to-chk=262/11634)
WSI/dataset/TCGA-ESCA/c8e05fdf-28aa-4c68-aa4e-debc38a611a0/logs/
WSI/dataset/TCGA-ESCA/c8e05fdf-28aa-4c68-aa4e-debc38a611a0/logs/TCGA-L5-A4OE-01Z-00-DX1.D9EA9F53-7455-4EE2-B721-54F0086950F0.svs.parcel

         32,768  30%   86.49kB/s    0:00:00  
        106,767 100%  280.28kB/s    0:00:00 (xfr#655, to-chk=260/11634)
WSI/dataset/TCGA-ESCA/c9307ddc-6a27-4ff0-b674-c12602e20fa7/
WSI/dataset/TCGA-ESCA/c9307ddc-6a27-4ff0-b674-c12602e20fa7/TCGA-L5-A8NK-11A-01-TS1.62AE797C-F207-4C54-9113-9A5CCAF7353C.svs

         32,768   0%   84.66kB/s    0:12:52  
      3,407,872   5%    1.03MB/s    0:00:59  
     65,410,247 100%   17.35MB/s    0:00:03 (xfr#656, to-chk=259/11634)
WSI/dataset/TCGA-ESCA/c9307ddc-6a27-4ff0-b674-c12602e20fa7/logs/
WSI/dataset/TCGA-ESCA/c9307ddc-6a27-4ff0-b674-c12602e20fa7/logs/TCGA-L5-A8NK-11A-01-TS1.62AE797C-F207-4C54-9113-9A5CCAF7353C.svs.parcel

          4,696 100%   10.74kB/s    0:00:00  
          4,696 100%   10.74kB/s    0:00:00 (xfr#657, to-chk=257/11634)
WSI/dataset/TCGA-ESCA/c93da394-1eab-4aef-ad80-ec80a1c9869d/
WSI/dataset/TCGA-ESCA/c93da394-1eab-4aef-ad80-ec80a1c9869d/TCGA-L5-A8NE-01A-01-TS1.F5D2D2E9-9262-4B08-9C38-D8FAE0E4BEBD.svs

         32,768   0%   74.25kB/s    0:19:08  
     85,269,831 100%   86.33MB/s    0:00:00 (xfr#658, to-chk=256/11634)
WSI/dataset/TCGA-ESCA/c93da394-1eab-4aef-ad80-ec80a1c9869d/logs/
WSI/dataset/TCGA-ESCA/c93da394-1eab-4aef-ad80-ec80a1c9869d/logs/TCGA-L5-A8NE-01A-01-TS1.F5D2D2E9-9262-4B08-9C38-D8FAE0E4BEBD.svs.parcel

          6,964 100%    7.20kB/s    0:00:00  
          6,964 100%    7.20kB/s    0:00:00 (xfr#659, to-chk=254/11634)
WSI/dataset/TCGA-ESCA/cba74d83-0537-41b9-a65c-90b79aab061e/
WSI/dataset/TCGA-ESCA/cba74d83-0537-41b9-a65c-90b79aab061e/TCGA-L5-A4ON-01A-01-TSA.64169B2A-429E-4BBA-8A14-0D91702B23C3.svs

         32,768   0%   33.68kB/s    2:24:15  
      4,718,592   1%    4.50MB/s    0:01:02  
    140,378,112  48%   66.97MB/s    0:00:02  
    291,582,623 100%   94.20MB/s    0:00:02 (xfr#660, to-chk=253/11634)
WSI/dataset/TCGA-ESCA/cba74d83-0537-41b9-a65c-90b79aab061e/logs/
WSI/dataset/TCGA-ESCA/cba74d83-0537-41b9-a65c-90b79aab061e/logs/TCGA-L5-A4ON-01A-01-TSA.64169B2A-429E-4BBA-8A14-0D91702B23C3.svs.parcel

         18,304 100%   18.64kB/s    0:00:00  
         18,304 100%   18.64kB/s    0:00:00 (xfr#661, to-chk=251/11634)
WSI/dataset/TCGA-ESCA/cbab92a1-8027-4223-8000-e404b6c6ef3e/
WSI/dataset/TCGA-ESCA/cbab92a1-8027-4223-8000-e404b6c6ef3e/TCGA-L5-A4OE-11A-01-TS1.1B4E1BF1-AD81-4586-9FC2-436ACFBC03BC.svs

         32,768   0%   33.13kB/s    0:54:26  
      2,883,584   2%    2.75MB/s    0:00:37  
     88,866,816  82%   42.38MB/s    0:00:00  
    108,242,353 100%   49.23MB/s    0:00:02 (xfr#662, to-chk=250/11634)
WSI/dataset/TCGA-ESCA/cbab92a1-8027-4223-8000-e404b6c6ef3e/logs/
WSI/dataset/TCGA-ESCA/cbab92a1-8027-4223-8000-e404b6c6ef3e/logs/TCGA-L5-A4OE-11A-01-TS1.1B4E1BF1-AD81-4586-9FC2-436ACFBC03BC.svs.parcel

          6,964 100%   66.03kB/s    0:00:00  
          6,964 100%   66.03kB/s    0:00:00 (xfr#663, to-chk=248/11634)
WSI/dataset/TCGA-ESCA/cc055317-94d6-42d9-b2ed-6d82751e4e84/
WSI/dataset/TCGA-ESCA/cc055317-94d6-42d9-b2ed-6d82751e4e84/TCGA-JY-A6FA-01Z-00-DX1.F23F28C7-5514-4696-8CA3-30CF367DFEB1.svs

         32,768   0%  299.07kB/s    1:43:45  
    181,665,792   9%  173.25MB/s    0:00:09  
    428,212,224  23%  204.29MB/s    0:00:06  
    641,859,584  34%  204.18MB/s    0:00:05  
    884,604,928  47%  211.06MB/s    0:00:04  
  1,121,845,248  60%  224.32MB/s    0:00:03  
  1,370,882,048  73%  224.92MB/s    0:00:02  
  1,619,525,632  86%  233.27MB/s    0:00:01  
  1,829,634,048  98%  225.43MB/s    0:00:00  
  1,861,755,156 100%  218.39MB/s    0:00:08 (xfr#664, to-chk=247/11634)
WSI/dataset/TCGA-ESCA/cc055317-94d6-42d9-b2ed-6d82751e4e84/logs/
WSI/dataset/TCGA-ESCA/cc055317-94d6-42d9-b2ed-6d82751e4e84/logs/TCGA-JY-A6FA-01Z-00-DX1.F23F28C7-5514-4696-8CA3-30CF367DFEB1.svs.parcel

         32,768  28%  231.88kB/s    0:00:00  
        113,508 100%  791.77kB/s    0:00:00 (xfr#665, to-chk=245/11634)
WSI/dataset/TCGA-ESCA/cc6a5702-de82-4ddc-ada5-093eadcde1a2/
WSI/dataset/TCGA-ESCA/cc6a5702-de82-4ddc-ada5-093eadcde1a2/TCGA-V5-A7RC-01Z-00-DX1.044C13B6-A5D9-4DBB-BD0C-B392BB8A46D5.svs

         32,768   0%  220.69kB/s    1:40:44  
      5,767,168   0%    1.89MB/s    0:11:24  
     95,289,344   7%   23.28MB/s    0:00:51  
    202,375,168  15%   39.36MB/s    0:00:28  
    339,607,552  25%   54.86MB/s    0:00:17  
    445,775,872  33%  104.91MB/s    0:00:08  
    542,441,472  40%  106.64MB/s    0:00:07  
    668,205,056  50%  111.15MB/s    0:00:05  
    771,096,576  57%  102.93MB/s    0:00:05  
    871,235,584  65%  101.46MB/s    0:00:04  
    967,966,720  72%  101.45MB/s    0:00:03  
  1,044,250,624  78%   89.66MB/s    0:00:03  
  1,115,684,864  83%   82.16MB/s    0:00:02  
  1,232,994,304  92%   86.27MB/s    0:00:01  
  1,333,904,772 100%   82.32MB/s    0:00:15 (xfr#666, to-chk=244/11634)
WSI/dataset/TCGA-ESCA/cc6a5702-de82-4ddc-ada5-093eadcde1a2/logs/
WSI/dataset/TCGA-ESCA/cc6a5702-de82-4ddc-ada5-093eadcde1a2/logs/TCGA-V5-A7RC-01Z-00-DX1.044C13B6-A5D9-4DBB-BD0C-B392BB8A46D5.svs.parcel

         32,768  40%   57.35kB/s    0:00:00  
         81,819 100%  142.94kB/s    0:00:00 (xfr#667, to-chk=242/11634)
WSI/dataset/TCGA-ESCA/cc717aa8-fe61-4fa5-abcd-2858031578ca/
WSI/dataset/TCGA-ESCA/cc717aa8-fe61-4fa5-abcd-2858031578ca/TCGA-JY-A93C-01Z-00-DX1.5827ADD2-796F-4CC1-AEBA-B87FDF529FC6.svs

         32,768   0%   56.84kB/s    6:51:14  
      2,490,368   0%  798.95kB/s    0:29:12  
    219,807,744  15%   51.85MB/s    0:00:22  
    453,279,744  32%   85.74MB/s    0:00:10  
    699,006,976  49%  110.35MB/s    0:00:06  
    909,246,464  64%  216.35MB/s    0:00:02  
  1,158,676,480  82%  224.01MB/s    0:00:01  
  1,395,785,728  99%  224.82MB/s    0:00:00  
  1,402,513,554 100%  147.52MB/s    0:00:09 (xfr#668, to-chk=241/11634)
WSI/dataset/TCGA-ESCA/cc717aa8-fe61-4fa5-abcd-2858031578ca/logs/
WSI/dataset/TCGA-ESCA/cc717aa8-fe61-4fa5-abcd-2858031578ca/logs/TCGA-JY-A93C-01Z-00-DX1.5827ADD2-796F-4CC1-AEBA-B87FDF529FC6.svs.parcel

         32,768  37%  914.29kB/s    0:00:00  
         86,355 100%    2.29MB/s    0:00:00 (xfr#669, to-chk=239/11634)
WSI/dataset/TCGA-ESCA/cc90e8ad-b16d-433e-9041-418a7b74bfa8/
WSI/dataset/TCGA-ESCA/cc90e8ad-b16d-433e-9041-418a7b74bfa8/TCGA-L5-A8NM-11A-01-TS1.20C3270A-906B-4D5A-A546-D132F28C8BC9.svs

         32,768   0%  780.49kB/s    0:01:38  
      4,980,736   6%    2.36MB/s    0:00:29  
     77,127,951 100%   30.08MB/s    0:00:02 (xfr#670, to-chk=238/11634)
WSI/dataset/TCGA-ESCA/cc90e8ad-b16d-433e-9041-418a7b74bfa8/logs/
WSI/dataset/TCGA-ESCA/cc90e8ad-b16d-433e-9041-418a7b74bfa8/logs/TCGA-L5-A8NM-11A-01-TS1.20C3270A-906B-4D5A-A546-D132F28C8BC9.svs.parcel

          6,964 100%   15.67kB/s    0:00:00  
          6,964 100%   15.67kB/s    0:00:00 (xfr#671, to-chk=236/11634)
WSI/dataset/TCGA-ESCA/ce15ae0b-149f-4e55-80f2-92458677e8d2/
WSI/dataset/TCGA-ESCA/ce15ae0b-149f-4e55-80f2-92458677e8d2/TCGA-JY-A93E-01Z-00-DX1.ECCA983B-C9EE-4074-A288-A35129C0E0EB.svs

         32,768   0%   72.56kB/s    6:46:56  
    101,974,016   5%   97.25MB/s    0:00:16  
    339,738,624  19%  162.08MB/s    0:00:08  
    541,327,360  30%  172.20MB/s    0:00:06  
    777,125,888  43%  185.37MB/s    0:00:05  
  1,013,186,560  57%  217.36MB/s    0:00:03  
  1,258,422,272  71%  219.20MB/s    0:00:02  
  1,502,740,480  84%  229.39MB/s    0:00:01  
  1,709,047,808  96%  222.35MB/s    0:00:00  
  1,771,782,460 100%  204.29MB/s    0:00:08 (xfr#672, to-chk=235/11634)
WSI/dataset/TCGA-ESCA/ce15ae0b-149f-4e55-80f2-92458677e8d2/logs/
WSI/dataset/TCGA-ESCA/ce15ae0b-149f-4e55-80f2-92458677e8d2/logs/TCGA-JY-A93E-01Z-00-DX1.ECCA983B-C9EE-4074-A288-A35129C0E0EB.svs.parcel

         32,768  30%  114.29kB/s    0:00:00  
        106,767 100%  369.73kB/s    0:00:00 (xfr#673, to-chk=233/11634)
WSI/dataset/TCGA-ESCA/ce2b5d2d-13b9-49d7-9285-8dbed63a86a7/
WSI/dataset/TCGA-ESCA/ce2b5d2d-13b9-49d7-9285-8dbed63a86a7/TCGA-VR-AA7D-01Z-00-DX1.AD494B8B-A938-4C8A-8795-5505B9261F82.svs

         32,768   0%  111.11kB/s    2:13:09  
     10,616,832   1%    3.87MB/s    0:03:41  
    244,449,280  27%   64.49MB/s    0:00:09  
    460,455,936  51%   95.15MB/s    0:00:04  
    695,599,104  78%  118.16MB/s    0:00:01  
    885,260,288  99%  208.69MB/s    0:00:00  
    887,746,277 100%  127.85MB/s    0:00:06 (xfr#674, to-chk=232/11634)
WSI/dataset/TCGA-ESCA/ce2b5d2d-13b9-49d7-9285-8dbed63a86a7/logs/
WSI/dataset/TCGA-ESCA/ce2b5d2d-13b9-49d7-9285-8dbed63a86a7/logs/TCGA-VR-AA7D-01Z-00-DX1.AD494B8B-A938-4C8A-8795-5505B9261F82.svs.parcel

         32,768  60%    3.12MB/s    0:00:00  
         54,592 100%    4.73MB/s    0:00:00 (xfr#675, to-chk=230/11634)
WSI/dataset/TCGA-ESCA/ce3ba947-ed57-484c-ab7c-5eeb3cda8a1f/
WSI/dataset/TCGA-ESCA/ce3ba947-ed57-484c-ab7c-5eeb3cda8a1f/TCGA-IG-A4QT-01Z-00-DX1.0D12438B-B44B-434B-AFA0-9C22F8DB1EE9.svs

         32,768   0%    2.23MB/s    0:05:20  
      8,388,608   1%    6.08MB/s    0:01:56  
    177,471,488  24%   73.11MB/s    0:00:07  
    331,612,160  45%   95.43MB/s    0:00:04  
    468,582,400  63%  103.61MB/s    0:00:02  
    600,047,616  81%  141.13MB/s    0:00:00  
    732,503,915 100%  113.87MB/s    0:00:06 (xfr#676, to-chk=229/11634)
WSI/dataset/TCGA-ESCA/ce3ba947-ed57-484c-ab7c-5eeb3cda8a1f/logs/
WSI/dataset/TCGA-ESCA/ce3ba947-ed57-484c-ab7c-5eeb3cda8a1f/logs/TCGA-IG-A4QT-01Z-00-DX1.0D12438B-B44B-434B-AFA0-9C22F8DB1EE9.svs.parcel

         32,768  71%   38.79kB/s    0:00:00  
         45,520 100%   53.88kB/s    0:00:00 (xfr#677, to-chk=227/11634)
WSI/dataset/TCGA-ESCA/ce51a6ca-7e57-4408-b8c9-3fa4103af6b8/
WSI/dataset/TCGA-ESCA/ce51a6ca-7e57-4408-b8c9-3fa4103af6b8/TCGA-VR-A8EZ-01Z-00-DX1.A76DB954-BA0F-48BB-868F-6A40327C85C1.svs

         32,768   0%   38.46kB/s   11:07:58  
     13,434,880   0%   12.81MB/s    0:01:56  
     26,738,688   1%   12.76MB/s    0:01:55  
    180,912,128  11%   57.55MB/s    0:00:23  
    349,569,024  22%   83.41MB/s    0:00:13  
    507,904,000  32%  117.98MB/s    0:00:08  
    650,379,264  42%  148.80MB/s    0:00:05  
    844,890,112  54%  158.42MB/s    0:00:04  
  1,048,182,784  67%  166.69MB/s    0:00:02  
  1,228,406,784  79%  171.91MB/s    0:00:01  
  1,388,085,248  90%  176.01MB/s    0:00:00  
  1,541,503,249 100%  135.78MB/s    0:00:10 (xfr#678, to-chk=226/11634)
WSI/dataset/TCGA-ESCA/ce51a6ca-7e57-4408-b8c9-3fa4103af6b8/logs/
WSI/dataset/TCGA-ESCA/ce51a6ca-7e57-4408-b8c9-3fa4103af6b8/logs/TCGA-VR-A8EZ-01Z-00-DX1.A76DB954-BA0F-48BB-868F-6A40327C85C1.svs.parcel

         32,768  35%   38.00kB/s    0:00:01  
         93,159 100%  107.92kB/s    0:00:00 (xfr#679, to-chk=224/11634)
WSI/dataset/TCGA-ESCA/ce72e7c9-b940-4064-a146-fd825eca0b67/
WSI/dataset/TCGA-ESCA/ce72e7c9-b940-4064-a146-fd825eca0b67/TCGA-KH-A6WC-01A-01-TS1.4D148BCD-BEB3-4D07-94CB-11AEE2D1DE01.svs

         32,768   0%   37.78kB/s    1:11:03  
      5,636,096   3%    1.70MB/s    0:01:29  
    142,114,816  88%   32.54MB/s    0:00:00  
    161,101,039 100%   36.02MB/s    0:00:04 (xfr#680, to-chk=223/11634)
WSI/dataset/TCGA-ESCA/ce72e7c9-b940-4064-a146-fd825eca0b67/logs/
WSI/dataset/TCGA-ESCA/ce72e7c9-b940-4064-a146-fd825eca0b67/logs/TCGA-KH-A6WC-01A-01-TS1.4D148BCD-BEB3-4D07-94CB-11AEE2D1DE01.svs.parcel

         11,500 100%  110.10kB/s    0:00:00  
         11,500 100%  110.10kB/s    0:00:00 (xfr#681, to-chk=221/11634)
WSI/dataset/TCGA-ESCA/d036b655-2a3a-48ba-b633-fcd683809d91/
WSI/dataset/TCGA-ESCA/d036b655-2a3a-48ba-b633-fcd683809d91/TCGA-2H-A9GR-11A-01-TS1.E1413D33-9D9F-4296-AF11-345D9D625457.svs

         32,768   0%  288.29kB/s    0:06:10  
     75,366,400  70%   70.47MB/s    0:00:00  
    106,819,013 100%   80.34MB/s    0:00:01 (xfr#682, to-chk=220/11634)
WSI/dataset/TCGA-ESCA/d036b655-2a3a-48ba-b633-fcd683809d91/logs/
WSI/dataset/TCGA-ESCA/d036b655-2a3a-48ba-b633-fcd683809d91/logs/TCGA-2H-A9GR-11A-01-TS1.E1413D33-9D9F-4296-AF11-345D9D625457.svs.parcel

          6,964 100%   27.09kB/s    0:00:00  
          6,964 100%   27.09kB/s    0:00:00 (xfr#683, to-chk=218/11634)
WSI/dataset/TCGA-ESCA/d042704b-ed92-4477-a085-e5af76fe6ed5/
WSI/dataset/TCGA-ESCA/d042704b-ed92-4477-a085-e5af76fe6ed5/TCGA-IG-A4QS-01A-01-TSA.DB4B0C0E-A121-4171-ACAD-A4578BD6D842.svs

         32,768   0%  125.00kB/s    0:48:49  
     72,220,672  19%   68.88MB/s    0:00:04  
    214,695,936  58%  102.38MB/s    0:00:01  
    366,259,353 100%  117.49MB/s    0:00:02 (xfr#684, to-chk=217/11634)
WSI/dataset/TCGA-ESCA/d042704b-ed92-4477-a085-e5af76fe6ed5/logs/
WSI/dataset/TCGA-ESCA/d042704b-ed92-4477-a085-e5af76fe6ed5/logs/TCGA-IG-A4QS-01A-01-TSA.DB4B0C0E-A121-4171-ACAD-A4578BD6D842.svs.parcel

         22,840 100%   22.85kB/s    0:00:00  
         22,840 100%   22.85kB/s    0:00:00 (xfr#685, to-chk=215/11634)
WSI/dataset/TCGA-ESCA/d0937951-ea77-478f-9e50-6741828f0ba7/
WSI/dataset/TCGA-ESCA/d0937951-ea77-478f-9e50-6741828f0ba7/TCGA-IG-A3Y9-01Z-00-DX1.830A7D80-F4B1-4A78-B559-92F4461688E1.svs

         32,768   0%   32.69kB/s    6:37:56  
      2,097,152   0%    2.00MB/s    0:06:20  
     81,395,712  10%   38.81MB/s    0:00:17  
    250,609,664  32%   79.69MB/s    0:00:06  
    409,731,072  52%   97.74MB/s    0:00:03  
    564,658,176  72%  134.19MB/s    0:00:01  
    726,433,792  93%  153.87MB/s    0:00:00  
    780,473,701 100%  118.96MB/s    0:00:06 (xfr#686, to-chk=214/11634)
WSI/dataset/TCGA-ESCA/d0937951-ea77-478f-9e50-6741828f0ba7/logs/
WSI/dataset/TCGA-ESCA/d0937951-ea77-478f-9e50-6741828f0ba7/logs/TCGA-IG-A3Y9-01Z-00-DX1.830A7D80-F4B1-4A78-B559-92F4461688E1.svs.parcel

         32,768  68%  120.30kB/s    0:00:00  
         47,788 100%  174.79kB/s    0:00:00 (xfr#687, to-chk=212/11634)
WSI/dataset/TCGA-ESCA/d0a6c4a3-ffad-433b-ad80-e4067ceedf51/
WSI/dataset/TCGA-ESCA/d0a6c4a3-ffad-433b-ad80-e4067ceedf51/TCGA-2H-A9GO-11A-01-TS1.3DA70BB5-2793-45BF-9372-AFA72ECDFFD7.svs

         32,768   0%  117.65kB/s    0:08:53  
      3,801,088   6%    2.35MB/s    0:00:24  
     62,742,895 100%   30.48MB/s    0:00:01 (xfr#688, to-chk=211/11634)
WSI/dataset/TCGA-ESCA/d0a6c4a3-ffad-433b-ad80-e4067ceedf51/logs/
WSI/dataset/TCGA-ESCA/d0a6c4a3-ffad-433b-ad80-e4067ceedf51/logs/TCGA-2H-A9GO-11A-01-TS1.3DA70BB5-2793-45BF-9372-AFA72ECDFFD7.svs.parcel

          4,696 100%   10.82kB/s    0:00:00  
          4,696 100%   10.82kB/s    0:00:00 (xfr#689, to-chk=209/11634)
WSI/dataset/TCGA-ESCA/d3be5d0b-2c4c-4f5b-993a-d21fccdac6c5/
WSI/dataset/TCGA-ESCA/d3be5d0b-2c4c-4f5b-993a-d21fccdac6c5/TCGA-LN-A9FQ-01A-03-TSC.6C317598-88D5-4C70-8F98-437C779A3295.svs

         32,768   0%   74.94kB/s    0:42:13  
     54,558,720  28%   52.03MB/s    0:00:02  
    189,877,421 100%  103.65MB/s    0:00:01 (xfr#690, to-chk=208/11634)
WSI/dataset/TCGA-ESCA/d3be5d0b-2c4c-4f5b-993a-d21fccdac6c5/logs/
WSI/dataset/TCGA-ESCA/d3be5d0b-2c4c-4f5b-993a-d21fccdac6c5/logs/TCGA-LN-A9FQ-01A-03-TSC.6C317598-88D5-4C70-8F98-437C779A3295.svs.parcel

         13,768 100%   17.93kB/s    0:00:00  
         13,768 100%   17.93kB/s    0:00:00 (xfr#691, to-chk=206/11634)
WSI/dataset/TCGA-ESCA/d4151f9e-3378-40c8-8402-3a64650c4578/
WSI/dataset/TCGA-ESCA/d4151f9e-3378-40c8-8402-3a64650c4578/TCGA-L5-A893-11A-02-TS2.8C2512DF-A5B4-4DA2-98B5-32E6CFED7CB3.svs

         32,768   0%   42.50kB/s    0:29:47  
      4,980,736   6%    4.46MB/s    0:00:15  
     76,001,277 100%   48.68MB/s    0:00:01 (xfr#692, to-chk=205/11634)
WSI/dataset/TCGA-ESCA/d4151f9e-3378-40c8-8402-3a64650c4578/logs/
WSI/dataset/TCGA-ESCA/d4151f9e-3378-40c8-8402-3a64650c4578/logs/TCGA-L5-A893-11A-02-TS2.8C2512DF-A5B4-4DA2-98B5-32E6CFED7CB3.svs.parcel

          6,964 100%   15.93kB/s    0:00:00  
          6,964 100%   15.93kB/s    0:00:00 (xfr#693, to-chk=203/11634)
WSI/dataset/TCGA-ESCA/d470f2c4-8245-4f7f-a6e8-f52123bac6cd/
WSI/dataset/TCGA-ESCA/d470f2c4-8245-4f7f-a6e8-f52123bac6cd/TCGA-L5-A8NU-01A-01-TS1.815B7D2D-63CB-49FC-9E2B-7681BC87AAF4.svs

         32,768   0%   74.07kB/s    0:43:02  
     73,957,376  38%   70.53MB/s    0:00:01  
    191,294,557 100%  110.36MB/s    0:00:01 (xfr#694, to-chk=202/11634)
WSI/dataset/TCGA-ESCA/d470f2c4-8245-4f7f-a6e8-f52123bac6cd/logs/
WSI/dataset/TCGA-ESCA/d470f2c4-8245-4f7f-a6e8-f52123bac6cd/logs/TCGA-L5-A8NU-01A-01-TS1.815B7D2D-63CB-49FC-9E2B-7681BC87AAF4.svs.parcel

         13,768 100%   20.46kB/s    0:00:00  
         13,768 100%   20.46kB/s    0:00:00 (xfr#695, to-chk=200/11634)
WSI/dataset/TCGA-ESCA/d4838848-adb2-4378-a2ff-7b29c5230673/
WSI/dataset/TCGA-ESCA/d4838848-adb2-4378-a2ff-7b29c5230673/TCGA-JY-A93F-01Z-00-DX1.8DCF766B-0B3F-4B4C-8FD3-8378BECD2C9C.svs

         32,768   0%   48.27kB/s    8:51:01  
      2,883,584   0%    2.75MB/s    0:09:05  
    258,211,840  16%  123.19MB/s    0:00:10  
    490,078,208  31%  155.90MB/s    0:00:06  
    730,595,328  47%  174.27MB/s    0:00:04  
    944,013,312  61%  224.50MB/s    0:00:02  
  1,189,347,328  77%  222.11MB/s    0:00:01  
  1,419,640,832  92%  221.74MB/s    0:00:00  
  1,537,822,220 100%  195.02MB/s    0:00:07 (xfr#696, to-chk=199/11634)
WSI/dataset/TCGA-ESCA/d4838848-adb2-4378-a2ff-7b29c5230673/logs/
WSI/dataset/TCGA-ESCA/d4838848-adb2-4378-a2ff-7b29c5230673/logs/TCGA-JY-A93F-01Z-00-DX1.8DCF766B-0B3F-4B4C-8FD3-8378BECD2C9C.svs.parcel

         32,768  35%   60.38kB/s    0:00:01  
         93,159 100%  171.33kB/s    0:00:00 (xfr#697, to-chk=197/11634)
WSI/dataset/TCGA-ESCA/d6271a15-a783-40b2-851b-4e20dc57c085/
WSI/dataset/TCGA-ESCA/d6271a15-a783-40b2-851b-4e20dc57c085/TCGA-ZR-A9CJ-01B-01-TS1.EB81C341-A411-4FB7-B942-DCC9F722EA0B.svs

         32,768   0%   59.59kB/s    1:02:22  
     10,223,616   4%    3.21MB/s    0:01:04  
    189,562,880  84%   44.83MB/s    0:00:00  
    223,029,391 100%   50.99MB/s    0:00:04 (xfr#698, to-chk=196/11634)
WSI/dataset/TCGA-ESCA/d6271a15-a783-40b2-851b-4e20dc57c085/logs/
WSI/dataset/TCGA-ESCA/d6271a15-a783-40b2-851b-4e20dc57c085/logs/TCGA-ZR-A9CJ-01B-01-TS1.EB81C341-A411-4FB7-B942-DCC9F722EA0B.svs.parcel

         13,768 100%   94.69kB/s    0:00:00  
         13,768 100%   94.69kB/s    0:00:00 (xfr#699, to-chk=194/11634)
WSI/dataset/TCGA-ESCA/d7f51398-ad49-4351-8825-09a046236614/
WSI/dataset/TCGA-ESCA/d7f51398-ad49-4351-8825-09a046236614/TCGA-LN-A49Y-01A-01-TSA.BE75A0E5-29C6-4195-9002-BCE46374EAF3.svs

         32,768   0%  210.53kB/s    0:15:12  
     56,492,032  29%   53.88MB/s    0:00:02  
    154,009,600  80%   73.44MB/s    0:00:00  
    192,088,751 100%   80.42MB/s    0:00:02 (xfr#700, to-chk=193/11634)
WSI/dataset/TCGA-ESCA/d7f51398-ad49-4351-8825-09a046236614/logs/
WSI/dataset/TCGA-ESCA/d7f51398-ad49-4351-8825-09a046236614/logs/.parcel_a1efezzt

              0 100%    0.00kB/s    0:00:00 (xfr#701, to-chk=191/11634)
WSI/dataset/TCGA-ESCA/d7f51398-ad49-4351-8825-09a046236614/logs/TCGA-LN-A49Y-01A-01-TSA.BE75A0E5-29C6-4195-9002-BCE46374EAF3.svs.parcel

         13,768 100%   47.68kB/s    0:00:00  
         13,768 100%   47.68kB/s    0:00:00 (xfr#702, to-chk=190/11634)
WSI/dataset/TCGA-ESCA/d8837abb-b84b-4e5b-ba1a-efd896dc09bb/
WSI/dataset/TCGA-ESCA/d8837abb-b84b-4e5b-ba1a-efd896dc09bb/TCGA-XP-A8T7-01A-01-TS1.FF2591BF-21D9-4DAB-A424-3DE4FA1D5DC3.svs

         32,768   0%  111.89kB/s    0:43:00  
     48,758,784  16%   46.50MB/s    0:00:05  
    176,291,840  61%   84.10MB/s    0:00:01  
    288,784,307 100%   93.80MB/s    0:00:02 (xfr#703, to-chk=189/11634)
WSI/dataset/TCGA-ESCA/d8837abb-b84b-4e5b-ba1a-efd896dc09bb/logs/
WSI/dataset/TCGA-ESCA/d8837abb-b84b-4e5b-ba1a-efd896dc09bb/logs/TCGA-XP-A8T7-01A-01-TS1.FF2591BF-21D9-4DAB-A424-3DE4FA1D5DC3.svs.parcel

         18,304 100%   18.98kB/s    0:00:00  
         18,304 100%   18.98kB/s    0:00:00 (xfr#704, to-chk=187/11634)
WSI/dataset/TCGA-ESCA/d987f630-0cde-478d-bbfb-c5b88e093cb6/
WSI/dataset/TCGA-ESCA/d987f630-0cde-478d-bbfb-c5b88e093cb6/TCGA-V5-A7RB-01A-01-TS1.E15E526C-1FE4-48ED-8AD5-4552CE29DB2B.svs

         32,768   0%   33.83kB/s    0:51:48  
      4,489,216   4%    4.28MB/s    0:00:22  
    105,193,865 100%   52.83MB/s    0:00:01 (xfr#705, to-chk=186/11634)
WSI/dataset/TCGA-ESCA/d987f630-0cde-478d-bbfb-c5b88e093cb6/logs/
WSI/dataset/TCGA-ESCA/d987f630-0cde-478d-bbfb-c5b88e093cb6/logs/TCGA-V5-A7RB-01A-01-TS1.E15E526C-1FE4-48ED-8AD5-4552CE29DB2B.svs.parcel

          6,964 100%    7.54kB/s    0:00:00  
          6,964 100%    7.54kB/s    0:00:00 (xfr#706, to-chk=184/11634)
WSI/dataset/TCGA-ESCA/da92a480-763b-4dbc-b4be-20bf994a6298/
WSI/dataset/TCGA-ESCA/da92a480-763b-4dbc-b4be-20bf994a6298/TCGA-XP-A8T7-01Z-00-DX1.D9AF7974-B595-46C7-8143-D6709F2651BE.svs

         32,768   0%   35.36kB/s   13:23:59  
      6,586,368   0%    6.27MB/s    0:04:24  
    173,539,328  10%   82.75MB/s    0:00:18  
    396,099,584  23%  125.92MB/s    0:00:10  
    610,140,160  35%  145.47MB/s    0:00:07  
    826,146,816  48%  195.55MB/s    0:00:04  
  1,028,915,200  60%  204.09MB/s    0:00:03  
  1,210,580,992  70%  194.28MB/s    0:00:02  
  1,409,548,288  82%  190.69MB/s    0:00:01  
  1,599,471,616  93%  184.47MB/s    0:00:00  
  1,705,724,789 100%  171.32MB/s    0:00:09 (xfr#707, to-chk=183/11634)
WSI/dataset/TCGA-ESCA/da92a480-763b-4dbc-b4be-20bf994a6298/logs/
WSI/dataset/TCGA-ESCA/da92a480-763b-4dbc-b4be-20bf994a6298/logs/TCGA-XP-A8T7-01Z-00-DX1.D9AF7974-B595-46C7-8143-D6709F2651BE.svs.parcel

         32,768  31%   63.75kB/s    0:00:01  
        104,499 100%  202.48kB/s    0:00:00 (xfr#708, to-chk=181/11634)
WSI/dataset/TCGA-ESCA/db1181c0-cd99-4fe5-a55e-1811253f1a98/
WSI/dataset/TCGA-ESCA/db1181c0-cd99-4fe5-a55e-1811253f1a98/TCGA-LN-A49Y-01Z-00-DX1.AD2B54DA-A898-4B0F-AD03-6DE728D29465.svs

         32,768   0%   62.75kB/s    1:54:24  
      6,684,672   1%    2.00MB/s    0:03:27  
    213,417,984  49%   48.62MB/s    0:00:04  
    367,919,104  85%   67.66MB/s    0:00:00  
    430,733,440 100%   74.78MB/s    0:00:05 (xfr#709, to-chk=180/11634)
WSI/dataset/TCGA-ESCA/db1181c0-cd99-4fe5-a55e-1811253f1a98/logs/
WSI/dataset/TCGA-ESCA/db1181c0-cd99-4fe5-a55e-1811253f1a98/logs/TCGA-LN-A49Y-01Z-00-DX1.AD2B54DA-A898-4B0F-AD03-6DE728D29465.svs.parcel

         27,376 100%   85.96kB/s    0:00:00  
         27,376 100%   85.96kB/s    0:00:00 (xfr#710, to-chk=178/11634)
WSI/dataset/TCGA-ESCA/db2f58f4-70c9-4ebb-a415-2c842f287a34/
WSI/dataset/TCGA-ESCA/db2f58f4-70c9-4ebb-a415-2c842f287a34/TCGA-IG-A3YA-01Z-00-DX1.C2A7B316-44E0-4CA3-B76A-241C61BFE492.svs

         32,768   0%  101.59kB/s    3:25:01  
     22,282,240   1%   21.25MB/s    0:00:56  
    183,631,872  14%   85.64MB/s    0:00:12  
    358,645,760  28%  112.36MB/s    0:00:07  
    546,078,720  43%  128.81MB/s    0:00:05  
    715,522,048  57%  163.52MB/s    0:00:03  
    902,430,720  72%  171.50MB/s    0:00:01  
  1,068,007,424  85%  169.25MB/s    0:00:01  
  1,249,670,547 100%  151.36MB/s    0:00:07 (xfr#711, to-chk=177/11634)
WSI/dataset/TCGA-ESCA/db2f58f4-70c9-4ebb-a415-2c842f287a34/logs/
WSI/dataset/TCGA-ESCA/db2f58f4-70c9-4ebb-a415-2c842f287a34/logs/TCGA-IG-A3YA-01Z-00-DX1.C2A7B316-44E0-4CA3-B76A-241C61BFE492.svs.parcel

         32,768  42%   38.14kB/s    0:00:01  
         77,283 100%   89.85kB/s    0:00:00 (xfr#712, to-chk=175/11634)
WSI/dataset/TCGA-ESCA/db462367-51c5-4fe9-ad60-32f1a1937508/
WSI/dataset/TCGA-ESCA/db462367-51c5-4fe9-ad60-32f1a1937508/TCGA-LN-A49K-01A-01-TSA.1413DC2A-F5F5-4EF3-BBF0-AF8E380F5A5F.svs

         32,768   0%   37.87kB/s    1:18:50  
      7,864,320   4%    2.59MB/s    0:01:04  
    145,883,136  81%   35.69MB/s    0:00:00  
    179,191,649 100%   41.67MB/s    0:00:04 (xfr#713, to-chk=174/11634)
WSI/dataset/TCGA-ESCA/db462367-51c5-4fe9-ad60-32f1a1937508/logs/
WSI/dataset/TCGA-ESCA/db462367-51c5-4fe9-ad60-32f1a1937508/logs/TCGA-LN-A49K-01A-01-TSA.1413DC2A-F5F5-4EF3-BBF0-AF8E380F5A5F.svs.parcel

         11,500 100%   54.52kB/s    0:00:00  
         11,500 100%   54.52kB/s    0:00:00 (xfr#714, to-chk=172/11634)
WSI/dataset/TCGA-ESCA/dbc56e53-8363-4835-9ff8-5dc0f23d875b/
WSI/dataset/TCGA-ESCA/dbc56e53-8363-4835-9ff8-5dc0f23d875b/TCGA-IG-A4QT-01A-02-TSB.1C9C82A8-A647-4FCD-9CDB-5CB6D957DF55.svs

         32,768   0%  153.11kB/s    0:16:23  
     54,525,952  36%   49.20MB/s    0:00:01  
    150,581,055 100%   81.32MB/s    0:00:01 (xfr#715, to-chk=171/11634)
WSI/dataset/TCGA-ESCA/dbc56e53-8363-4835-9ff8-5dc0f23d875b/logs/
WSI/dataset/TCGA-ESCA/dbc56e53-8363-4835-9ff8-5dc0f23d875b/logs/TCGA-IG-A4QT-01A-02-TSB.1C9C82A8-A647-4FCD-9CDB-5CB6D957DF55.svs.parcel

          9,232 100%   12.68kB/s    0:00:00  
          9,232 100%   12.68kB/s    0:00:00 (xfr#716, to-chk=169/11634)
WSI/dataset/TCGA-ESCA/dc24a85d-e7c5-4b6a-b291-553d8cabbfac/
WSI/dataset/TCGA-ESCA/dc24a85d-e7c5-4b6a-b291-553d8cabbfac/TCGA-Z6-A9VB-01Z-00-DX1.D35A32ED-DFEE-4070-9542-F91726BDB6A2.svs

         32,768   0%   44.82kB/s    3:38:35  
     11,010,048   1%   10.50MB/s    0:00:53  
    233,603,072  39%  111.45MB/s    0:00:03  
    463,470,592  78%  147.43MB/s    0:00:00  
    587,843,095 100%  157.12MB/s    0:00:03 (xfr#717, to-chk=168/11634)
WSI/dataset/TCGA-ESCA/dc24a85d-e7c5-4b6a-b291-553d8cabbfac/logs/
WSI/dataset/TCGA-ESCA/dc24a85d-e7c5-4b6a-b291-553d8cabbfac/logs/TCGA-Z6-A9VB-01Z-00-DX1.D35A32ED-DFEE-4070-9542-F91726BDB6A2.svs.parcel

         32,768  89%   55.85kB/s    0:00:00  
         36,448 100%   62.01kB/s    0:00:00 (xfr#718, to-chk=166/11634)
WSI/dataset/TCGA-ESCA/dc7d41c8-e80a-4fd6-b739-1730b905a5e2/
WSI/dataset/TCGA-ESCA/dc7d41c8-e80a-4fd6-b739-1730b905a5e2/TCGA-JY-A6FG-01Z-00-DX1.955E1D71-77E6-41A1-9283-949290A82DB4.svs

         32,768   0%   55.36kB/s   12:43:19  
      2,359,296   0%    1.44MB/s    0:28:35  
    247,758,848   9%   92.33MB/s    0:00:24  
    469,762,048  18%  125.17MB/s    0:00:16  
    698,875,904  27%  145.59MB/s    0:00:12  
    922,877,952  36%  218.54MB/s    0:00:07  
  1,161,560,064  45%  216.95MB/s    0:00:06  
  1,387,921,408  54%  219.07MB/s    0:00:05  
  1,596,719,104  62%  214.22MB/s    0:00:04  
  1,842,937,856  72%  219.52MB/s    0:00:03  
  2,082,603,008  82%  219.76MB/s    0:00:02  
  2,318,663,680  91%  222.07MB/s    0:00:00  
  2,535,672,318 100%  194.28MB/s    0:00:12 (xfr#719, to-chk=165/11634)
WSI/dataset/TCGA-ESCA/dc7d41c8-e80a-4fd6-b739-1730b905a5e2/logs/
WSI/dataset/TCGA-ESCA/dc7d41c8-e80a-4fd6-b739-1730b905a5e2/logs/TCGA-JY-A6FG-01Z-00-DX1.955E1D71-77E6-41A1-9283-949290A82DB4.svs.parcel

         32,768  21%   36.41kB/s    0:00:03  
        155,912 100%  172.82kB/s    0:00:00 (xfr#720, to-chk=163/11634)
WSI/dataset/TCGA-ESCA/ddfa63cc-c5c3-4aba-a875-e8739a523f4d/
WSI/dataset/TCGA-ESCA/ddfa63cc-c5c3-4aba-a875-e8739a523f4d/TCGA-LN-A7HZ-01A-03-TSC.E0AA78FE-2D29-466D-900D-57BDC01ABEF9.svs

         32,768   0%   36.08kB/s    1:47:35  
      6,029,312   2%    1.17MB/s    0:03:09  
    146,669,568  62%   23.39MB/s    0:00:03  
    232,926,355 100%   33.37MB/s    0:00:06 (xfr#721, to-chk=162/11634)
WSI/dataset/TCGA-ESCA/ddfa63cc-c5c3-4aba-a875-e8739a523f4d/logs/
WSI/dataset/TCGA-ESCA/ddfa63cc-c5c3-4aba-a875-e8739a523f4d/logs/TCGA-LN-A7HZ-01A-03-TSC.E0AA78FE-2D29-466D-900D-57BDC01ABEF9.svs.parcel

         16,036 100%   23.06kB/s    0:00:00  
         16,036 100%   23.06kB/s    0:00:00 (xfr#722, to-chk=160/11634)
WSI/dataset/TCGA-ESCA/de58cdc5-56ae-4002-a42d-f92a0325af54/
WSI/dataset/TCGA-ESCA/de58cdc5-56ae-4002-a42d-f92a0325af54/TCGA-2H-A9GL-01A-01-TSA.3BA07320-DA3B-4495-B9C5-78ECF89A4E19.svs

         32,768   0%   46.85kB/s    1:00:35  
      8,126,464   4%    7.09MB/s    0:00:22  
    151,388,160  88%   69.01MB/s    0:00:00  
    170,380,977 100%   74.88MB/s    0:00:02 (xfr#723, to-chk=159/11634)
WSI/dataset/TCGA-ESCA/de58cdc5-56ae-4002-a42d-f92a0325af54/logs/
WSI/dataset/TCGA-ESCA/de58cdc5-56ae-4002-a42d-f92a0325af54/logs/TCGA-2H-A9GL-01A-01-TSA.3BA07320-DA3B-4495-B9C5-78ECF89A4E19.svs.parcel

         11,500 100%  138.65kB/s    0:00:00  
         11,500 100%  138.65kB/s    0:00:00 (xfr#724, to-chk=157/11634)
WSI/dataset/TCGA-ESCA/de9a4763-bde4-49d9-9f1f-1818ef19d831/
WSI/dataset/TCGA-ESCA/de9a4763-bde4-49d9-9f1f-1818ef19d831/TCGA-LN-A49P-01A-01-TSA.81A0B7FE-5536-45BC-8462-374419DCA856.svs

         32,768   0%  376.47kB/s    0:11:55  
     65,536,000  24%   62.50MB/s    0:00:03  
    217,972,736  80%  103.99MB/s    0:00:00  
    269,275,183 100%  111.36MB/s    0:00:02 (xfr#725, to-chk=156/11634)
WSI/dataset/TCGA-ESCA/de9a4763-bde4-49d9-9f1f-1818ef19d831/logs/
WSI/dataset/TCGA-ESCA/de9a4763-bde4-49d9-9f1f-1818ef19d831/logs/TCGA-LN-A49P-01A-01-TSA.81A0B7FE-5536-45BC-8462-374419DCA856.svs.parcel

         18,304 100%   57.48kB/s    0:00:00  
         18,304 100%   57.48kB/s    0:00:00 (xfr#726, to-chk=154/11634)
WSI/dataset/TCGA-ESCA/deca3e62-8664-48e3-81a3-dc61fc4554d2/
WSI/dataset/TCGA-ESCA/deca3e62-8664-48e3-81a3-dc61fc4554d2/TCGA-2H-A9GI-01A-01-TSA.10BB401B-144B-498C-954A-EF6D41DF6CFC.svs

         32,768   0%  101.59kB/s    0:36:29  
     32,636,928  14%   31.12MB/s    0:00:05  
    155,582,464  69%   74.19MB/s    0:00:00  
    222,487,115 100%   86.43MB/s    0:00:02 (xfr#727, to-chk=153/11634)
WSI/dataset/TCGA-ESCA/deca3e62-8664-48e3-81a3-dc61fc4554d2/logs/
WSI/dataset/TCGA-ESCA/deca3e62-8664-48e3-81a3-dc61fc4554d2/logs/TCGA-2H-A9GI-01A-01-TSA.10BB401B-144B-498C-954A-EF6D41DF6CFC.svs.parcel

         13,768 100%   29.42kB/s    0:00:00  
         13,768 100%   29.42kB/s    0:00:00 (xfr#728, to-chk=151/11634)
WSI/dataset/TCGA-ESCA/def0f55b-05c7-4517-bc22-ef9afc38d71a/
WSI/dataset/TCGA-ESCA/def0f55b-05c7-4517-bc22-ef9afc38d71a/TCGA-L5-A8NF-01A-01-TS1.C4EB319B-0C0F-48A1-99F0-B26A7EDD659E.svs

         32,768   0%   69.41kB/s    1:35:47  
     34,865,152   8%   33.25MB/s    0:00:10  
    206,602,240  51%   98.52MB/s    0:00:01  
    333,709,312  83%  106.12MB/s    0:00:00  
    399,011,229 100%  114.55MB/s    0:00:03 (xfr#729, to-chk=150/11634)
WSI/dataset/TCGA-ESCA/def0f55b-05c7-4517-bc22-ef9afc38d71a/logs/
WSI/dataset/TCGA-ESCA/def0f55b-05c7-4517-bc22-ef9afc38d71a/logs/TCGA-L5-A8NF-01A-01-TS1.C4EB319B-0C0F-48A1-99F0-B26A7EDD659E.svs.parcel

         25,108 100%   75.21kB/s    0:00:00  
         25,108 100%   75.21kB/s    0:00:00 (xfr#730, to-chk=148/11634)
WSI/dataset/TCGA-ESCA/e0222b98-85de-4522-92db-88b4159ce8d5/
WSI/dataset/TCGA-ESCA/e0222b98-85de-4522-92db-88b4159ce8d5/TCGA-IG-A8O2-01A-01-TSA.9EEBA012-48B5-43E5-A154-D082B21D3B75.svs

         32,768   0%   96.97kB/s    0:26:08  
      8,126,464   5%    7.74MB/s    0:00:18  
    152,092,635 100%   78.23MB/s    0:00:01 (xfr#731, to-chk=147/11634)
WSI/dataset/TCGA-ESCA/e0222b98-85de-4522-92db-88b4159ce8d5/logs/
WSI/dataset/TCGA-ESCA/e0222b98-85de-4522-92db-88b4159ce8d5/logs/TCGA-IG-A8O2-01A-01-TSA.9EEBA012-48B5-43E5-A154-D082B21D3B75.svs.parcel

         11,500 100%   13.14kB/s    0:00:00  
         11,500 100%   13.14kB/s    0:00:00 (xfr#732, to-chk=145/11634)
WSI/dataset/TCGA-ESCA/e1119977-d2eb-4744-8088-0e8006a11794/
WSI/dataset/TCGA-ESCA/e1119977-d2eb-4744-8088-0e8006a11794/TCGA-L5-A4OW-11A-01-TS1.531D7EA5-0F52-4E70-AAE0-5E426D87F398.svs

         32,768   0%   37.30kB/s    0:38:54  
      5,373,952   6%    4.69MB/s    0:00:17  
     87,114,577 100%   50.60MB/s    0:00:01 (xfr#733, to-chk=144/11634)
WSI/dataset/TCGA-ESCA/e1119977-d2eb-4744-8088-0e8006a11794/logs/
WSI/dataset/TCGA-ESCA/e1119977-d2eb-4744-8088-0e8006a11794/logs/TCGA-L5-A4OW-11A-01-TS1.531D7EA5-0F52-4E70-AAE0-5E426D87F398.svs.parcel

          6,964 100%   12.34kB/s    0:00:00  
          6,964 100%   12.34kB/s    0:00:00 (xfr#734, to-chk=142/11634)
WSI/dataset/TCGA-ESCA/e26534ef-e374-4027-bbba-51a4fc9cc874/
WSI/dataset/TCGA-ESCA/e26534ef-e374-4027-bbba-51a4fc9cc874/TCGA-L5-A88Y-11A-01-TS1.5B1228CB-8958-43D3-92B2-912A015905C7.svs

         32,768   0%   57.76kB/s    0:20:56  
     67,633,152  93%   64.50MB/s    0:00:00  
     72,604,399 100%   67.95MB/s    0:00:01 (xfr#735, to-chk=141/11634)
WSI/dataset/TCGA-ESCA/e26534ef-e374-4027-bbba-51a4fc9cc874/logs/
WSI/dataset/TCGA-ESCA/e26534ef-e374-4027-bbba-51a4fc9cc874/logs/TCGA-L5-A88Y-11A-01-TS1.5B1228CB-8958-43D3-92B2-912A015905C7.svs.parcel

          4,696 100%  191.08kB/s    0:00:00  
          4,696 100%  191.08kB/s    0:00:00 (xfr#736, to-chk=139/11634)
WSI/dataset/TCGA-ESCA/e2a873ef-535b-4d4c-be97-0e9be9a4cdf1/
WSI/dataset/TCGA-ESCA/e2a873ef-535b-4d4c-be97-0e9be9a4cdf1/TCGA-Z6-A8JD-01Z-00-DX1.6BB5BC5F-B96F-4548-96E8-84891F36B0B3.svs

         32,768   0%    1.04MB/s    0:11:26  
    168,034,304  22%  160.25MB/s    0:00:03  
    404,619,264  55%  193.03MB/s    0:00:01  
    607,387,648  82%  193.21MB/s    0:00:00  
    732,535,273 100%  193.09MB/s    0:00:03 (xfr#737, to-chk=138/11634)
WSI/dataset/TCGA-ESCA/e2a873ef-535b-4d4c-be97-0e9be9a4cdf1/logs/
WSI/dataset/TCGA-ESCA/e2a873ef-535b-4d4c-be97-0e9be9a4cdf1/logs/TCGA-Z6-A8JD-01Z-00-DX1.6BB5BC5F-B96F-4548-96E8-84891F36B0B3.svs.parcel

         32,768  71%   51.45kB/s    0:00:00  
         45,520 100%   71.35kB/s    0:00:00 (xfr#738, to-chk=136/11634)
WSI/dataset/TCGA-ESCA/e3a2bc2a-70c4-472b-98db-5839b8d35d50/
WSI/dataset/TCGA-ESCA/e3a2bc2a-70c4-472b-98db-5839b8d35d50/TCGA-L5-A8NG-01A-01-TS1.6DB47186-3B67-4B3B-A655-DC1538272E6D.svs

         32,768   0%   51.04kB/s    1:32:43  
      8,781,824   3%    4.73MB/s    0:00:56  
    186,941,440  65%   64.38MB/s    0:00:01  
    283,981,785 100%   83.00MB/s    0:00:03 (xfr#739, to-chk=135/11634)
WSI/dataset/TCGA-ESCA/e3a2bc2a-70c4-472b-98db-5839b8d35d50/logs/
WSI/dataset/TCGA-ESCA/e3a2bc2a-70c4-472b-98db-5839b8d35d50/logs/TCGA-L5-A8NG-01A-01-TS1.6DB47186-3B67-4B3B-A655-DC1538272E6D.svs.parcel

         18,304 100%   35.97kB/s    0:00:00  
         18,304 100%   35.97kB/s    0:00:00 (xfr#740, to-chk=133/11634)
WSI/dataset/TCGA-ESCA/e3ef1125-2557-4c3c-bf84-543b1f9e6b3a/
WSI/dataset/TCGA-ESCA/e3ef1125-2557-4c3c-bf84-543b1f9e6b3a/TCGA-L5-A4OQ-11A-01-TS1.CE60C82C-DFC5-4578-9B6A-296255BBA3B1.svs

         32,768   0%   64.00kB/s    0:21:08  
     12,189,696  15%   11.62MB/s    0:00:05  
     81,219,155 100%   50.92MB/s    0:00:01 (xfr#741, to-chk=132/11634)
WSI/dataset/TCGA-ESCA/e3ef1125-2557-4c3c-bf84-543b1f9e6b3a/logs/
WSI/dataset/TCGA-ESCA/e3ef1125-2557-4c3c-bf84-543b1f9e6b3a/logs/TCGA-L5-A4OQ-11A-01-TS1.CE60C82C-DFC5-4578-9B6A-296255BBA3B1.svs.parcel

          6,964 100%   12.98kB/s    0:00:00  
          6,964 100%   12.98kB/s    0:00:00 (xfr#742, to-chk=130/11634)
WSI/dataset/TCGA-ESCA/e4b6e830-a308-4262-96b1-4a17b7ce801b/
WSI/dataset/TCGA-ESCA/e4b6e830-a308-4262-96b1-4a17b7ce801b/TCGA-2H-A9GL-01Z-00-DX1.8560DF40-122E-4E7F-B2B8-C77769F88ECC.svs

         32,768   0%   59.81kB/s    5:07:02  
     53,608,448   4%   51.12MB/s    0:00:20  
    201,981,952  18%   96.31MB/s    0:00:09  
    340,295,680  30%  108.21MB/s    0:00:06  
    508,297,216  46%  121.25MB/s    0:00:04  
    678,952,960  61%  149.17MB/s    0:00:02  
    840,433,664  76%  152.33MB/s    0:00:01  
  1,002,569,728  90%  158.02MB/s    0:00:00  
  1,101,920,767 100%  139.15MB/s    0:00:07 (xfr#743, to-chk=129/11634)
WSI/dataset/TCGA-ESCA/e4b6e830-a308-4262-96b1-4a17b7ce801b/logs/
WSI/dataset/TCGA-ESCA/e4b6e830-a308-4262-96b1-4a17b7ce801b/logs/TCGA-2H-A9GL-01Z-00-DX1.8560DF40-122E-4E7F-B2B8-C77769F88ECC.svs.parcel

         32,768  48%   57.25kB/s    0:00:00  
         68,211 100%  118.95kB/s    0:00:00 (xfr#744, to-chk=127/11634)
WSI/dataset/TCGA-ESCA/e52e12be-7601-46d2-91ea-6f171da4671b/
WSI/dataset/TCGA-ESCA/e52e12be-7601-46d2-91ea-6f171da4671b/TCGA-LN-A8I1-01Z-00-DX1.F2C4FBC3-1FFA-45E9-9483-C3F1B2B7EF2D.svs

         32,768   0%   56.44kB/s    3:50:54  
      8,519,680   1%    3.64MB/s    0:03:27  
    200,146,944  25%   59.11MB/s    0:00:09  
    418,250,752  53%   94.34MB/s    0:00:03  
    655,654,912  83%  119.60MB/s    0:00:01  
    781,967,159 100%  128.55MB/s    0:00:05 (xfr#745, to-chk=126/11634)
WSI/dataset/TCGA-ESCA/e52e12be-7601-46d2-91ea-6f171da4671b/logs/
WSI/dataset/TCGA-ESCA/e52e12be-7601-46d2-91ea-6f171da4671b/logs/TCGA-LN-A8I1-01Z-00-DX1.F2C4FBC3-1FFA-45E9-9483-C3F1B2B7EF2D.svs.parcel

         32,768  68%   55.65kB/s    0:00:00  
         47,788 100%   81.02kB/s    0:00:00 (xfr#746, to-chk=124/11634)
WSI/dataset/TCGA-ESCA/e5950e4d-9172-4382-9f63-598f396427a3/
WSI/dataset/TCGA-ESCA/e5950e4d-9172-4382-9f63-598f396427a3/TCGA-JY-A6FD-01Z-00-DX1.9AD5430C-5B26-44F0-82FB-005436F5ABE6.svs

         32,768   0%   54.98kB/s    7:33:12  
      2,359,296   0%    1.29MB/s    0:18:52  
    249,167,872  16%   86.50MB/s    0:00:14  
    489,619,456  32%  124.65MB/s    0:00:07  
    709,492,736  47%  142.57MB/s    0:00:05  
    958,922,752  64%  228.23MB/s    0:00:02  
  1,209,827,328  80%  229.21MB/s    0:00:01  
  1,456,504,832  97%  230.70MB/s    0:00:00  
  1,495,162,622 100%  180.22MB/s    0:00:07 (xfr#747, to-chk=123/11634)
WSI/dataset/TCGA-ESCA/e5950e4d-9172-4382-9f63-598f396427a3/logs/
WSI/dataset/TCGA-ESCA/e5950e4d-9172-4382-9f63-598f396427a3/logs/TCGA-JY-A6FD-01Z-00-DX1.9AD5430C-5B26-44F0-82FB-005436F5ABE6.svs.parcel

         32,768  36%  184.97kB/s    0:00:00  
         90,891 100%  510.12kB/s    0:00:00 (xfr#748, to-chk=121/11634)
WSI/dataset/TCGA-ESCA/e60996bc-8552-4650-9e0d-84f8dc54c7a2/
WSI/dataset/TCGA-ESCA/e60996bc-8552-4650-9e0d-84f8dc54c7a2/TCGA-2H-A9GJ-11A-01-TSA.E3BE4956-C940-4E6C-8090-0128435FB799.svs

         32,768   0%  178.77kB/s    0:04:51  
      4,718,592   9%    1.85MB/s    0:00:24  
     52,091,467 100%   18.38MB/s    0:00:02 (xfr#749, to-chk=120/11634)
WSI/dataset/TCGA-ESCA/e60996bc-8552-4650-9e0d-84f8dc54c7a2/logs/
WSI/dataset/TCGA-ESCA/e60996bc-8552-4650-9e0d-84f8dc54c7a2/logs/TCGA-2H-A9GJ-11A-01-TSA.E3BE4956-C940-4E6C-8090-0128435FB799.svs.parcel

          4,696 100%   16.62kB/s    0:00:00  
          4,696 100%   16.62kB/s    0:00:00 (xfr#750, to-chk=118/11634)
WSI/dataset/TCGA-ESCA/e8203cc0-81f4-4889-81fc-c92f0cf8fe93/
WSI/dataset/TCGA-ESCA/e8203cc0-81f4-4889-81fc-c92f0cf8fe93/TCGA-2H-A9GG-11A-01-TS1.47729837-2C3F-4C8D-B8C7-A5A77BBB2425.svs

         32,768   0%  114.29kB/s    0:10:59  
     75,433,107 100%   90.49MB/s    0:00:00 (xfr#751, to-chk=117/11634)
WSI/dataset/TCGA-ESCA/e8203cc0-81f4-4889-81fc-c92f0cf8fe93/logs/
WSI/dataset/TCGA-ESCA/e8203cc0-81f4-4889-81fc-c92f0cf8fe93/logs/TCGA-2H-A9GG-11A-01-TS1.47729837-2C3F-4C8D-B8C7-A5A77BBB2425.svs.parcel

          4,696 100%    5.75kB/s    0:00:00  
          4,696 100%    5.75kB/s    0:00:00 (xfr#752, to-chk=115/11634)
WSI/dataset/TCGA-ESCA/e835ee64-7a7e-49ed-bc9a-05ca9f08f8f2/
WSI/dataset/TCGA-ESCA/e835ee64-7a7e-49ed-bc9a-05ca9f08f8f2/TCGA-LN-A8I0-01Z-00-DX1.E0DEE648-0979-4F35-9D97-E5D894613813.svs

         32,768   0%   39.95kB/s    4:57:56  
     18,644,992   2%   17.78MB/s    0:00:38  
    214,564,864  30%  102.36MB/s    0:00:04  
    430,964,736  60%  137.09MB/s    0:00:02  
    658,243,584  92%  157.02MB/s    0:00:00  
    714,194,911 100%  160.64MB/s    0:00:04 (xfr#753, to-chk=114/11634)
WSI/dataset/TCGA-ESCA/e835ee64-7a7e-49ed-bc9a-05ca9f08f8f2/logs/
WSI/dataset/TCGA-ESCA/e835ee64-7a7e-49ed-bc9a-05ca9f08f8f2/logs/TCGA-LN-A8I0-01Z-00-DX1.E0DEE648-0979-4F35-9D97-E5D894613813.svs.parcel

         32,768  75%  130.08kB/s    0:00:00  
         43,252 100%  171.01kB/s    0:00:00 (xfr#754, to-chk=112/11634)
WSI/dataset/TCGA-ESCA/e96ce8a5-0ae3-4a6b-85e2-3c1e1b36a7a6/
WSI/dataset/TCGA-ESCA/e96ce8a5-0ae3-4a6b-85e2-3c1e1b36a7a6/TCGA-LN-A49L-01Z-00-DX1.AABE0DE6-0AD2-48FA-B65E-70D7B7867FC4.svs

         32,768   0%  128.00kB/s    1:41:21  
      8,257,536   1%    5.26MB/s    0:02:22  
    247,726,080  31%   94.69MB/s    0:00:05  
    483,524,608  62%  131.98MB/s    0:00:02  
    682,360,832  87%  144.80MB/s    0:00:00  
    778,401,550 100%  151.68MB/s    0:00:04 (xfr#755, to-chk=111/11634)
WSI/dataset/TCGA-ESCA/e96ce8a5-0ae3-4a6b-85e2-3c1e1b36a7a6/logs/
WSI/dataset/TCGA-ESCA/e96ce8a5-0ae3-4a6b-85e2-3c1e1b36a7a6/logs/TCGA-LN-A49L-01Z-00-DX1.AABE0DE6-0AD2-48FA-B65E-70D7B7867FC4.svs.parcel

         32,768  68%   79.60kB/s    0:00:00  
         47,851 100%  115.95kB/s    0:00:00 (xfr#756, to-chk=109/11634)
WSI/dataset/TCGA-ESCA/e9d7663c-fd3a-4860-8ff8-da19470679ce/
WSI/dataset/TCGA-ESCA/e9d7663c-fd3a-4860-8ff8-da19470679ce/TCGA-LN-A49N-01A-01-TSA.19FD7E8C-6150-470F-A023-387FDBC81A38.svs

         32,768   0%   78.62kB/s    1:08:49  
      4,718,592   1%    2.79MB/s    0:01:52  
    141,819,904  43%   51.76MB/s    0:00:03  
    276,561,920  85%   73.00MB/s    0:00:00  
    324,709,527 100%   80.41MB/s    0:00:03 (xfr#757, to-chk=108/11634)
WSI/dataset/TCGA-ESCA/e9d7663c-fd3a-4860-8ff8-da19470679ce/logs/
WSI/dataset/TCGA-ESCA/e9d7663c-fd3a-4860-8ff8-da19470679ce/logs/TCGA-LN-A49N-01A-01-TSA.19FD7E8C-6150-470F-A023-387FDBC81A38.svs.parcel

         20,572 100%   83.02kB/s    0:00:00  
         20,572 100%   83.02kB/s    0:00:00 (xfr#758, to-chk=106/11634)
WSI/dataset/TCGA-ESCA/e9fe0386-c847-45e8-aceb-62c72e979693/
WSI/dataset/TCGA-ESCA/e9fe0386-c847-45e8-aceb-62c72e979693/TCGA-JY-A938-01A-01-TS1.36F7040D-DC73-4773-8A5A-65D0ADECDA1E.svs

         32,768   0%  129.55kB/s    0:19:31  
     49,577,984  32%   47.28MB/s    0:00:02  
    151,817,683 100%   98.29MB/s    0:00:01 (xfr#759, to-chk=105/11634)
WSI/dataset/TCGA-ESCA/e9fe0386-c847-45e8-aceb-62c72e979693/logs/
WSI/dataset/TCGA-ESCA/e9fe0386-c847-45e8-aceb-62c72e979693/logs/TCGA-JY-A938-01A-01-TS1.36F7040D-DC73-4773-8A5A-65D0ADECDA1E.svs.parcel

         11,500 100%   23.59kB/s    0:00:00  
         11,500 100%   23.59kB/s    0:00:00 (xfr#760, to-chk=103/11634)
WSI/dataset/TCGA-ESCA/eb8e974c-bc2f-4a78-8116-b987a7ef3cbd/
WSI/dataset/TCGA-ESCA/eb8e974c-bc2f-4a78-8116-b987a7ef3cbd/TCGA-IG-A4P3-01Z-00-DX1.C470B2B7-F55E-4E0C-A7E9-B7146AA9CF0E.svs

         32,768   0%   66.81kB/s    5:11:35  
     52,035,584   4%   49.62MB/s    0:00:23  
    150,601,728  12%   71.85MB/s    0:00:14  
    244,187,136  19%   77.65MB/s    0:00:12  
    380,239,872  30%   90.70MB/s    0:00:09  
    564,527,104  45%  122.25MB/s    0:00:05  
    723,910,656  57%  136.76MB/s    0:00:03  
    893,517,824  71%  154.93MB/s    0:00:02  
  1,035,337,728  82%  156.30MB/s    0:00:01  
  1,214,775,296  97%  155.11MB/s    0:00:00  
  1,249,000,741 100%  129.75MB/s    0:00:09 (xfr#761, to-chk=102/11634)
WSI/dataset/TCGA-ESCA/eb8e974c-bc2f-4a78-8116-b987a7ef3cbd/logs/
WSI/dataset/TCGA-ESCA/eb8e974c-bc2f-4a78-8116-b987a7ef3cbd/logs/TCGA-IG-A4P3-01Z-00-DX1.C470B2B7-F55E-4E0C-A7E9-B7146AA9CF0E.svs.parcel

         32,768  42%  169.31kB/s    0:00:00  
         77,283 100%  397.22kB/s    0:00:00 (xfr#762, to-chk=100/11634)
WSI/dataset/TCGA-ESCA/eca04143-9f92-413b-8e09-81e76193b34e/
WSI/dataset/TCGA-ESCA/eca04143-9f92-413b-8e09-81e76193b34e/TCGA-VR-A8EP-01A-03-TS3.1B134925-01BE-4341-9CAA-1A2E6F2D7353.svs

         32,768   0%  163.27kB/s    0:27:59  
      6,684,672   2%    3.12MB/s    0:01:23  
    162,529,280  59%   50.95MB/s    0:00:02  
    274,193,089 100%   69.88MB/s    0:00:03 (xfr#763, to-chk=99/11634)
WSI/dataset/TCGA-ESCA/eca04143-9f92-413b-8e09-81e76193b34e/logs/
WSI/dataset/TCGA-ESCA/eca04143-9f92-413b-8e09-81e76193b34e/logs/TCGA-VR-A8EP-01A-03-TS3.1B134925-01BE-4341-9CAA-1A2E6F2D7353.svs.parcel

         18,304 100%   25.46kB/s    0:00:00  
         18,304 100%   25.46kB/s    0:00:00 (xfr#764, to-chk=97/11634)
WSI/dataset/TCGA-ESCA/eda1b329-bb9d-4be0-84d3-6a39e9aebe9d/
WSI/dataset/TCGA-ESCA/eda1b329-bb9d-4be0-84d3-6a39e9aebe9d/TCGA-LN-A5U5-01A-02-TSB.809FCA6C-BD5A-4E57-8ECF-1039BB0E24F9.svs

         32,768   0%   45.13kB/s    2:06:34  
      7,733,248   2%    6.37MB/s    0:00:51  
    146,538,496  42%   64.79MB/s    0:00:02  
    289,669,120  84%   87.53MB/s    0:00:00  
    342,811,609 100%   95.93MB/s    0:00:03 (xfr#765, to-chk=96/11634)
WSI/dataset/TCGA-ESCA/eda1b329-bb9d-4be0-84d3-6a39e9aebe9d/logs/
WSI/dataset/TCGA-ESCA/eda1b329-bb9d-4be0-84d3-6a39e9aebe9d/logs/TCGA-LN-A5U5-01A-02-TSB.809FCA6C-BD5A-4E57-8ECF-1039BB0E24F9.svs.parcel

         22,840 100%   88.16kB/s    0:00:00  
         22,840 100%   88.16kB/s    0:00:00 (xfr#766, to-chk=94/11634)
WSI/dataset/TCGA-ESCA/edf8d563-1e00-4d59-aae9-258aae7d6f23/
WSI/dataset/TCGA-ESCA/edf8d563-1e00-4d59-aae9-258aae7d6f23/TCGA-X8-AAAR-01A-01-TSA.9305336E-E2EF-45C7-B8CE-8F3F848C88E7.svs

         32,768   0%  124.03kB/s    0:46:12  
     31,850,496   9%   30.38MB/s    0:00:10  
    206,864,384  60%   98.69MB/s    0:00:01  
    343,900,105 100%  123.34MB/s    0:00:02 (xfr#767, to-chk=93/11634)
WSI/dataset/TCGA-ESCA/edf8d563-1e00-4d59-aae9-258aae7d6f23/logs/
WSI/dataset/TCGA-ESCA/edf8d563-1e00-4d59-aae9-258aae7d6f23/logs/TCGA-X8-AAAR-01A-01-TSA.9305336E-E2EF-45C7-B8CE-8F3F848C88E7.svs.parcel

         22,840 100%   33.59kB/s    0:00:00  
         22,840 100%   33.59kB/s    0:00:00 (xfr#768, to-chk=91/11634)
WSI/dataset/TCGA-ESCA/eeab1331-c986-4ff1-83a5-bc7d00a3d252/
WSI/dataset/TCGA-ESCA/eeab1331-c986-4ff1-83a5-bc7d00a3d252/TCGA-Z6-A8JE-01Z-00-DX1.A8C43EAD-0CDD-4803-8348-6E7B158C85C5.svs

         32,768   0%   47.98kB/s    4:54:59  
     11,927,552   1%   10.57MB/s    0:01:17  
    207,355,904  24%   95.30MB/s    0:00:06  
    416,022,528  48%  129.02MB/s    0:00:03  
    626,753,536  73%  146.72MB/s    0:00:01  
    836,272,128  98%  196.69MB/s    0:00:00  
    849,190,933 100%  157.87MB/s    0:00:05 (xfr#769, to-chk=90/11634)
WSI/dataset/TCGA-ESCA/eeab1331-c986-4ff1-83a5-bc7d00a3d252/logs/
WSI/dataset/TCGA-ESCA/eeab1331-c986-4ff1-83a5-bc7d00a3d252/logs/TCGA-Z6-A8JE-01Z-00-DX1.A8C43EAD-0CDD-4803-8348-6E7B158C85C5.svs.parcel

         32,768  62%  516.13kB/s    0:00:00  
         52,324 100%  824.16kB/s    0:00:00 (xfr#770, to-chk=88/11634)
WSI/dataset/TCGA-ESCA/ef4aa9f2-d4d7-4251-81e0-071617103fd2/
WSI/dataset/TCGA-ESCA/ef4aa9f2-d4d7-4251-81e0-071617103fd2/TCGA-JY-A93D-01A-01-TS1.4D97BD97-0605-4E04-835F-4D32AB8E109E.svs

         32,768   0%  477.61kB/s    0:09:09  
      9,175,040   3%    6.76MB/s    0:00:36  
    162,562,048  61%   67.58MB/s    0:00:01  
    262,529,593 100%   88.13MB/s    0:00:02 (xfr#771, to-chk=87/11634)
WSI/dataset/TCGA-ESCA/ef4aa9f2-d4d7-4251-81e0-071617103fd2/logs/
WSI/dataset/TCGA-ESCA/ef4aa9f2-d4d7-4251-81e0-071617103fd2/logs/TCGA-JY-A93D-01A-01-TS1.4D97BD97-0605-4E04-835F-4D32AB8E109E.svs.parcel

         16,036 100%   28.52kB/s    0:00:00  
         16,036 100%   28.52kB/s    0:00:00 (xfr#772, to-chk=85/11634)
WSI/dataset/TCGA-ESCA/efeda2e6-14ec-449f-9963-c39006a990bd/
WSI/dataset/TCGA-ESCA/efeda2e6-14ec-449f-9963-c39006a990bd/TCGA-LN-A4A1-01A-02-TSB.6A09A6CF-25E4-4E69-AF3E-96D316F16390.svs

         32,768   0%   57.87kB/s    0:22:30  
     13,893,632  17%   13.25MB/s    0:00:04  
     78,186,881 100%   49.68MB/s    0:00:01 (xfr#773, to-chk=84/11634)
WSI/dataset/TCGA-ESCA/efeda2e6-14ec-449f-9963-c39006a990bd/logs/
WSI/dataset/TCGA-ESCA/efeda2e6-14ec-449f-9963-c39006a990bd/logs/TCGA-LN-A4A1-01A-02-TSB.6A09A6CF-25E4-4E69-AF3E-96D316F16390.svs.parcel

          6,964 100%   13.44kB/s    0:00:00  
          6,964 100%   13.44kB/s    0:00:00 (xfr#774, to-chk=82/11634)
WSI/dataset/TCGA-ESCA/f0609b76-0848-429b-bd68-2aab86da193c/
WSI/dataset/TCGA-ESCA/f0609b76-0848-429b-bd68-2aab86da193c/TCGA-IG-A51D-01Z-00-DX1.46951C8F-2583-4511-8A6E-E815F5EED0BC.svs

         32,768   0%   62.62kB/s    5:50:06  
     77,987,840   5%   74.38MB/s    0:00:16  
    270,270,464  20%  128.88MB/s    0:00:07  
    461,864,960  35%  146.87MB/s    0:00:05  
    640,811,008  48%  152.86MB/s    0:00:04  
    832,700,416  63%  180.07MB/s    0:00:02  
  1,030,750,208  78%  178.11MB/s    0:00:01  
  1,222,737,920  92%  178.20MB/s    0:00:00  
  1,315,495,157 100%  167.65MB/s    0:00:07 (xfr#775, to-chk=81/11634)
WSI/dataset/TCGA-ESCA/f0609b76-0848-429b-bd68-2aab86da193c/logs/
WSI/dataset/TCGA-ESCA/f0609b76-0848-429b-bd68-2aab86da193c/logs/TCGA-IG-A51D-01Z-00-DX1.46951C8F-2583-4511-8A6E-E815F5EED0BC.svs.parcel

         32,768  41%   76.92kB/s    0:00:00  
         79,551 100%  186.30kB/s    0:00:00 (xfr#776, to-chk=79/11634)
WSI/dataset/TCGA-ESCA/f0b16cf1-ad66-4aa3-a8cd-b8f68d7a41f7/
WSI/dataset/TCGA-ESCA/f0b16cf1-ad66-4aa3-a8cd-b8f68d7a41f7/TCGA-L5-A88W-01A-01-TS1.EEA31AA8-60A8-43C9-9C15-7F0C7D4118CE.svs

         32,768   0%   75.83kB/s    1:36:14  
     10,616,832   2%    4.23MB/s    0:01:38  
    135,135,232  30%   37.97MB/s    0:00:07  
    281,673,728  64%   61.15MB/s    0:00:02  
    419,987,456  95%   74.23MB/s    0:00:00  
    437,901,047 100%   75.81MB/s    0:00:05 (xfr#777, to-chk=78/11634)
WSI/dataset/TCGA-ESCA/f0b16cf1-ad66-4aa3-a8cd-b8f68d7a41f7/logs/
WSI/dataset/TCGA-ESCA/f0b16cf1-ad66-4aa3-a8cd-b8f68d7a41f7/logs/TCGA-L5-A88W-01A-01-TS1.EEA31AA8-60A8-43C9-9C15-7F0C7D4118CE.svs.parcel

         27,376 100%  230.47kB/s    0:00:00  
         27,376 100%  230.47kB/s    0:00:00 (xfr#778, to-chk=76/11634)
WSI/dataset/TCGA-ESCA/f171e4c4-e4b2-4f13-9550-5bab317c838b/
WSI/dataset/TCGA-ESCA/f171e4c4-e4b2-4f13-9550-5bab317c838b/TCGA-R6-A6DN-01Z-00-DX1.F0F21659-8F9E-415A-A0A8-8EB27FF6D312.svs

         32,768   0%  266.67kB/s    0:32:24  
     43,778,048   8%   41.75MB/s    0:00:11  
    208,273,408  40%   99.36MB/s    0:00:03  
    313,131,008  60%   99.61MB/s    0:00:02  
    418,250,752  80%   99.79MB/s    0:00:00  
    518,640,195 100%   99.64MB/s    0:00:04 (xfr#779, to-chk=75/11634)
WSI/dataset/TCGA-ESCA/f171e4c4-e4b2-4f13-9550-5bab317c838b/logs/
WSI/dataset/TCGA-ESCA/f171e4c4-e4b2-4f13-9550-5bab317c838b/logs/TCGA-R6-A6DN-01Z-00-DX1.F0F21659-8F9E-415A-A0A8-8EB27FF6D312.svs.parcel

         31,912 100%   32.09kB/s    0:00:00  
         31,912 100%   32.09kB/s    0:00:00 (xfr#780, to-chk=73/11634)
WSI/dataset/TCGA-ESCA/f1bfd7f3-f072-4994-996a-e8c6637500f0/
WSI/dataset/TCGA-ESCA/f1bfd7f3-f072-4994-996a-e8c6637500f0/TCGA-L5-A88W-11A-01-TS1.F542A9A6-98F7-44A1-81B6-44FB60FDAD42.svs

         32,768   0%   32.79kB/s    0:36:09  
      2,228,224   3%    2.12MB/s    0:00:31  
     33,292,288  46%   15.88MB/s    0:00:02  
     71,156,239 100%   30.35MB/s    0:00:02 (xfr#781, to-chk=72/11634)
WSI/dataset/TCGA-ESCA/f1bfd7f3-f072-4994-996a-e8c6637500f0/logs/
WSI/dataset/TCGA-ESCA/f1bfd7f3-f072-4994-996a-e8c6637500f0/logs/TCGA-L5-A88W-11A-01-TS1.F542A9A6-98F7-44A1-81B6-44FB60FDAD42.svs.parcel

          4,696 100%   18.95kB/s    0:00:00  
          4,696 100%   18.95kB/s    0:00:00 (xfr#782, to-chk=70/11634)
WSI/dataset/TCGA-ESCA/f1db4bbf-bdc3-422c-a938-9d46675716a0/
WSI/dataset/TCGA-ESCA/f1db4bbf-bdc3-422c-a938-9d46675716a0/TCGA-LN-A4A2-01Z-00-DX1.41B9C9F4-C350-4FDF-A894-F23DDD6D3898.svs

         32,768   0%  128.51kB/s    1:57:29  
    115,736,576  12%  110.38MB/s    0:00:06  
    315,228,160  34%  144.53MB/s    0:00:03  
    528,449,536  58%  163.68MB/s    0:00:02  
    732,037,120  80%  171.19MB/s    0:00:00  
    906,033,200 100%  171.58MB/s    0:00:05 (xfr#783, to-chk=69/11634)
WSI/dataset/TCGA-ESCA/f1db4bbf-bdc3-422c-a938-9d46675716a0/logs/
WSI/dataset/TCGA-ESCA/f1db4bbf-bdc3-422c-a938-9d46675716a0/logs/TCGA-LN-A4A2-01Z-00-DX1.41B9C9F4-C350-4FDF-A894-F23DDD6D3898.svs.parcel

         32,768  57%   33.26kB/s    0:00:00  
         56,860 100%   57.66kB/s    0:00:00 (xfr#784, to-chk=67/11634)
WSI/dataset/TCGA-ESCA/f423fc22-7289-4aad-b611-bb7070c6d17c/
WSI/dataset/TCGA-ESCA/f423fc22-7289-4aad-b611-bb7070c6d17c/TCGA-V5-A7RB-01Z-00-DX1.44386D51-0042-43AB-A5F6-C2674B6A01D0.svs

         32,768   0%   32.99kB/s    1:01:39  
      2,097,152   1%    2.00MB/s    0:00:58  
      5,898,240   4%    2.36MB/s    0:00:48  
    102,498,304  83%   28.88MB/s    0:00:00  
    122,077,720 100%   32.87MB/s    0:00:03 (xfr#785, to-chk=66/11634)
WSI/dataset/TCGA-ESCA/f423fc22-7289-4aad-b611-bb7070c6d17c/logs/
WSI/dataset/TCGA-ESCA/f423fc22-7289-4aad-b611-bb7070c6d17c/logs/TCGA-V5-A7RB-01Z-00-DX1.44386D51-0042-43AB-A5F6-C2674B6A01D0.svs.parcel

          9,232 100%   57.06kB/s    0:00:00  
          9,232 100%   57.06kB/s    0:00:00 (xfr#786, to-chk=64/11634)
WSI/dataset/TCGA-ESCA/f433f38a-53b2-49b1-814d-f4050d36c1c7/
WSI/dataset/TCGA-ESCA/f433f38a-53b2-49b1-814d-f4050d36c1c7/TCGA-IC-A6RE-11A-01-TS1.A41475CC-31FA-46D4-B94F-180C34333FA4.svs

         32,768   0%  198.76kB/s    0:06:30  
     77,629,629 100%   92.89MB/s    0:00:00 (xfr#787, to-chk=63/11634)
WSI/dataset/TCGA-ESCA/f433f38a-53b2-49b1-814d-f4050d36c1c7/logs/
WSI/dataset/TCGA-ESCA/f433f38a-53b2-49b1-814d-f4050d36c1c7/logs/TCGA-IC-A6RE-11A-01-TS1.A41475CC-31FA-46D4-B94F-180C34333FA4.svs.parcel

          6,964 100%    8.51kB/s    0:00:00  
          6,964 100%    8.51kB/s    0:00:00 (xfr#788, to-chk=61/11634)
WSI/dataset/TCGA-ESCA/f576c611-1bc6-42ab-b7d3-4f101f93d6c8/
WSI/dataset/TCGA-ESCA/f576c611-1bc6-42ab-b7d3-4f101f93d6c8/TCGA-M9-A5M8-01A-01-TS1.55870676-16FF-4117-AF98-DF5150D6F70B.svs

         32,768   0%   39.90kB/s    2:24:02  
     13,107,200   3%   12.50MB/s    0:00:25  
    175,112,192  50%   83.54MB/s    0:00:01  
    344,878,855 100%  109.74MB/s    0:00:02 (xfr#789, to-chk=60/11634)
WSI/dataset/TCGA-ESCA/f576c611-1bc6-42ab-b7d3-4f101f93d6c8/logs/
WSI/dataset/TCGA-ESCA/f576c611-1bc6-42ab-b7d3-4f101f93d6c8/logs/TCGA-M9-A5M8-01A-01-TS1.55870676-16FF-4117-AF98-DF5150D6F70B.svs.parcel

         22,840 100%   22.28kB/s    0:00:00  
         22,840 100%   22.28kB/s    0:00:01 (xfr#790, to-chk=58/11634)
WSI/dataset/TCGA-ESCA/f5975882-2ee6-4dd0-9259-460e77ff6b3f/
WSI/dataset/TCGA-ESCA/f5975882-2ee6-4dd0-9259-460e77ff6b3f/TCGA-2H-A9GO-01A-01-TS1.385D04F1-0E70-4145-A482-D54F6BC70976.svs

         32,768   0%   31.81kB/s    2:23:14  
         65,536   0%   63.62kB/s    1:11:36  
     59,768,832  21%   28.41MB/s    0:00:07  
    196,345,856  71%   62.29MB/s    0:00:01  
    273,405,697 100%   72.98MB/s    0:00:03 (xfr#791, to-chk=57/11634)
WSI/dataset/TCGA-ESCA/f5975882-2ee6-4dd0-9259-460e77ff6b3f/logs/
WSI/dataset/TCGA-ESCA/f5975882-2ee6-4dd0-9259-460e77ff6b3f/logs/TCGA-2H-A9GO-01A-01-TS1.385D04F1-0E70-4145-A482-D54F6BC70976.svs.parcel

         18,304 100%   31.41kB/s    0:00:00  
         18,304 100%   31.41kB/s    0:00:00 (xfr#792, to-chk=55/11634)
WSI/dataset/TCGA-ESCA/f6fdf650-3254-439e-865d-729fa42c765d/
WSI/dataset/TCGA-ESCA/f6fdf650-3254-439e-865d-729fa42c765d/TCGA-IG-A4QS-01Z-00-DX1.4B51BDD5-31F8-48E4-BF1D-A2C66A1B11C3.svs

         32,768   0%   55.85kB/s    9:54:56  
     13,762,560   0%   12.84MB/s    0:02:30  
    211,025,920  10%   99.58MB/s    0:00:17  
    444,203,008  22%  140.27MB/s    0:00:10  
    670,433,280  33%  159.05MB/s    0:00:08  
    894,173,184  44%  210.01MB/s    0:00:05  
  1,073,348,608  53%  205.70MB/s    0:00:04  
  1,272,184,832  63%  197.51MB/s    0:00:03  
  1,464,860,672  73%  189.50MB/s    0:00:02  
  1,643,937,792  82%  178.89MB/s    0:00:01  
  1,822,949,376  91%  178.81MB/s    0:00:00  
  1,993,576,771 100%  177.78MB/s    0:00:10 (xfr#793, to-chk=54/11634)
WSI/dataset/TCGA-ESCA/f6fdf650-3254-439e-865d-729fa42c765d/logs/
WSI/dataset/TCGA-ESCA/f6fdf650-3254-439e-865d-729fa42c765d/logs/TCGA-IG-A4QS-01Z-00-DX1.4B51BDD5-31F8-48E4-BF1D-A2C66A1B11C3.svs.parcel

         32,768  27%   46.92kB/s    0:00:01  
        120,375 100%  172.11kB/s    0:00:00 (xfr#794, to-chk=52/11634)
WSI/dataset/TCGA-ESCA/f9147f06-2902-4a64-b293-5dbf9217c668/
WSI/dataset/TCGA-ESCA/f9147f06-2902-4a64-b293-5dbf9217c668/TCGA-V5-A7RE-11A-01-TS1.57401526-EF9E-49AC-8FF6-B4F9652311CE.svs

         32,768   0%   46.51kB/s    0:05:31  
      4,194,304  27% 1016.88kB/s    0:00:11  
     15,458,019 100%    3.59MB/s    0:00:04 (xfr#795, to-chk=51/11634)
WSI/dataset/TCGA-ESCA/f9147f06-2902-4a64-b293-5dbf9217c668/annotations.txt

            777 100%    9.37kB/s    0:00:00  
            777 100%    9.37kB/s    0:00:00 (xfr#796, to-chk=50/11634)
WSI/dataset/TCGA-ESCA/f9147f06-2902-4a64-b293-5dbf9217c668/logs/
WSI/dataset/TCGA-ESCA/f9147f06-2902-4a64-b293-5dbf9217c668/logs/TCGA-V5-A7RE-11A-01-TS1.57401526-EF9E-49AC-8FF6-B4F9652311CE.svs.parcel

          2,428 100%   28.23kB/s    0:00:00  
          2,428 100%   28.23kB/s    0:00:00 (xfr#797, to-chk=48/11634)
WSI/dataset/TCGA-ESCA/f91cce39-0599-4f8a-a96b-df7cae708a34/
WSI/dataset/TCGA-ESCA/f91cce39-0599-4f8a-a96b-df7cae708a34/TCGA-2H-A9GO-01Z-00-DX1.A3AEE5BB-3825-49B4-8F7B-B2CB9015515A.svs

         32,768   0%  363.64kB/s    2:01:18  
    119,799,808   4%  114.25MB/s    0:00:21  
    244,842,496   9%  114.97MB/s    0:00:20  
    393,510,912  14%  123.86MB/s    0:00:17  
    562,167,808  21%  133.07MB/s    0:00:15  
    733,347,840  27%  145.23MB/s    0:00:12  
    919,339,008  34%  160.93MB/s    0:00:10  
  1,142,947,840  43%  178.77MB/s    0:00:08  
  1,333,919,744  50%  183.13MB/s    0:00:07  
  1,547,206,656  58%  193.07MB/s    0:00:05  
  1,760,821,248  66%  199.63MB/s    0:00:04  
  1,975,779,328  74%  197.62MB/s    0:00:03  
  2,198,110,208  83%  206.19MB/s    0:00:02  
  2,411,495,424  91%  206.22MB/s    0:00:01  
  2,602,172,416  98%  200.74MB/s    0:00:00  
  2,646,810,263 100%  177.55MB/s    0:00:14 (xfr#798, to-chk=47/11634)
WSI/dataset/TCGA-ESCA/f91cce39-0599-4f8a-a96b-df7cae708a34/logs/
WSI/dataset/TCGA-ESCA/f91cce39-0599-4f8a-a96b-df7cae708a34/logs/TCGA-2H-A9GO-01Z-00-DX1.A3AEE5BB-3825-49B4-8F7B-B2CB9015515A.svs.parcel

         32,768  20%  180.79kB/s    0:00:00  
        163,144 100%  890.06kB/s    0:00:00 (xfr#799, to-chk=45/11634)
WSI/dataset/TCGA-ESCA/f9bbdada-b2ee-4358-81b8-053178c6f640/
WSI/dataset/TCGA-ESCA/f9bbdada-b2ee-4358-81b8-053178c6f640/TCGA-L5-A4OE-01A-01-TSA.5F1F1738-C184-4B06-93D4-61B8061E473F.svs

         32,768   0%  174.86kB/s    0:11:44  
      6,291,456   5%    1.56MB/s    0:01:13  
    123,138,147 100%   25.06MB/s    0:00:04 (xfr#800, to-chk=44/11634)
WSI/dataset/TCGA-ESCA/f9bbdada-b2ee-4358-81b8-053178c6f640/logs/
WSI/dataset/TCGA-ESCA/f9bbdada-b2ee-4358-81b8-053178c6f640/logs/TCGA-L5-A4OE-01A-01-TSA.5F1F1738-C184-4B06-93D4-61B8061E473F.svs.parcel

          9,232 100%   10.72kB/s    0:00:00  
          9,232 100%   10.72kB/s    0:00:00 (xfr#801, to-chk=42/11634)
WSI/dataset/TCGA-ESCA/f9d5a1b3-0f93-4987-a16e-9351618e2ccb/
WSI/dataset/TCGA-ESCA/f9d5a1b3-0f93-4987-a16e-9351618e2ccb/TCGA-L5-A4OI-01A-01-TS1.B0CA3403-DF44-4FAE-A0CC-DF08D06725AF.svs

         32,768   0%   37.91kB/s    2:27:34  
      6,422,528   1%    5.95MB/s    0:00:54  
    138,543,104  41%   65.12MB/s    0:00:02  
    270,270,464  80%   85.09MB/s    0:00:00  
    335,763,725 100%   92.87MB/s    0:00:03 (xfr#802, to-chk=41/11634)
WSI/dataset/TCGA-ESCA/f9d5a1b3-0f93-4987-a16e-9351618e2ccb/logs/
WSI/dataset/TCGA-ESCA/f9d5a1b3-0f93-4987-a16e-9351618e2ccb/logs/TCGA-L5-A4OI-01A-01-TS1.B0CA3403-DF44-4FAE-A0CC-DF08D06725AF.svs.parcel

         20,572 100%   47.61kB/s    0:00:00  
         20,572 100%   47.61kB/s    0:00:00 (xfr#803, to-chk=39/11634)
WSI/dataset/TCGA-ESCA/fa423194-f9f0-4417-899f-1576b78e9a5f/
WSI/dataset/TCGA-ESCA/fa423194-f9f0-4417-899f-1576b78e9a5f/TCGA-XP-A8T6-01Z-00-DX1.DCDFC952-BDFE-45AB-A50A-FC1F649E0B5E.svs

         32,768   0%   75.29kB/s   10:25:31  
     31,457,280   1%   30.00MB/s    0:01:30  
    265,682,944   9%  126.75MB/s    0:00:19  
    515,637,248  18%  164.03MB/s    0:00:13  
    724,041,728  25%  172.75MB/s    0:00:11  
    955,383,808  33%  220.45MB/s    0:00:08  
  1,167,851,520  41%  215.26MB/s    0:00:07  
  1,388,969,984  49%  208.32MB/s    0:00:06  
  1,601,175,552  56%  209.23MB/s    0:00:05  
  1,817,182,208  64%  205.57MB/s    0:00:04  
  2,019,033,088  71%  203.04MB/s    0:00:03  
  2,172,125,184  76%  186.86MB/s    0:00:03  
  2,330,722,304  82%  174.07MB/s    0:00:02  
  2,539,388,928  89%  172.32MB/s    0:00:01  
  2,776,367,104  98%  180.70MB/s    0:00:00  
  2,825,922,393 100%  189.63MB/s    0:00:14 (xfr#804, to-chk=38/11634)
WSI/dataset/TCGA-ESCA/fa423194-f9f0-4417-899f-1576b78e9a5f/logs/
WSI/dataset/TCGA-ESCA/fa423194-f9f0-4417-899f-1576b78e9a5f/logs/TCGA-XP-A8T6-01Z-00-DX1.DCDFC952-BDFE-45AB-A50A-FC1F649E0B5E.svs.parcel

         32,768  18%  141.59kB/s    0:00:00  
        173,010 100%  741.03kB/s    0:00:00 (xfr#805, to-chk=36/11634)
WSI/dataset/TCGA-ESCA/fb0e7588-92e5-4a5d-b85f-a56d5df5d376/
WSI/dataset/TCGA-ESCA/fb0e7588-92e5-4a5d-b85f-a56d5df5d376/TCGA-LN-A49X-01Z-00-DX1.16959B16-CA82-4D8A-BD15-E87FC0095F86.svs

         32,768   0%  136.75kB/s    1:38:14  
     15,335,424   1%    3.54MB/s    0:03:38  
    185,630,720  23%   34.49MB/s    0:00:17  
    396,132,352  49%   61.61MB/s    0:00:06  
    637,534,208  79%   85.26MB/s    0:00:01  
    806,124,314 100%   96.54MB/s    0:00:07 (xfr#806, to-chk=35/11634)
WSI/dataset/TCGA-ESCA/fb0e7588-92e5-4a5d-b85f-a56d5df5d376/logs/
WSI/dataset/TCGA-ESCA/fb0e7588-92e5-4a5d-b85f-a56d5df5d376/logs/TCGA-LN-A49X-01Z-00-DX1.16959B16-CA82-4D8A-BD15-E87FC0095F86.svs.parcel

         32,768  65%   38.32kB/s    0:00:00  
         50,056 100%   58.54kB/s    0:00:00 (xfr#807, to-chk=33/11634)
WSI/dataset/TCGA-ESCA/fb2e6668-1686-4334-a22f-1ffb1533c39e/
WSI/dataset/TCGA-ESCA/fb2e6668-1686-4334-a22f-1ffb1533c39e/TCGA-LN-A7HW-01A-02-TSB.D3DEFCB5-A054-45D3-914B-0F1EAA7219DA.svs

         32,768   0%   38.00kB/s    2:22:05  
      7,077,888   2%    3.41MB/s    0:01:30  
    145,883,136  45%   46.72MB/s    0:00:03  
    313,524,224  96%   75.18MB/s    0:00:00  
    324,037,115 100%   76.83MB/s    0:00:04 (xfr#808, to-chk=32/11634)
WSI/dataset/TCGA-ESCA/fb2e6668-1686-4334-a22f-1ffb1533c39e/logs/
WSI/dataset/TCGA-ESCA/fb2e6668-1686-4334-a22f-1ffb1533c39e/logs/TCGA-LN-A7HW-01A-02-TSB.D3DEFCB5-A054-45D3-914B-0F1EAA7219DA.svs.parcel

         20,572 100%  418.54kB/s    0:00:00  
         20,572 100%  418.54kB/s    0:00:00 (xfr#809, to-chk=30/11634)
WSI/dataset/TCGA-ESCA/fb590792-2086-467a-a42d-c9d7cea461be/
WSI/dataset/TCGA-ESCA/fb590792-2086-467a-a42d-c9d7cea461be/TCGA-LN-A9FR-01Z-00-DX1.48C8807A-3EE8-4863-9A73-BA53047621B8.svs

         32,768   0%  627.45kB/s    0:21:09  
    102,105,088  12%   97.38MB/s    0:00:06  
    322,437,120  40%  153.83MB/s    0:00:03  
    568,066,048  71%  180.70MB/s    0:00:01  
    791,773,184  99%  188.92MB/s    0:00:00  
    796,446,837 100%  189.13MB/s    0:00:04 (xfr#810, to-chk=29/11634)
WSI/dataset/TCGA-ESCA/fb590792-2086-467a-a42d-c9d7cea461be/logs/
WSI/dataset/TCGA-ESCA/fb590792-2086-467a-a42d-c9d7cea461be/logs/TCGA-LN-A9FR-01Z-00-DX1.48C8807A-3EE8-4863-9A73-BA53047621B8.svs.parcel

         32,768  65%    1.25MB/s    0:00:00  
         50,056 100%    1.84MB/s    0:00:00 (xfr#811, to-chk=27/11634)
WSI/dataset/TCGA-ESCA/fddc1afe-6c12-4df2-b7c6-78e3f3e0a99b/
WSI/dataset/TCGA-ESCA/fddc1afe-6c12-4df2-b7c6-78e3f3e0a99b/TCGA-JY-A93E-01A-01-TS1.8FF98FFD-C78F-4617-9BC0-57E89FB2CBA7.svs

         32,768   0%    1.04MB/s    0:01:49  
      6,160,384   5%    4.82MB/s    0:00:22  
    116,534,523 100%   61.57MB/s    0:00:01 (xfr#812, to-chk=26/11634)
WSI/dataset/TCGA-ESCA/fddc1afe-6c12-4df2-b7c6-78e3f3e0a99b/logs/
WSI/dataset/TCGA-ESCA/fddc1afe-6c12-4df2-b7c6-78e3f3e0a99b/logs/TCGA-JY-A93E-01A-01-TS1.8FF98FFD-C78F-4617-9BC0-57E89FB2CBA7.svs.parcel

          9,232 100%   15.39kB/s    0:00:00  
          9,232 100%   15.39kB/s    0:00:00 (xfr#813, to-chk=24/11634)
WSI/dataset/TCGA-ESCA/fdf653e7-ac75-4416-881a-d14a039b0c66/
WSI/dataset/TCGA-ESCA/fdf653e7-ac75-4416-881a-d14a039b0c66/TCGA-JY-A6FD-01A-01-TS1.C6B82849-AEE9-4725-8067-3113FC28AC83.svs

         32,768   0%   54.33kB/s    1:21:15  
     39,190,528  14%   37.38MB/s    0:00:05  
    211,419,136  79%  100.86MB/s    0:00:00  
    264,907,011 100%  113.49MB/s    0:00:02 (xfr#814, to-chk=23/11634)
WSI/dataset/TCGA-ESCA/fdf653e7-ac75-4416-881a-d14a039b0c66/logs/
WSI/dataset/TCGA-ESCA/fdf653e7-ac75-4416-881a-d14a039b0c66/logs/TCGA-JY-A6FD-01A-01-TS1.C6B82849-AEE9-4725-8067-3113FC28AC83.svs.parcel

         18,304 100%   78.06kB/s    0:00:00  
         18,304 100%   78.06kB/s    0:00:00 (xfr#815, to-chk=21/11634)
WSI/dataset/TCGA-ESCA/fe4d39ef-9852-41c6-b22b-6197b18c3012/
WSI/dataset/TCGA-ESCA/fe4d39ef-9852-41c6-b22b-6197b18c3012/TCGA-IG-A6QS-01Z-00-DX1.F8F804CA-97FA-4941-BB0A-1E651424E009.svs

         32,768   0%  137.34kB/s    1:31:57  
     63,569,920   8%   60.62MB/s    0:00:11  
    240,123,904  31%  114.56MB/s    0:00:04  
    396,099,584  52%  125.50MB/s    0:00:02  
    562,036,736  74%  133.70MB/s    0:00:01  
    744,259,584  98%  161.92MB/s    0:00:00  
    757,816,647 100%  142.38MB/s    0:00:05 (xfr#816, to-chk=20/11634)
WSI/dataset/TCGA-ESCA/fe4d39ef-9852-41c6-b22b-6197b18c3012/logs/
WSI/dataset/TCGA-ESCA/fe4d39ef-9852-41c6-b22b-6197b18c3012/logs/TCGA-IG-A6QS-01Z-00-DX1.F8F804CA-97FA-4941-BB0A-1E651424E009.svs.parcel

         32,768  68%  444.44kB/s    0:00:00  
         47,788 100%  648.17kB/s    0:00:00 (xfr#817, to-chk=18/11634)
WSI/dataset/TCGA-ESCA/fe591d10-ba9b-4a2b-82c8-19da58dfa959/
WSI/dataset/TCGA-ESCA/fe591d10-ba9b-4a2b-82c8-19da58dfa959/TCGA-VR-A8EX-01Z-00-DX1.66139610-382F-4E5E-8B27-4532DC866BA8.svs

         32,768   0%  410.26kB/s    0:31:37  
     11,534,336   1%    8.87MB/s    0:01:24  
    179,863,552  23%   76.58MB/s    0:00:07  
    341,606,400  43%  100.58MB/s    0:00:04  
    511,836,160  65%  115.18MB/s    0:00:02  
    670,302,208  86%  157.14MB/s    0:00:00  
    778,421,447 100%  127.47MB/s    0:00:05 (xfr#818, to-chk=17/11634)
WSI/dataset/TCGA-ESCA/fe591d10-ba9b-4a2b-82c8-19da58dfa959/logs/
WSI/dataset/TCGA-ESCA/fe591d10-ba9b-4a2b-82c8-19da58dfa959/logs/TCGA-VR-A8EX-01Z-00-DX1.66139610-382F-4E5E-8B27-4532DC866BA8.svs.parcel

         32,768  68%   53.69kB/s    0:00:00  
         47,788 100%   78.17kB/s    0:00:00 (xfr#819, to-chk=15/11634)
WSI/gdc-tool/
WSI/gdc-tool/gdc-client_2.3_Ubuntu_x64-py3.8-ubuntu-20.04.zip

         32,768   0%   52.98kB/s    0:06:54  
      2,359,296  10%    1.28MB/s    0:00:15  
     21,987,739 100%   11.43MB/s    0:00:01 (xfr#820, to-chk=14/11634)
WSI/gdc-tool/gdc-setup/
WSI/gdc-tool/gdc-setup/force_ipv4.c

            892 100%   11.46kB/s    0:00:00  
            892 100%   11.46kB/s    0:00:00 (xfr#821, to-chk=11/11634)
WSI/gdc-tool/gdc-setup/force_ipv4.so

         15,400 100%  187.99kB/s    0:00:00  
         15,400 100%  187.99kB/s    0:00:00 (xfr#822, to-chk=10/11634)
WSI/gdc-tool/gdc-setup/gdc-client

         32,768   0%  372.09kB/s    0:00:59  
     22,168,960 100%   98.33MB/s    0:00:00 (xfr#823, to-chk=9/11634)
WSI/gdc-tool/gdc-setup/gdc-client.orig

         32,768   0%  145.45kB/s    0:02:32  
     22,168,960 100%   62.92MB/s    0:00:00 (xfr#824, to-chk=8/11634)
WSI/gdc-tool/gdc-setup/gdc-client_2.3_Ubuntu_x64.zip

         32,768   0%   94.40kB/s    0:03:54  
     22,169,078 100%   35.53MB/s    0:00:00 (xfr#825, to-chk=7/11634)
WSI/gdc-tool/gdc-work/
WSI/gdc-tool/gdc-work/data/
WSI/gdc-tool/gdc-work/manifests/
WSI/gdc-tool/gdc-work/manifests/gdc_manifest.txt

         32,768   3%   53.07kB/s    0:00:19  
      1,081,171 100%    1.66MB/s    0:00:00 (xfr#826, to-chk=4/11634)
WSI/gdc-tool/gdc-work/manifests/gdc_manifest_BLCA.txt

         32,768  22%   50.79kB/s    0:00:02  
        142,956 100%  221.60kB/s    0:00:00 (xfr#827, to-chk=3/11634)
WSI/gdc-tool/gdc-work/manifests/gdc_manifest_BRCA.txt

         32,768   6%   50.39kB/s    0:00:08  
        479,411 100%  734.97kB/s    0:00:00 (xfr#828, to-chk=2/11634)
WSI/gdc-tool/gdc-work/manifests/gdc_manifest_LUAD.txt

         32,768  13%   49.92kB/s    0:00:04  
        247,388 100%  376.90kB/s    0:00:00 (xfr#829, to-chk=1/11634)
WSI/gdc-tool/gdc-work/manifests/gdc_manifest_UCEC.txt

         32,768  15%   49.69kB/s    0:00:03  
        211,497 100%  320.71kB/s    0:00:00 (xfr#830, to-chk=0/11634)

sent 200,633,152,706 bytes  received 41,936 bytes  118,402,593.47 bytes/sec
total size is 255,592,570,941  speedup is 1.27
